Date,City,State,Temperature_Max (°C),Temperature_Min (°C),Temperature_Avg (°C),Humidity (%),Rainfall (mm),Wind_Speed (km/h),AQI,AQI_Category,Pressure (hPa),Cloud_Cover (%)
2024-01-01,Mumbai,Maharashtra,29.5,20.2,24.8,46.6,0.0,9.0,157,Moderate,1021.2,21.0
2024-01-02,Mumbai,Maharashtra,30.5,19.2,24.8,35.7,0.0,9.4,229,Poor,1023.4,25.8
2024-01-03,Mumbai,Maharashtra,31.5,18.6,25.1,50.2,0.0,8.2,204,Poor,1025.4,13.4
2024-01-04,Mumbai,Maharashtra,32.6,18.8,25.7,48.3,0.0,8.3,201,Poor,1025.1,19.1
2024-01-05,Mumbai,Maharashtra,32.4,17.9,25.2,46.4,0.0,6.9,206,Poor,1024.2,8.9
2024-01-06,Mumbai,Maharashtra,29.2,19.6,24.4,50.4,0.0,14.4,190,Moderate,1019.5,35.9
2024-01-07,Mumbai,Maharashtra,29.1,18.8,24.0,50.8,0.0,7.5,201,Poor,1020.3,39.8
2024-01-08,Mumbai,Maharashtra,28.1,18.8,23.5,51.8,0.0,7.7,173,Moderate,1023.5,38.1
2024-01-09,Mumbai,Maharashtra,30.5,16.4,23.4,50.5,0.0,13.2,198,Moderate,1023.0,13.0
2024-01-10,Mumbai,Maharashtra,31.0,16.8,23.9,49.3,0.0,9.8,203,Poor,1022.0,5.1
2024-01-11,Mumbai,Maharashtra,30.8,19.5,25.2,50.7,0.0,10.3,218,Poor,1026.4,35.6
2024-01-12,Mumbai,Maharashtra,31.4,19.5,25.5,54.0,0.0,6.8,234,Poor,1022.7,25.1
2024-01-13,Mumbai,Maharashtra,31.8,18.4,25.1,48.5,0.0,9.0,196,Moderate,1023.6,22.3
2024-01-14,Mumbai,Maharashtra,32.0,17.9,24.9,43.6,0.0,6.8,168,Moderate,1024.5,9.0
2024-01-15,Mumbai,Maharashtra,31.1,18.1,24.6,50.6,0.0,7.3,232,Poor,1022.7,24.0
2024-01-16,Mumbai,Maharashtra,31.5,17.7,24.6,38.2,0.0,15.2,149,Moderate,1027.7,2.8
2024-01-17,Mumbai,Maharashtra,30.2,18.9,24.6,51.5,0.0,7.1,200,Moderate,1020.6,26.9
2024-01-18,Mumbai,Maharashtra,30.0,18.3,24.1,45.3,0.0,10.2,178,Moderate,1021.4,37.6
2024-01-19,Mumbai,Maharashtra,30.6,19.1,24.8,48.0,0.0,7.2,182,Moderate,1020.5,40.7
2024-01-20,Mumbai,Maharashtra,30.1,18.7,24.4,40.6,0.0,7.3,207,Poor,1025.6,28.1
2024-01-21,Mumbai,Maharashtra,31.1,18.0,24.5,43.6,0.0,18.9,165,Moderate,1023.9,0.0
2024-01-22,Mumbai,Maharashtra,31.2,18.0,24.6,57.0,0.0,8.5,198,Moderate,1021.2,20.8
2024-01-23,Mumbai,Maharashtra,31.3,19.5,25.4,53.7,0.0,6.7,172,Moderate,1020.3,47.5
2024-01-24,Mumbai,Maharashtra,31.4,19.0,25.2,48.4,0.0,10.3,176,Moderate,1024.7,5.5
2024-01-25,Mumbai,Maharashtra,30.9,18.8,24.8,59.7,0.0,12.0,158,Moderate,1022.7,17.0
2024-01-26,Mumbai,Maharashtra,29.5,18.4,23.9,55.3,0.0,10.6,174,Moderate,1025.0,38.2
2024-01-27,Mumbai,Maharashtra,31.1,18.9,25.0,46.1,0.0,8.3,181,Moderate,1021.7,26.4
2024-01-28,Mumbai,Maharashtra,29.4,20.1,24.8,52.7,0.0,8.4,223,Poor,1022.8,52.6
2024-01-29,Mumbai,Maharashtra,33.0,18.1,25.6,45.2,0.0,7.7,178,Moderate,1022.1,7.2
2024-01-30,Mumbai,Maharashtra,32.6,18.9,25.8,41.1,0.0,7.0,138,Moderate,1020.2,3.5
2024-01-31,Mumbai,Maharashtra,32.5,20.8,26.7,47.5,0.0,9.4,208,Poor,1020.8,33.9
2024-02-01,Mumbai,Maharashtra,34.1,18.9,26.5,47.9,0.0,8.2,190,Moderate,1018.7,0.1
2024-02-02,Mumbai,Maharashtra,31.8,19.8,25.8,51.8,0.0,6.8,180,Moderate,1022.1,14.6
2024-02-03,Mumbai,Maharashtra,32.0,19.7,25.8,38.9,0.0,8.5,167,Moderate,1022.6,16.4
2024-02-04,Mumbai,Maharashtra,30.4,20.4,25.4,46.8,0.0,7.5,158,Moderate,1023.1,32.1
2024-02-05,Mumbai,Maharashtra,31.5,20.0,25.8,46.9,0.0,9.2,216,Poor,1022.2,26.0
2024-02-06,Mumbai,Maharashtra,30.7,20.3,25.5,52.0,0.0,9.0,174,Moderate,1020.6,23.9
2024-02-07,Mumbai,Maharashtra,31.9,18.5,25.2,52.3,0.0,8.0,136,Moderate,1024.0,12.1
2024-02-08,Mumbai,Maharashtra,30.3,18.9,24.6,65.6,0.0,8.6,179,Moderate,1022.7,35.1
2024-02-09,Mumbai,Maharashtra,29.0,20.9,25.0,58.1,0.0,8.8,197,Moderate,1023.5,74.2
2024-02-10,Mumbai,Maharashtra,30.9,19.4,25.2,47.9,0.0,11.0,167,Moderate,1023.5,27.4
2024-02-11,Mumbai,Maharashtra,30.8,17.9,24.3,51.9,0.0,8.5,149,Moderate,1020.5,19.7
2024-02-12,Mumbai,Maharashtra,30.7,18.4,24.5,41.0,0.0,7.8,148,Moderate,1021.3,0.0
2024-02-13,Mumbai,Maharashtra,31.1,18.0,24.6,45.8,0.0,8.2,148,Moderate,1022.0,9.2
2024-02-14,Mumbai,Maharashtra,30.4,17.3,23.8,46.3,0.0,14.0,185,Moderate,1018.3,15.6
2024-02-15,Mumbai,Maharashtra,30.0,19.1,24.5,33.7,0.0,7.3,166,Moderate,1018.0,10.7
2024-02-16,Mumbai,Maharashtra,32.0,19.0,25.5,48.2,0.0,8.3,127,Moderate,1017.3,17.4
2024-02-17,Mumbai,Maharashtra,29.7,20.9,25.3,52.4,0.0,8.2,172,Moderate,1019.6,42.7
2024-02-18,Mumbai,Maharashtra,30.8,19.9,25.3,58.0,0.0,8.3,165,Moderate,1019.0,35.2
2024-02-19,Mumbai,Maharashtra,31.5,20.2,25.9,46.8,0.0,7.0,154,Moderate,1016.5,15.2
2024-02-20,Mumbai,Maharashtra,32.8,17.9,25.4,37.8,0.0,8.1,137,Moderate,1019.7,0.9
2024-02-21,Mumbai,Maharashtra,30.1,20.3,25.2,50.8,0.0,7.7,136,Moderate,1019.2,36.6
2024-02-22,Mumbai,Maharashtra,30.4,19.8,25.1,37.4,0.0,9.2,178,Moderate,1021.6,17.3
2024-02-23,Mumbai,Maharashtra,31.8,18.2,25.0,38.1,0.0,11.5,153,Moderate,1023.2,0.0
2024-02-24,Mumbai,Maharashtra,31.0,19.9,25.4,53.1,0.0,9.4,162,Moderate,1019.8,27.8
2024-02-25,Mumbai,Maharashtra,29.0,19.3,24.1,50.8,0.0,8.9,157,Moderate,1017.8,33.0
2024-02-26,Mumbai,Maharashtra,31.0,17.0,24.0,49.5,0.0,9.7,155,Moderate,1020.4,0.0
2024-02-27,Mumbai,Maharashtra,29.6,18.6,24.1,36.6,0.0,9.1,138,Moderate,1019.0,7.1
2024-02-28,Mumbai,Maharashtra,29.9,18.6,24.2,47.2,0.0,8.6,143,Moderate,1018.3,17.0
2024-02-29,Mumbai,Maharashtra,30.1,19.2,24.7,48.3,0.0,10.9,166,Moderate,1016.8,28.6
2024-03-01,Mumbai,Maharashtra,30.3,16.8,23.5,52.6,0.0,8.1,178,Moderate,1017.8,11.9
2024-03-02,Mumbai,Maharashtra,31.1,16.8,23.9,49.9,0.0,7.0,121,Moderate,1018.1,7.2
2024-03-03,Mumbai,Maharashtra,30.9,18.3,24.6,54.0,0.0,7.7,140,Moderate,1019.7,28.7
2024-03-04,Mumbai,Maharashtra,31.7,19.2,25.4,54.0,0.0,7.5,162,Moderate,1018.8,11.4
2024-03-05,Mumbai,Maharashtra,30.8,21.5,26.2,47.0,0.0,15.4,163,Moderate,1021.1,25.2
2024-03-06,Mumbai,Maharashtra,32.0,18.3,25.2,51.3,0.0,11.7,169,Moderate,1018.9,2.7
2024-03-07,Mumbai,Maharashtra,33.2,18.2,25.7,38.4,0.0,8.9,118,Moderate,1018.1,0.0
2024-03-08,Mumbai,Maharashtra,31.7,19.0,25.3,44.8,0.0,7.5,166,Moderate,1016.6,28.8
2024-03-09,Mumbai,Maharashtra,33.1,20.6,26.8,51.2,0.0,10.9,129,Moderate,1014.6,20.9
2024-03-10,Mumbai,Maharashtra,31.5,21.3,26.4,42.3,0.0,8.8,154,Moderate,1015.5,30.5
2024-03-11,Mumbai,Maharashtra,31.3,19.1,25.2,49.3,0.0,8.1,149,Moderate,1015.4,10.9
2024-03-12,Mumbai,Maharashtra,32.4,17.5,25.0,46.4,0.0,8.8,100,Moderate,1011.6,7.4
2024-03-13,Mumbai,Maharashtra,29.6,20.2,24.9,57.9,0.0,8.2,141,Moderate,1014.6,37.7
2024-03-14,Mumbai,Maharashtra,31.2,18.9,25.0,43.9,0.0,9.6,145,Moderate,1019.6,0.0
2024-03-15,Mumbai,Maharashtra,31.7,19.8,25.8,51.8,0.0,6.9,128,Moderate,1016.8,35.7
2024-03-16,Mumbai,Maharashtra,31.7,21.1,26.4,53.7,0.0,9.6,115,Moderate,1015.0,36.3
2024-03-17,Mumbai,Maharashtra,31.2,21.0,26.1,46.7,0.0,8.2,88,Satisfactory,1016.5,30.1
2024-03-18,Mumbai,Maharashtra,33.1,18.7,25.9,41.9,0.0,10.9,128,Moderate,1011.7,8.6
2024-03-19,Mumbai,Maharashtra,33.2,19.7,26.5,46.9,0.0,11.8,114,Moderate,1015.8,6.5
2024-03-20,Mumbai,Maharashtra,31.0,19.1,25.0,47.6,0.0,12.7,85,Satisfactory,1018.1,15.9
2024-03-21,Mumbai,Maharashtra,31.8,19.5,25.6,41.9,0.0,15.9,88,Satisfactory,1015.0,0.4
2024-03-22,Mumbai,Maharashtra,33.4,18.2,25.8,44.4,0.0,12.5,106,Moderate,1011.4,5.0
2024-03-23,Mumbai,Maharashtra,31.2,19.6,25.4,58.1,0.0,10.8,93,Satisfactory,1014.1,27.8
2024-03-24,Mumbai,Maharashtra,31.9,19.0,25.5,47.9,0.0,7.0,114,Moderate,1017.3,27.9
2024-03-25,Mumbai,Maharashtra,32.0,17.9,25.0,43.0,0.0,6.3,76,Satisfactory,1015.3,4.5
2024-03-26,Mumbai,Maharashtra,30.9,19.9,25.4,41.8,0.0,11.3,129,Moderate,1011.6,28.4
2024-03-27,Mumbai,Maharashtra,30.4,19.2,24.8,50.0,0.0,7.4,109,Moderate,1019.2,25.8
2024-03-28,Mumbai,Maharashtra,31.7,19.6,25.6,56.1,0.0,20.5,48,Good,1011.6,40.1
2024-03-29,Mumbai,Maharashtra,32.5,19.4,26.0,53.8,0.0,6.7,53,Satisfactory,1013.4,26.8
2024-03-30,Mumbai,Maharashtra,30.9,21.7,26.3,51.4,0.0,10.7,117,Moderate,1011.5,33.5
2024-03-31,Mumbai,Maharashtra,32.5,20.2,26.4,53.9,0.0,9.1,109,Moderate,1011.4,25.4
2024-04-01,Mumbai,Maharashtra,32.1,21.1,26.6,54.1,0.0,6.8,106,Moderate,1012.3,32.4
2024-04-02,Mumbai,Maharashtra,33.2,20.8,27.0,48.8,0.0,9.1,113,Moderate,1014.2,0.5
2024-04-03,Mumbai,Maharashtra,32.7,20.2,26.4,52.3,0.0,7.5,115,Moderate,1015.5,17.3
2024-04-04,Mumbai,Maharashtra,30.4,19.6,25.0,56.8,0.0,8.6,96,Satisfactory,1012.4,19.4
2024-04-05,Mumbai,Maharashtra,30.1,18.3,24.2,48.2,0.0,8.6,85,Satisfactory,1011.2,17.1
2024-04-06,Mumbai,Maharashtra,28.8,18.0,23.4,45.3,0.0,7.6,82,Satisfactory,1014.2,27.3
2024-04-07,Mumbai,Maharashtra,28.9,18.0,23.4,55.9,0.0,8.1,98,Satisfactory,1014.1,30.1
2024-04-08,Mumbai,Maharashtra,29.1,17.6,23.3,55.9,0.0,7.5,119,Moderate,1013.5,26.9
2024-04-09,Mumbai,Maharashtra,28.6,17.5,23.0,58.5,0.0,6.6,87,Satisfactory,1013.5,19.2
2024-04-10,Mumbai,Maharashtra,30.8,16.5,23.7,54.9,0.0,9.0,114,Moderate,1012.4,11.1
2024-04-11,Mumbai,Maharashtra,31.4,19.9,25.7,62.2,0.0,12.6,78,Satisfactory,1012.1,35.7
2024-04-12,Mumbai,Maharashtra,32.2,18.8,25.5,53.5,0.0,7.6,90,Satisfactory,1011.4,25.5
2024-04-13,Mumbai,Maharashtra,32.3,19.5,25.9,47.1,0.0,14.8,114,Moderate,1013.6,6.3
2024-04-14,Mumbai,Maharashtra,31.6,20.0,25.8,41.8,0.0,16.0,93,Satisfactory,1015.8,18.1
2024-04-15,Mumbai,Maharashtra,33.6,18.4,26.0,46.1,0.0,8.0,113,Moderate,1011.5,0.0
2024-04-16,Mumbai,Maharashtra,31.5,20.2,25.8,46.8,0.0,8.4,56,Satisfactory,1011.0,21.6
2024-04-17,Mumbai,Maharashtra,32.2,20.2,26.2,49.7,0.0,8.1,121,Moderate,1011.3,18.3
2024-04-18,Mumbai,Maharashtra,32.6,19.4,26.0,48.1,0.0,7.2,71,Satisfactory,1009.3,13.3
2024-04-19,Mumbai,Maharashtra,30.4,21.3,25.8,57.2,0.0,8.5,63,Satisfactory,1012.1,43.9
2024-04-20,Mumbai,Maharashtra,33.3,19.5,26.4,45.5,0.0,8.3,20,Good,1011.1,5.3
2024-04-21,Mumbai,Maharashtra,32.7,20.9,26.8,56.2,0.0,9.1,71,Satisfactory,1009.1,31.4
2024-04-22,Mumbai,Maharashtra,32.3,21.3,26.8,42.7,0.0,9.2,38,Good,1011.6,52.4
2024-04-23,Mumbai,Maharashtra,31.6,20.0,25.8,54.9,0.0,7.2,74,Satisfactory,1009.9,37.7
2024-04-24,Mumbai,Maharashtra,32.5,19.4,26.0,56.6,0.0,10.4,30,Good,1007.7,22.3
2024-04-25,Mumbai,Maharashtra,33.1,20.3,26.7,56.1,0.0,8.5,99,Satisfactory,1010.0,6.7
2024-04-26,Mumbai,Maharashtra,32.8,20.6,26.7,49.9,0.0,7.5,72,Satisfactory,1009.6,3.8
2024-04-27,Mumbai,Maharashtra,34.6,20.3,27.4,57.2,0.0,8.5,106,Moderate,1010.7,16.9
2024-04-28,Mumbai,Maharashtra,34.0,23.1,28.5,48.0,0.0,9.4,30,Good,1010.0,12.7
2024-04-29,Mumbai,Maharashtra,34.3,23.3,28.8,47.1,0.0,13.7,74,Satisfactory,1007.9,12.4
2024-04-30,Mumbai,Maharashtra,34.2,21.7,27.9,52.0,0.0,13.0,15,Good,1007.2,18.8
2024-05-01,Mumbai,Maharashtra,34.8,21.4,28.1,50.1,0.0,8.2,56,Satisfactory,1008.0,22.2
2024-05-02,Mumbai,Maharashtra,34.0,22.7,28.3,48.1,0.0,8.8,34,Good,1008.5,30.6
2024-05-03,Mumbai,Maharashtra,35.6,21.8,28.7,44.2,0.0,7.8,39,Good,1008.4,6.7
2024-05-04,Mumbai,Maharashtra,33.9,23.7,28.8,43.0,0.0,9.9,31,Good,1007.9,14.7
2024-05-05,Mumbai,Maharashtra,34.2,23.1,28.6,53.4,0.0,8.4,25,Good,1007.0,22.6
2024-05-06,Mumbai,Maharashtra,34.4,24.6,29.5,50.2,0.0,8.9,15,Good,1008.8,22.0
2024-05-07,Mumbai,Maharashtra,33.6,23.2,28.4,56.0,0.0,12.0,23,Good,1005.6,51.5
2024-05-08,Mumbai,Maharashtra,38.2,28.6,33.4,46.5,0.0,7.6,46,Good,1010.3,29.2
2024-05-09,Mumbai,Maharashtra,38.3,26.7,32.5,47.4,0.0,13.3,53,Satisfactory,1007.0,4.4
2024-05-10,Mumbai,Maharashtra,37.8,26.5,32.2,55.7,0.0,10.4,40,Good,1003.1,33.5
2024-05-11,Mumbai,Maharashtra,37.8,26.1,32.0,47.1,0.0,13.1,51,Satisfactory,1005.6,36.0
2024-05-12,Mumbai,Maharashtra,37.5,26.4,31.9,44.7,0.0,11.3,15,Good,1006.7,27.1
2024-05-13,Mumbai,Maharashtra,39.2,26.4,32.8,52.3,0.0,11.9,16,Good,1004.0,11.9
2024-05-14,Mumbai,Maharashtra,36.4,26.6,31.5,51.4,0.0,9.6,46,Good,1001.9,54.8
2024-05-15,Mumbai,Maharashtra,32.8,21.0,26.9,56.2,0.0,8.0,41,Good,1004.0,15.8
2024-05-16,Mumbai,Maharashtra,32.2,23.1,27.6,66.7,0.0,8.6,15,Good,1006.8,40.2
2024-05-17,Mumbai,Maharashtra,33.0,21.9,27.5,66.0,0.0,8.4,51,Satisfactory,1002.1,34.5
2024-05-18,Mumbai,Maharashtra,34.3,23.5,28.9,62.1,0.0,7.5,20,Good,1002.1,39.9
2024-05-19,Mumbai,Maharashtra,35.2,25.3,30.2,64.6,4.0,12.5,15,Good,1005.6,55.2
2024-05-20,Mumbai,Maharashtra,36.4,25.9,31.1,68.6,0.0,9.7,34,Good,1003.6,39.3
2024-05-21,Mumbai,Maharashtra,35.0,25.0,30.0,43.8,0.0,8.6,25,Good,1002.9,25.0
2024-05-22,Mumbai,Maharashtra,34.0,23.9,29.0,59.7,0.3,16.9,15,Good,1003.4,49.6
2024-05-23,Mumbai,Maharashtra,34.1,23.1,28.6,61.9,0.0,19.8,15,Good,1001.4,26.2
2024-05-24,Mumbai,Maharashtra,32.5,22.9,27.7,59.8,0.0,8.3,15,Good,1005.4,38.6
2024-05-25,Mumbai,Maharashtra,33.4,22.2,27.8,63.7,0.0,9.7,15,Good,1002.6,18.9
2024-05-26,Mumbai,Maharashtra,32.4,22.0,27.2,59.3,0.0,9.7,42,Good,1003.2,23.7
2024-05-27,Mumbai,Maharashtra,32.8,21.9,27.4,64.0,8.3,8.8,17,Good,1004.8,39.6
2024-05-28,Mumbai,Maharashtra,32.7,24.5,28.6,62.6,0.0,13.0,28,Good,1003.1,44.1
2024-05-29,Mumbai,Maharashtra,33.6,23.0,28.3,55.9,0.0,8.1,30,Good,1002.1,16.1
2024-05-30,Mumbai,Maharashtra,32.3,23.3,27.8,63.7,0.0,15.9,15,Good,999.5,48.0
2024-05-31,Mumbai,Maharashtra,33.1,21.1,27.1,65.0,0.0,10.7,15,Good,1004.3,30.9
2024-06-01,Mumbai,Maharashtra,31.2,21.9,26.5,67.5,0.0,17.1,15,Good,1003.7,61.4
2024-06-02,Mumbai,Maharashtra,30.4,22.3,26.4,72.0,0.0,10.7,15,Good,1002.4,39.6
2024-06-03,Mumbai,Maharashtra,32.2,20.4,26.3,68.9,0.0,10.2,15,Good,1001.3,29.7
2024-06-04,Mumbai,Maharashtra,32.9,22.3,27.6,74.4,0.0,13.8,21,Good,1002.8,46.6
2024-06-05,Mumbai,Maharashtra,32.8,23.9,28.4,60.3,0.0,17.3,15,Good,1003.4,33.2
2024-06-06,Mumbai,Maharashtra,31.2,25.8,28.5,64.9,4.3,16.4,36,Good,1002.5,64.7
2024-06-07,Mumbai,Maharashtra,32.8,23.9,28.4,70.3,0.0,9.0,15,Good,1005.5,47.9
2024-06-08,Mumbai,Maharashtra,33.5,23.3,28.4,85.2,0.0,15.2,28,Good,1003.5,46.7
2024-06-09,Mumbai,Maharashtra,32.1,22.4,27.3,81.1,20.1,10.6,21,Good,1002.0,58.8
2024-06-10,Mumbai,Maharashtra,31.4,22.7,27.1,68.1,5.5,11.1,15,Good,1003.6,37.5
2024-06-11,Mumbai,Maharashtra,34.5,22.9,28.7,71.5,0.0,10.7,15,Good,1001.7,33.5
2024-06-12,Mumbai,Maharashtra,30.7,24.9,27.8,79.8,2.6,10.4,28,Good,1001.8,58.8
2024-06-13,Mumbai,Maharashtra,32.8,23.7,28.2,65.1,0.0,11.1,15,Good,1004.0,38.4
2024-06-14,Mumbai,Maharashtra,32.6,23.7,28.2,79.7,1.3,10.1,15,Good,999.5,39.4
2024-06-15,Mumbai,Maharashtra,33.2,24.7,29.0,78.1,1.4,15.8,15,Good,1001.0,67.0
2024-06-16,Mumbai,Maharashtra,33.9,25.1,29.5,77.9,4.8,13.6,15,Good,1003.1,63.3
2024-06-17,Mumbai,Maharashtra,35.0,24.8,29.9,73.4,0.0,12.4,15,Good,1001.1,39.2
2024-06-18,Mumbai,Maharashtra,33.0,25.9,29.5,82.2,0.0,11.3,15,Good,999.8,49.3
2024-06-19,Mumbai,Maharashtra,34.1,24.6,29.4,72.7,21.0,11.1,15,Good,997.0,46.3
2024-06-20,Mumbai,Maharashtra,32.9,26.4,29.6,76.8,24.5,13.2,15,Good,995.7,84.7
2024-06-21,Mumbai,Maharashtra,31.5,26.5,29.0,85.6,0.1,12.8,15,Good,1004.4,73.8
2024-06-22,Mumbai,Maharashtra,30.5,24.8,27.7,71.7,0.0,15.4,15,Good,1001.2,57.0
2024-06-23,Mumbai,Maharashtra,30.8,23.1,27.0,84.9,0.0,11.4,15,Good,999.5,72.3
2024-06-24,Mumbai,Maharashtra,31.1,22.8,26.9,87.2,0.0,11.4,15,Good,1001.3,46.2
2024-06-25,Mumbai,Maharashtra,30.9,24.4,27.7,86.3,14.8,14.1,15,Good,998.4,56.2
2024-06-26,Mumbai,Maharashtra,31.3,24.6,28.0,91.5,11.6,14.9,15,Good,999.4,67.8
2024-06-27,Mumbai,Maharashtra,32.1,25.3,28.7,90.6,9.1,21.7,15,Good,997.9,73.1
2024-06-28,Mumbai,Maharashtra,33.0,26.1,29.5,97.8,1.7,10.6,15,Good,996.7,65.8
2024-06-29,Mumbai,Maharashtra,32.6,27.6,30.1,84.1,49.0,17.1,15,Good,995.0,71.1
2024-06-30,Mumbai,Maharashtra,34.3,25.8,30.0,89.3,2.8,13.2,15,Good,996.0,69.6
2024-07-01,Mumbai,Maharashtra,33.3,25.5,29.4,85.6,36.2,12.1,15,Good,1001.4,67.4
2024-07-02,Mumbai,Maharashtra,33.0,26.5,29.7,92.5,0.0,14.1,15,Good,997.2,66.2
2024-07-03,Mumbai,Maharashtra,33.2,26.6,29.9,87.5,6.8,14.0,15,Good,1000.1,65.0
2024-07-04,Mumbai,Maharashtra,34.0,27.4,30.7,98.3,0.0,12.3,15,Good,1000.7,74.4
2024-07-05,Mumbai,Maharashtra,33.6,28.8,31.2,87.7,0.0,11.0,15,Good,998.6,77.3
2024-07-06,Mumbai,Maharashtra,33.8,27.4,30.6,97.9,11.5,17.6,15,Good,998.1,75.4
2024-07-07,Mumbai,Maharashtra,32.8,26.8,29.8,90.8,1.7,12.1,20,Good,999.2,57.2
2024-07-08,Mumbai,Maharashtra,33.5,26.5,30.0,88.6,0.0,11.9,20,Good,998.0,60.3
2024-07-09,Mumbai,Maharashtra,32.2,27.8,30.0,96.3,14.3,12.3,15,Good,1001.2,80.4
2024-07-10,Mumbai,Maharashtra,31.2,27.8,29.5,99.1,11.2,15.5,15,Good,1002.7,96.2
2024-07-11,Mumbai,Maharashtra,31.8,24.5,28.2,97.1,12.6,12.8,15,Good,1002.2,79.1
2024-07-12,Mumbai,Maharashtra,31.7,25.4,28.5,92.6,0.0,12.4,15,Good,994.9,71.4
2024-07-13,Mumbai,Maharashtra,31.4,25.7,28.5,92.4,0.0,14.4,22,Good,998.3,80.7
2024-07-14,Mumbai,Maharashtra,30.3,25.5,27.9,90.9,0.0,14.1,15,Good,999.3,62.5
2024-07-15,Mumbai,Maharashtra,29.7,25.9,27.8,92.1,43.3,12.6,15,Good,1000.3,97.1
2024-07-16,Mumbai,Maharashtra,30.1,24.2,27.1,100.0,26.5,11.5,15,Good,996.1,82.1
2024-07-17,Mumbai,Maharashtra,30.8,24.4,27.6,88.9,0.0,15.7,15,Good,996.0,70.1
2024-07-18,Mumbai,Maharashtra,30.0,26.4,28.2,95.2,0.0,14.2,15,Good,1001.9,77.0
2024-07-19,Mumbai,Maharashtra,30.9,24.6,27.7,99.0,1.0,11.4,15,Good,998.4,72.4
2024-07-20,Mumbai,Maharashtra,31.1,26.5,28.8,100.0,0.0,18.7,15,Good,996.2,97.7
2024-07-21,Mumbai,Maharashtra,32.0,25.0,28.5,87.5,0.0,11.4,15,Good,997.1,76.8
2024-07-22,Mumbai,Maharashtra,30.3,25.6,28.0,97.5,9.7,12.4,45,Good,1000.3,82.2
2024-07-23,Mumbai,Maharashtra,28.8,25.8,27.3,100.0,11.2,12.5,15,Good,998.1,88.5
2024-07-24,Mumbai,Maharashtra,29.7,24.5,27.1,96.2,3.5,12.7,31,Good,1000.4,70.2
2024-07-25,Mumbai,Maharashtra,28.9,24.7,26.8,100.0,4.7,12.7,26,Good,998.1,83.3
2024-07-26,Mumbai,Maharashtra,29.9,23.9,26.9,95.0,26.8,11.9,15,Good,996.6,84.3
2024-07-27,Mumbai,Maharashtra,28.7,24.4,26.5,83.4,0.6,14.0,15,Good,1003.1,58.8
2024-07-28,Mumbai,Maharashtra,29.2,24.4,26.8,100.0,23.9,16.2,15,Good,1001.1,83.7
2024-07-29,Mumbai,Maharashtra,31.5,24.4,28.0,94.0,0.0,14.0,15,Good,999.4,78.7
2024-07-30,Mumbai,Maharashtra,30.6,25.1,27.8,88.4,0.0,14.3,15,Good,999.1,80.9
2024-07-31,Mumbai,Maharashtra,31.8,25.3,28.5,95.2,16.9,13.0,15,Good,1003.0,78.9
2024-08-01,Mumbai,Maharashtra,30.4,26.6,28.5,100.0,4.6,13.8,15,Good,1001.4,81.7
2024-08-02,Mumbai,Maharashtra,29.5,26.5,28.0,93.5,5.3,14.4,47,Good,1002.7,96.7
2024-08-03,Mumbai,Maharashtra,33.1,24.7,28.9,100.0,7.9,15.2,15,Good,999.1,60.5
2024-08-04,Mumbai,Maharashtra,32.3,26.0,29.2,88.7,2.6,12.3,15,Good,1000.4,71.6
2024-08-05,Mumbai,Maharashtra,31.7,26.3,29.0,96.1,4.9,12.1,15,Good,1001.3,85.3
2024-08-06,Mumbai,Maharashtra,31.8,27.4,29.6,88.0,0.0,10.9,15,Good,999.4,81.8
2024-08-07,Mumbai,Maharashtra,32.0,26.3,29.1,94.3,7.2,19.9,15,Good,1000.6,81.2
2024-08-08,Mumbai,Maharashtra,30.8,27.6,29.2,97.1,13.1,19.4,15,Good,999.7,100.0
2024-08-09,Mumbai,Maharashtra,33.1,26.3,29.7,85.5,24.9,13.1,15,Good,1001.7,81.8
2024-08-10,Mumbai,Maharashtra,33.8,25.9,29.8,100.0,0.0,13.1,30,Good,998.4,88.3
2024-08-11,Mumbai,Maharashtra,32.5,25.4,29.0,87.1,15.9,17.8,15,Good,1002.5,68.0
2024-08-12,Mumbai,Maharashtra,32.2,25.5,28.9,84.5,1.6,11.3,33,Good,1002.2,57.7
2024-08-13,Mumbai,Maharashtra,31.7,27.4,29.6,92.7,23.7,11.6,15,Good,1001.1,66.0
2024-08-14,Mumbai,Maharashtra,33.4,29.1,31.3,97.9,1.5,17.9,15,Good,1002.1,78.6
2024-08-15,Mumbai,Maharashtra,35.9,28.0,31.9,92.3,6.2,12.3,15,Good,1000.5,73.2
2024-08-16,Mumbai,Maharashtra,33.4,28.0,30.7,81.1,3.2,11.2,43,Good,1000.4,73.0
2024-08-17,Mumbai,Maharashtra,34.1,27.4,30.7,85.4,0.0,13.8,26,Good,1003.0,63.5
2024-08-18,Mumbai,Maharashtra,33.8,25.8,29.8,74.6,11.2,11.5,15,Good,1003.5,61.0
2024-08-19,Mumbai,Maharashtra,33.6,24.9,29.2,88.9,15.5,16.7,15,Good,1001.7,63.2
2024-08-20,Mumbai,Maharashtra,31.9,25.7,28.8,78.6,29.3,12.7,15,Good,1001.8,75.2
2024-08-21,Mumbai,Maharashtra,32.4,26.4,29.4,81.8,12.1,11.3,19,Good,1002.7,75.5
2024-08-22,Mumbai,Maharashtra,33.2,24.8,29.0,79.7,4.0,11.3,26,Good,1002.3,49.0
2024-08-23,Mumbai,Maharashtra,31.1,25.1,28.1,87.4,5.9,13.2,15,Good,1006.9,73.4
2024-08-24,Mumbai,Maharashtra,30.6,23.1,26.8,79.8,0.0,11.8,49,Good,1005.0,53.4
2024-08-25,Mumbai,Maharashtra,30.6,23.1,26.9,91.3,0.0,11.5,53,Satisfactory,1004.6,68.1
2024-08-26,Mumbai,Maharashtra,31.3,23.2,27.2,84.2,0.0,13.9,69,Satisfactory,1002.8,57.6
2024-08-27,Mumbai,Maharashtra,31.5,23.2,27.3,88.3,0.0,16.7,15,Good,1006.3,81.2
2024-08-28,Mumbai,Maharashtra,31.2,22.5,26.9,72.4,0.0,13.3,48,Good,1003.9,52.7
2024-08-29,Mumbai,Maharashtra,33.0,24.0,28.5,86.6,0.0,10.6,15,Good,1003.6,59.1
2024-08-30,Mumbai,Maharashtra,30.5,24.1,27.3,75.7,0.0,10.1,63,Satisfactory,1007.0,64.9
2024-08-31,Mumbai,Maharashtra,31.9,22.3,27.1,83.2,2.2,13.3,15,Good,1006.5,43.3
2024-09-01,Mumbai,Maharashtra,32.6,24.9,28.8,84.8,0.0,13.0,18,Good,1000.5,52.5
2024-09-02,Mumbai,Maharashtra,32.0,22.9,27.5,77.0,0.0,10.7,55,Satisfactory,1005.8,49.6
2024-09-03,Mumbai,Maharashtra,31.7,22.0,26.8,78.6,32.0,11.0,15,Good,1006.7,45.6
2024-09-04,Mumbai,Maharashtra,33.2,24.0,28.6,55.8,0.0,10.2,35,Good,1005.5,44.6
2024-09-05,Mumbai,Maharashtra,35.1,24.9,30.0,73.0,18.7,9.6,27,Good,1006.3,64.5
2024-09-06,Mumbai,Maharashtra,34.7,23.8,29.2,74.1,4.2,10.1,67,Satisfactory,1002.8,40.1
2024-09-07,Mumbai,Maharashtra,34.5,24.8,29.6,75.7,0.0,8.6,40,Good,1000.9,55.2
2024-09-08,Mumbai,Maharashtra,34.0,24.4,29.2,63.7,0.0,14.3,46,Good,1004.9,50.9
2024-09-09,Mumbai,Maharashtra,36.2,23.8,30.0,61.7,0.0,9.0,54,Satisfactory,1007.5,25.6
2024-09-10,Mumbai,Maharashtra,32.4,25.1,28.8,56.6,0.0,10.8,77,Satisfactory,1001.0,52.2
2024-09-11,Mumbai,Maharashtra,34.6,22.4,28.5,64.9,8.9,8.4,78,Satisfactory,1006.1,24.4
2024-09-12,Mumbai,Maharashtra,33.2,25.3,29.3,58.3,0.0,12.1,19,Good,1003.9,51.7
2024-09-13,Mumbai,Maharashtra,34.3,24.7,29.5,68.9,0.0,12.9,81,Satisfactory,1007.4,34.8
2024-09-14,Mumbai,Maharashtra,35.2,24.9,30.1,69.5,0.0,10.7,52,Satisfactory,1011.9,40.8
2024-09-15,Mumbai,Maharashtra,36.2,23.9,30.0,56.6,0.0,10.3,73,Satisfactory,1007.8,21.7
2024-09-16,Mumbai,Maharashtra,33.3,24.6,29.0,66.2,0.0,9.3,52,Satisfactory,1008.5,41.3
2024-09-17,Mumbai,Maharashtra,33.0,24.5,28.8,64.4,0.0,13.5,71,Satisfactory,1010.7,51.9
2024-09-18,Mumbai,Maharashtra,34.4,23.5,29.0,60.5,6.6,8.2,128,Moderate,1009.2,26.7
2024-09-19,Mumbai,Maharashtra,34.5,23.9,29.2,53.3,0.0,9.4,80,Satisfactory,1008.8,28.5
2024-09-20,Mumbai,Maharashtra,33.1,22.5,27.8,66.0,0.0,8.9,70,Satisfactory,1011.7,43.5
2024-09-21,Mumbai,Maharashtra,34.2,20.9,27.5,54.4,0.0,8.8,77,Satisfactory,1011.1,43.2
2024-09-22,Mumbai,Maharashtra,35.0,21.8,28.4,43.1,0.0,13.1,40,Good,1010.7,1.2
2024-09-23,Mumbai,Maharashtra,31.6,23.9,27.8,65.4,0.0,9.7,114,Moderate,1010.3,63.1
2024-09-24,Mumbai,Maharashtra,32.8,24.1,28.5,59.1,0.0,8.8,93,Satisfactory,1009.9,41.2
2024-09-25,Mumbai,Maharashtra,32.4,22.8,27.6,62.2,0.0,10.6,61,Satisfactory,1012.8,43.4
2024-09-26,Mumbai,Maharashtra,32.7,22.8,27.8,54.4,0.0,10.3,64,Satisfactory,1010.5,30.9
2024-09-27,Mumbai,Maharashtra,34.7,21.7,28.2,60.9,0.0,12.0,84,Satisfactory,1013.7,6.0
2024-09-28,Mumbai,Maharashtra,33.7,23.1,28.4,59.3,0.0,10.7,109,Moderate,1009.3,40.6
2024-09-29,Mumbai,Maharashtra,34.2,23.2,28.7,55.1,0.0,9.5,68,Satisfactory,1014.4,22.5
2024-09-30,Mumbai,Maharashtra,35.3,22.8,29.1,57.5,0.0,9.6,119,Moderate,1012.6,37.2
2024-10-01,Mumbai,Maharashtra,34.8,24.3,29.6,58.3,0.0,10.4,92,Satisfactory,1009.7,25.7
2024-10-02,Mumbai,Maharashtra,35.3,24.5,29.9,56.8,0.0,8.1,81,Satisfactory,1012.8,31.3
2024-10-03,Mumbai,Maharashtra,35.1,22.5,28.8,53.6,0.0,9.9,88,Satisfactory,1011.0,17.2
2024-10-04,Mumbai,Maharashtra,34.4,23.1,28.8,59.7,0.0,14.1,128,Moderate,1012.5,39.7
2024-10-05,Mumbai,Maharashtra,35.5,21.8,28.6,40.3,0.0,9.5,72,Satisfactory,1011.7,10.5
2024-10-06,Mumbai,Maharashtra,33.5,23.9,28.7,50.6,0.0,8.7,90,Satisfactory,1012.6,58.1
2024-10-07,Mumbai,Maharashtra,33.9,23.7,28.8,58.7,0.0,8.6,129,Moderate,1014.9,57.5
2024-10-08,Mumbai,Maharashtra,32.5,23.4,28.0,56.6,0.0,10.0,111,Moderate,1014.5,49.0
2024-10-09,Mumbai,Maharashtra,33.5,22.4,27.9,59.0,4.2,9.6,88,Satisfactory,1011.4,43.6
2024-10-10,Mumbai,Maharashtra,34.5,22.0,28.2,51.4,0.0,10.7,129,Moderate,1011.6,24.0
2024-10-11,Mumbai,Maharashtra,33.9,22.1,28.0,58.0,0.0,8.1,138,Moderate,1014.5,41.2
2024-10-12,Mumbai,Maharashtra,33.7,23.7,28.7,44.0,0.0,8.8,123,Moderate,1014.7,22.7
2024-10-13,Mumbai,Maharashtra,35.4,23.2,29.3,44.9,0.0,11.1,98,Satisfactory,1012.7,1.6
2024-10-14,Mumbai,Maharashtra,35.6,24.6,30.1,46.6,0.0,11.4,102,Moderate,1017.1,43.6
2024-10-15,Mumbai,Maharashtra,33.2,25.2,29.2,54.7,0.0,11.4,120,Moderate,1016.0,38.5
2024-10-16,Mumbai,Maharashtra,34.7,22.5,28.6,40.0,0.0,10.7,88,Satisfactory,1013.5,22.3
2024-10-17,Mumbai,Maharashtra,35.9,21.9,28.9,47.0,0.0,10.8,148,Moderate,1013.4,5.1
2024-10-18,Mumbai,Maharashtra,35.4,23.6,29.5,39.1,0.0,9.5,161,Moderate,1014.4,13.4
2024-10-19,Mumbai,Maharashtra,36.4,23.5,30.0,41.1,0.0,7.1,126,Moderate,1014.2,0.0
2024-10-20,Mumbai,Maharashtra,33.3,23.5,28.4,56.1,0.0,7.2,140,Moderate,1018.0,34.9
2024-10-21,Mumbai,Maharashtra,34.8,22.0,28.4,45.0,0.0,9.1,155,Moderate,1017.6,0.0
2024-10-22,Mumbai,Maharashtra,34.1,23.0,28.6,40.9,0.0,9.1,174,Moderate,1015.8,25.1
2024-10-23,Mumbai,Maharashtra,34.5,22.4,28.5,42.2,0.0,7.6,170,Moderate,1017.3,9.1
2024-10-24,Mumbai,Maharashtra,34.0,21.4,27.7,36.7,0.0,7.6,99,Satisfactory,1018.0,1.1
2024-10-25,Mumbai,Maharashtra,32.8,21.4,27.1,41.2,0.0,8.7,129,Moderate,1016.8,24.6
2024-10-26,Mumbai,Maharashtra,33.6,21.6,27.6,47.9,0.0,16.4,129,Moderate,1017.4,16.0
2024-10-27,Mumbai,Maharashtra,35.3,22.2,28.7,52.6,8.1,7.3,125,Moderate,1017.7,31.6
2024-10-28,Mumbai,Maharashtra,33.8,21.0,27.4,46.6,0.0,8.1,181,Moderate,1018.0,2.7
2024-10-29,Mumbai,Maharashtra,34.0,21.0,27.5,48.7,0.0,11.0,172,Moderate,1015.6,9.6
2024-10-30,Mumbai,Maharashtra,34.0,21.2,27.6,43.4,0.0,10.4,121,Moderate,1015.9,0.0
2024-10-31,Mumbai,Maharashtra,33.3,20.5,26.9,42.5,0.0,9.4,139,Moderate,1017.0,0.0
2024-11-01,Mumbai,Maharashtra,29.9,21.4,25.6,49.5,0.0,6.6,135,Moderate,1016.7,46.0
2024-11-02,Mumbai,Maharashtra,30.6,22.2,26.4,52.7,0.0,8.3,144,Moderate,1015.1,49.4
2024-11-03,Mumbai,Maharashtra,32.2,21.5,26.9,41.7,0.0,14.5,129,Moderate,1019.4,21.1
2024-11-04,Mumbai,Maharashtra,33.6,20.5,27.0,41.0,0.0,7.5,175,Moderate,1018.8,8.0
2024-11-05,Mumbai,Maharashtra,35.2,21.6,28.4,46.0,0.0,7.4,136,Moderate,1015.2,14.4
2024-11-06,Mumbai,Maharashtra,34.4,24.8,29.6,47.4,0.0,13.2,84,Satisfactory,1017.2,30.0
2024-11-07,Mumbai,Maharashtra,35.3,23.2,29.2,59.3,0.0,8.5,120,Moderate,1017.5,10.6
2024-11-08,Mumbai,Maharashtra,34.6,24.0,29.3,39.5,0.0,6.6,139,Moderate,1018.4,21.0
2024-11-09,Mumbai,Maharashtra,35.3,23.3,29.3,44.7,0.0,7.1,147,Moderate,1016.0,17.4
2024-11-10,Mumbai,Maharashtra,35.7,21.8,28.7,36.9,0.0,7.7,165,Moderate,1015.7,9.9
2024-11-11,Mumbai,Maharashtra,34.9,22.6,28.8,42.1,0.0,9.2,134,Moderate,1019.6,10.3
2024-11-12,Mumbai,Maharashtra,33.7,21.8,27.8,45.7,0.0,8.3,135,Moderate,1015.9,22.3
2024-11-13,Mumbai,Maharashtra,34.8,20.2,27.5,48.0,0.0,7.3,145,Moderate,1018.7,4.6
2024-11-14,Mumbai,Maharashtra,35.0,22.7,28.8,44.6,0.0,8.3,140,Moderate,1018.2,23.7
2024-11-15,Mumbai,Maharashtra,33.6,21.7,27.6,44.1,0.0,7.4,155,Moderate,1019.1,11.4
2024-11-16,Mumbai,Maharashtra,34.2,22.0,28.1,44.3,0.0,14.7,137,Moderate,1019.8,19.5
2024-11-17,Mumbai,Maharashtra,32.5,22.5,27.5,43.7,0.0,7.0,186,Moderate,1022.8,37.3
2024-11-18,Mumbai,Maharashtra,35.3,22.5,28.9,41.4,0.0,7.8,148,Moderate,1016.1,14.7
2024-11-19,Mumbai,Maharashtra,35.3,23.4,29.3,45.7,0.0,7.6,164,Moderate,1021.0,29.6
2024-11-20,Mumbai,Maharashtra,35.8,23.6,29.7,41.2,0.0,7.7,161,Moderate,1014.3,0.0
2024-11-21,Mumbai,Maharashtra,35.7,22.8,29.2,46.2,0.0,7.1,193,Moderate,1022.3,10.1
2024-11-22,Mumbai,Maharashtra,33.4,21.3,27.4,45.3,0.0,12.8,158,Moderate,1016.1,18.1
2024-11-23,Mumbai,Maharashtra,32.9,22.0,27.5,51.0,0.0,16.7,175,Moderate,1025.1,44.5
2024-11-24,Mumbai,Maharashtra,33.9,19.6,26.7,34.4,0.0,9.5,146,Moderate,1019.7,0.0
2024-11-25,Mumbai,Maharashtra,32.9,20.1,26.5,49.5,0.0,9.3,172,Moderate,1023.3,16.7
2024-11-26,Mumbai,Maharashtra,32.2,21.7,26.9,47.7,0.0,6.6,168,Moderate,1022.8,38.2
2024-11-27,Mumbai,Maharashtra,33.9,20.0,27.0,48.0,0.0,12.6,139,Moderate,1019.9,6.7
2024-11-28,Mumbai,Maharashtra,32.1,20.6,26.4,53.1,0.0,7.4,180,Moderate,1020.3,15.0
2024-11-29,Mumbai,Maharashtra,31.5,20.9,26.2,47.4,0.0,6.5,222,Poor,1019.4,22.7
2024-11-30,Mumbai,Maharashtra,30.5,21.6,26.1,42.8,0.0,9.9,157,Moderate,1022.8,20.7
2024-12-01,Mumbai,Maharashtra,31.1,20.5,25.8,52.4,0.0,11.5,170,Moderate,1020.5,40.1
2024-12-02,Mumbai,Maharashtra,30.9,20.0,25.5,51.0,0.0,12.6,142,Moderate,1019.9,24.7
2024-12-03,Mumbai,Maharashtra,31.4,20.1,25.7,50.1,0.0,7.8,152,Moderate,1022.6,36.8
2024-12-04,Mumbai,Maharashtra,31.8,21.2,26.5,43.0,0.0,7.7,168,Moderate,1019.6,12.6
2024-12-05,Mumbai,Maharashtra,33.1,20.8,27.0,47.1,0.0,9.1,172,Moderate,1020.7,7.0
2024-12-06,Mumbai,Maharashtra,31.7,18.8,25.2,49.8,0.0,8.2,176,Moderate,1022.1,15.2
2024-12-07,Mumbai,Maharashtra,33.1,20.7,26.9,41.2,0.0,10.0,176,Moderate,1020.2,1.1
2024-12-08,Mumbai,Maharashtra,33.4,21.2,27.3,39.4,0.0,9.1,148,Moderate,1020.5,23.8
2024-12-09,Mumbai,Maharashtra,32.6,20.5,26.6,47.9,0.0,7.3,176,Moderate,1024.8,12.1
2024-12-10,Mumbai,Maharashtra,33.9,20.9,27.4,40.2,0.0,12.7,187,Moderate,1021.1,7.6
2024-12-11,Mumbai,Maharashtra,32.2,19.8,26.0,49.9,0.0,10.0,154,Moderate,1021.3,24.7
2024-12-12,Mumbai,Maharashtra,33.1,18.8,25.9,44.6,0.0,11.4,173,Moderate,1021.7,1.8
2024-12-13,Mumbai,Maharashtra,31.0,19.4,25.2,40.9,0.0,7.3,198,Moderate,1023.2,29.0
2024-12-14,Mumbai,Maharashtra,30.5,18.7,24.6,47.5,0.0,9.9,168,Moderate,1020.4,11.8
2024-12-15,Mumbai,Maharashtra,31.0,20.3,25.7,53.7,0.0,10.7,191,Moderate,1023.1,34.1
2024-12-16,Mumbai,Maharashtra,29.5,16.2,22.9,51.6,0.0,9.0,155,Moderate,1023.6,12.1
2024-12-17,Mumbai,Maharashtra,28.1,17.4,22.7,52.2,0.0,7.0,214,Poor,1019.6,26.5
2024-12-18,Mumbai,Maharashtra,31.2,19.3,25.3,38.5,0.0,8.8,198,Moderate,1026.1,20.5
2024-12-19,Mumbai,Maharashtra,31.7,20.6,26.1,55.8,0.0,10.4,187,Moderate,1025.2,27.9
2024-12-20,Mumbai,Maharashtra,32.0,19.9,26.0,49.6,0.0,11.6,208,Poor,1020.7,19.1
2024-12-21,Mumbai,Maharashtra,31.0,18.5,24.8,38.3,0.0,6.7,189,Moderate,1020.5,0.0
2024-12-22,Mumbai,Maharashtra,28.9,19.6,24.2,47.9,0.0,8.9,177,Moderate,1023.3,32.7
2024-12-23,Mumbai,Maharashtra,31.4,18.6,25.0,49.0,0.0,6.8,227,Poor,1019.8,16.8
2024-12-24,Mumbai,Maharashtra,30.8,18.4,24.6,54.3,0.0,10.4,228,Poor,1025.6,29.4
2024-12-25,Mumbai,Maharashtra,29.5,19.8,24.6,48.1,0.0,11.2,170,Moderate,1021.9,27.9
2024-12-26,Mumbai,Maharashtra,30.8,17.4,24.1,50.6,0.0,7.2,194,Moderate,1026.2,7.7
2024-12-27,Mumbai,Maharashtra,32.0,17.8,24.9,36.3,0.0,7.0,220,Poor,1021.1,5.2
2024-12-28,Mumbai,Maharashtra,31.0,18.8,24.9,45.0,0.0,7.6,193,Moderate,1022.6,27.2
2024-12-29,Mumbai,Maharashtra,30.6,18.5,24.5,37.2,0.0,8.3,206,Poor,1025.4,14.0
2024-12-30,Mumbai,Maharashtra,29.4,19.1,24.3,47.1,0.0,7.4,213,Poor,1022.3,31.5
2024-12-31,Mumbai,Maharashtra,31.5,19.0,25.2,54.8,0.0,10.7,175,Moderate,1023.3,15.3
2025-01-01,Mumbai,Maharashtra,31.1,19.6,25.4,61.2,0.0,11.6,194,Moderate,1024.9,32.0
2025-01-02,Mumbai,Maharashtra,30.6,18.7,24.6,50.8,0.0,8.8,192,Moderate,1021.8,24.1
2025-01-03,Mumbai,Maharashtra,30.6,18.8,24.7,46.0,0.0,7.5,169,Moderate,1020.3,22.1
2025-01-04,Mumbai,Maharashtra,31.2,19.7,25.5,45.4,0.0,8.2,172,Moderate,1019.7,12.4
2025-01-05,Mumbai,Maharashtra,30.8,18.4,24.6,51.5,0.0,8.8,177,Moderate,1024.0,21.4
2025-01-06,Mumbai,Maharashtra,30.1,18.5,24.3,44.5,0.0,8.2,214,Poor,1023.7,35.0
2025-01-07,Mumbai,Maharashtra,30.9,18.5,24.7,45.3,0.0,8.5,213,Poor,1024.9,17.3
2025-01-08,Mumbai,Maharashtra,31.0,19.2,25.1,56.8,0.0,11.3,201,Poor,1022.1,25.2
2025-01-09,Mumbai,Maharashtra,31.9,18.0,24.9,43.0,0.0,7.4,204,Poor,1019.8,18.5
2025-01-10,Mumbai,Maharashtra,31.8,20.2,26.0,43.8,0.0,15.2,183,Moderate,1017.7,19.0
2025-01-11,Mumbai,Maharashtra,31.2,19.3,25.2,53.2,0.0,8.9,196,Moderate,1028.3,41.8
2025-01-12,Mumbai,Maharashtra,29.8,19.5,24.6,53.5,0.0,8.1,201,Poor,1023.8,34.9
2025-01-13,Mumbai,Maharashtra,32.0,18.7,25.3,44.8,0.0,7.4,204,Poor,1022.7,18.7
2025-01-14,Mumbai,Maharashtra,31.8,18.5,25.1,49.0,0.0,7.5,162,Moderate,1023.0,20.7
2025-01-15,Mumbai,Maharashtra,31.5,18.9,25.2,48.7,0.0,8.6,172,Moderate,1019.6,7.9
2025-01-16,Mumbai,Maharashtra,32.9,18.8,25.9,56.5,0.0,8.9,166,Moderate,1020.6,14.9
2025-01-17,Mumbai,Maharashtra,30.7,18.3,24.5,48.8,0.0,8.0,214,Poor,1026.0,22.4
2025-01-18,Mumbai,Maharashtra,28.9,18.4,23.6,51.7,0.0,6.8,229,Poor,1024.1,30.5
2025-01-19,Mumbai,Maharashtra,29.3,18.2,23.8,59.1,0.0,8.6,140,Moderate,1021.1,29.0
2025-01-20,Mumbai,Maharashtra,31.1,16.7,23.9,42.8,0.0,7.5,224,Poor,1020.1,2.9
2025-01-21,Mumbai,Maharashtra,31.1,18.8,24.9,44.4,0.0,6.5,194,Moderate,1021.2,31.5
2025-01-22,Mumbai,Maharashtra,30.8,19.5,25.2,48.9,0.0,10.1,204,Poor,1021.5,16.4
2025-01-23,Mumbai,Maharashtra,32.6,19.5,26.1,49.4,0.0,6.6,202,Poor,1025.9,3.3
2025-01-24,Mumbai,Maharashtra,30.7,19.5,25.1,53.9,0.0,7.9,218,Poor,1021.6,36.4
2025-01-25,Mumbai,Maharashtra,28.3,18.0,23.2,53.7,0.0,8.4,189,Moderate,1020.1,39.4
2025-01-26,Mumbai,Maharashtra,30.4,16.1,23.2,43.2,0.0,12.2,144,Moderate,1022.3,22.5
2025-01-27,Mumbai,Maharashtra,29.6,17.8,23.7,51.0,0.0,6.5,186,Moderate,1022.7,28.5
2025-01-28,Mumbai,Maharashtra,29.7,18.3,24.0,57.5,0.0,10.4,189,Moderate,1019.5,29.2
2025-01-29,Mumbai,Maharashtra,30.3,18.2,24.3,46.8,0.0,10.9,170,Moderate,1022.7,37.8
2025-01-30,Mumbai,Maharashtra,30.0,18.9,24.5,49.5,0.0,13.4,182,Moderate,1024.2,28.3
2025-01-31,Mumbai,Maharashtra,32.3,17.8,25.0,42.2,0.0,11.5,170,Moderate,1021.8,0.0
2025-02-01,Mumbai,Maharashtra,29.1,20.5,24.8,50.9,0.0,8.5,166,Moderate,1019.9,46.0
2025-02-02,Mumbai,Maharashtra,30.2,19.5,24.8,52.7,0.0,10.5,149,Moderate,1020.4,32.8
2025-02-03,Mumbai,Maharashtra,30.9,17.2,24.1,49.5,0.0,12.4,158,Moderate,1018.2,11.2
2025-02-04,Mumbai,Maharashtra,31.4,16.6,24.0,47.9,0.0,6.4,186,Moderate,1021.2,4.0
2025-02-05,Mumbai,Maharashtra,29.7,18.7,24.2,45.4,0.0,6.8,137,Moderate,1022.0,25.4
2025-02-06,Mumbai,Maharashtra,30.6,19.0,24.8,39.1,0.0,9.1,156,Moderate,1019.3,14.1
2025-02-07,Mumbai,Maharashtra,32.1,19.6,25.9,49.6,0.0,10.8,123,Moderate,1024.6,21.9
2025-02-08,Mumbai,Maharashtra,30.2,19.3,24.7,48.0,0.0,10.0,155,Moderate,1022.5,28.4
2025-02-09,Mumbai,Maharashtra,31.4,18.9,25.2,55.3,0.0,9.3,195,Moderate,1017.1,9.8
2025-02-10,Mumbai,Maharashtra,30.8,16.6,23.7,55.2,0.0,13.4,131,Moderate,1017.5,3.0
2025-02-11,Mumbai,Maharashtra,30.2,18.9,24.6,59.6,0.0,8.0,186,Moderate,1018.7,23.6
2025-02-12,Mumbai,Maharashtra,28.9,18.1,23.5,43.0,0.0,7.4,234,Poor,1024.0,11.3
2025-02-13,Mumbai,Maharashtra,28.2,17.5,22.8,53.3,0.0,7.7,201,Poor,1022.7,21.3
2025-02-14,Mumbai,Maharashtra,28.4,15.0,21.7,51.2,0.0,9.2,167,Moderate,1024.4,1.1
2025-02-15,Mumbai,Maharashtra,26.0,15.5,20.7,54.8,0.0,8.4,184,Moderate,1021.3,17.0
2025-02-16,Mumbai,Maharashtra,26.7,15.6,21.2,51.9,0.0,11.0,127,Moderate,1020.6,30.3
2025-02-17,Mumbai,Maharashtra,27.6,17.5,22.6,58.5,0.0,7.5,130,Moderate,1018.1,27.9
2025-02-18,Mumbai,Maharashtra,30.3,15.7,23.0,47.4,0.0,9.5,159,Moderate,1021.0,8.1
2025-02-19,Mumbai,Maharashtra,31.4,15.9,23.6,46.3,0.0,10.5,163,Moderate,1019.6,2.5
2025-02-20,Mumbai,Maharashtra,29.4,18.2,23.8,41.5,0.0,12.4,173,Moderate,1019.4,18.9
2025-02-21,Mumbai,Maharashtra,30.7,18.8,24.7,53.3,0.0,6.9,149,Moderate,1022.7,26.0
2025-02-22,Mumbai,Maharashtra,30.5,19.6,25.0,48.0,0.0,7.7,162,Moderate,1019.0,23.7
2025-02-23,Mumbai,Maharashtra,32.3,19.8,26.1,47.9,0.0,8.3,159,Moderate,1021.5,10.2
2025-02-24,Mumbai,Maharashtra,32.4,18.7,25.5,49.7,0.0,6.7,155,Moderate,1015.7,21.9
2025-02-25,Mumbai,Maharashtra,30.0,19.7,24.8,53.8,0.0,9.3,148,Moderate,1024.3,39.2
2025-02-26,Mumbai,Maharashtra,30.1,18.4,24.3,49.2,0.0,9.3,130,Moderate,1018.2,21.4
2025-02-27,Mumbai,Maharashtra,30.3,17.8,24.0,48.8,0.0,9.1,154,Moderate,1020.3,0.0
2025-02-28,Mumbai,Maharashtra,29.8,16.7,23.2,49.3,0.0,8.2,153,Moderate,1020.8,22.1
2025-03-01,Mumbai,Maharashtra,27.0,20.1,23.6,48.4,0.0,11.9,128,Moderate,1017.8,47.7
2025-03-02,Mumbai,Maharashtra,30.8,17.8,24.3,47.6,0.0,7.7,162,Moderate,1020.1,0.6
2025-03-03,Mumbai,Maharashtra,31.3,19.2,25.2,44.0,0.0,11.5,158,Moderate,1019.8,18.5
2025-03-04,Mumbai,Maharashtra,29.9,18.2,24.1,41.7,0.0,7.7,159,Moderate,1016.8,15.7
2025-03-05,Mumbai,Maharashtra,31.5,18.5,25.0,43.3,0.0,6.9,122,Moderate,1016.4,19.6
2025-03-06,Mumbai,Maharashtra,31.6,18.4,25.0,50.2,0.0,8.5,142,Moderate,1017.8,21.1
2025-03-07,Mumbai,Maharashtra,29.8,20.1,25.0,51.2,2.6,8.9,115,Moderate,1017.3,34.3
2025-03-08,Mumbai,Maharashtra,32.2,18.0,25.1,37.7,0.0,9.5,136,Moderate,1020.2,19.5
2025-03-09,Mumbai,Maharashtra,29.4,19.9,24.7,50.5,0.0,6.3,121,Moderate,1018.8,36.5
2025-03-10,Mumbai,Maharashtra,32.1,18.5,25.3,53.4,0.0,8.0,163,Moderate,1016.9,16.6
2025-03-11,Mumbai,Maharashtra,31.2,18.5,24.8,45.0,0.0,14.8,133,Moderate,1018.3,13.7
2025-03-12,Mumbai,Maharashtra,31.1,18.8,25.0,45.4,0.0,7.6,158,Moderate,1012.8,9.2
2025-03-13,Mumbai,Maharashtra,31.9,18.8,25.3,49.1,0.0,10.9,146,Moderate,1015.4,0.0
2025-03-14,Mumbai,Maharashtra,31.0,19.1,25.0,53.1,0.0,20.6,90,Satisfactory,1017.1,22.4
2025-03-15,Mumbai,Maharashtra,30.0,19.6,24.8,59.9,0.0,15.8,97,Satisfactory,1018.7,47.5
2025-03-16,Mumbai,Maharashtra,30.3,19.5,24.9,35.9,0.0,7.1,166,Moderate,1016.7,25.1
2025-03-17,Mumbai,Maharashtra,29.7,18.4,24.0,60.0,0.0,10.6,113,Moderate,1019.3,28.9
2025-03-18,Mumbai,Maharashtra,30.5,18.7,24.6,50.6,0.0,10.8,85,Satisfactory,1017.8,13.2
2025-03-19,Mumbai,Maharashtra,30.5,19.3,24.9,60.0,0.0,10.1,137,Moderate,1014.9,15.4
2025-03-20,Mumbai,Maharashtra,30.1,19.7,24.9,47.6,0.0,6.9,125,Moderate,1015.4,32.7
2025-03-21,Mumbai,Maharashtra,28.9,19.9,24.4,46.3,0.0,9.1,148,Moderate,1016.5,47.4
2025-03-22,Mumbai,Maharashtra,30.7,20.4,25.5,52.6,0.0,9.1,118,Moderate,1014.3,39.5
2025-03-23,Mumbai,Maharashtra,31.2,19.4,25.3,49.3,0.0,6.8,117,Moderate,1018.2,30.1
2025-03-24,Mumbai,Maharashtra,32.5,20.2,26.4,50.7,0.0,8.1,146,Moderate,1012.4,18.7
2025-03-25,Mumbai,Maharashtra,32.7,18.7,25.7,53.9,0.0,9.2,74,Satisfactory,1015.3,21.6
2025-03-26,Mumbai,Maharashtra,30.4,19.7,25.1,45.7,0.0,8.5,95,Satisfactory,1016.2,8.6
2025-03-27,Mumbai,Maharashtra,32.2,18.2,25.2,43.0,0.0,10.3,82,Satisfactory,1013.9,0.0
2025-03-28,Mumbai,Maharashtra,33.7,20.4,27.1,46.0,0.0,8.1,58,Satisfactory,1012.7,2.3
2025-03-29,Mumbai,Maharashtra,34.9,21.9,28.4,44.6,0.0,8.9,121,Moderate,1013.1,18.0
2025-03-30,Mumbai,Maharashtra,35.2,21.9,28.6,43.0,0.0,11.1,82,Satisfactory,1014.7,13.2
2025-03-31,Mumbai,Maharashtra,35.1,21.8,28.4,47.1,0.0,14.1,105,Moderate,1012.0,0.0
2025-04-01,Mumbai,Maharashtra,34.4,22.0,28.2,52.2,0.0,6.9,111,Moderate,1010.7,17.2
2025-04-02,Mumbai,Maharashtra,33.0,21.3,27.2,51.4,0.0,10.3,105,Moderate,1015.3,13.9
2025-04-03,Mumbai,Maharashtra,33.8,19.8,26.8,42.9,0.0,7.8,87,Satisfactory,1013.7,2.3
2025-04-04,Mumbai,Maharashtra,31.4,20.8,26.1,36.2,0.0,9.6,74,Satisfactory,1015.0,14.0
2025-04-05,Mumbai,Maharashtra,33.2,20.0,26.6,45.9,0.0,6.9,98,Satisfactory,1014.2,14.5
2025-04-06,Mumbai,Maharashtra,32.7,20.0,26.4,42.2,0.0,12.1,101,Moderate,1016.9,10.6
2025-04-07,Mumbai,Maharashtra,31.2,20.5,25.8,50.7,0.0,7.4,90,Satisfactory,1014.8,32.7
2025-04-08,Mumbai,Maharashtra,31.7,18.5,25.1,41.4,0.0,11.3,64,Satisfactory,1011.2,0.0
2025-04-09,Mumbai,Maharashtra,31.8,18.5,25.1,44.7,0.0,7.0,63,Satisfactory,1013.4,0.0
2025-04-10,Mumbai,Maharashtra,31.7,18.4,25.0,44.3,0.0,6.8,93,Satisfactory,1011.2,20.6
2025-04-11,Mumbai,Maharashtra,32.2,17.1,24.7,43.7,0.0,8.3,70,Satisfactory,1011.3,22.2
2025-04-12,Mumbai,Maharashtra,32.9,20.0,26.5,55.7,0.0,9.2,77,Satisfactory,1008.8,25.6
2025-04-13,Mumbai,Maharashtra,33.8,21.7,27.7,40.8,0.0,16.5,53,Satisfactory,1010.5,11.8
2025-04-14,Mumbai,Maharashtra,33.4,19.9,26.7,45.6,0.0,9.2,66,Satisfactory,1012.3,7.3
2025-04-15,Mumbai,Maharashtra,33.5,20.8,27.1,52.8,0.0,7.2,85,Satisfactory,1010.8,19.9
2025-04-16,Mumbai,Maharashtra,32.1,20.7,26.4,52.1,0.0,10.8,80,Satisfactory,1008.8,14.4
2025-04-17,Mumbai,Maharashtra,30.7,21.5,26.1,58.0,0.0,12.9,104,Moderate,1007.8,42.7
2025-04-18,Mumbai,Maharashtra,32.5,20.3,26.4,49.6,0.0,7.5,90,Satisfactory,1014.9,16.4
2025-04-19,Mumbai,Maharashtra,33.1,20.3,26.7,52.4,0.0,11.2,97,Satisfactory,1011.0,20.2
2025-04-20,Mumbai,Maharashtra,30.4,22.6,26.5,63.8,0.0,12.3,40,Good,1008.6,55.9
2025-04-21,Mumbai,Maharashtra,31.9,20.6,26.2,51.3,0.0,10.9,25,Good,1011.1,18.9
2025-04-22,Mumbai,Maharashtra,30.9,19.1,25.0,43.5,0.0,7.8,66,Satisfactory,1014.8,30.4
2025-04-23,Mumbai,Maharashtra,31.1,19.9,25.5,50.0,0.0,9.4,80,Satisfactory,1011.3,31.6
2025-04-24,Mumbai,Maharashtra,33.8,21.3,27.5,54.8,0.0,9.8,74,Satisfactory,1003.8,31.8
2025-04-25,Mumbai,Maharashtra,33.1,22.9,28.0,46.7,0.0,12.2,77,Satisfactory,1014.4,25.6
2025-04-26,Mumbai,Maharashtra,35.8,21.8,28.8,57.1,0.0,7.9,15,Good,1005.0,24.0
2025-04-27,Mumbai,Maharashtra,33.7,23.5,28.6,48.8,0.0,11.5,77,Satisfactory,1008.2,23.1
2025-04-28,Mumbai,Maharashtra,35.1,24.7,29.9,46.5,0.0,8.7,62,Satisfactory,1005.8,13.2
2025-04-29,Mumbai,Maharashtra,35.0,23.6,29.3,55.2,0.0,8.4,21,Good,1006.6,26.5
2025-04-30,Mumbai,Maharashtra,33.5,24.9,29.2,54.3,0.0,9.2,67,Satisfactory,1008.5,50.7
2025-05-01,Mumbai,Maharashtra,33.9,23.4,28.7,54.3,0.0,6.6,60,Satisfactory,1003.8,39.9
2025-05-02,Mumbai,Maharashtra,35.0,23.7,29.4,54.8,0.0,6.8,63,Satisfactory,1007.4,27.1
2025-05-03,Mumbai,Maharashtra,33.7,23.1,28.4,45.8,0.0,6.9,75,Satisfactory,1010.0,35.8
2025-05-04,Mumbai,Maharashtra,34.6,23.0,28.8,46.4,0.0,10.2,52,Satisfactory,1005.7,11.8
2025-05-05,Mumbai,Maharashtra,36.0,23.7,29.9,53.2,0.0,8.7,15,Good,1004.2,20.0
2025-05-06,Mumbai,Maharashtra,34.0,23.8,28.9,54.2,0.0,8.1,42,Good,1006.8,37.9
2025-05-07,Mumbai,Maharashtra,33.5,22.5,28.0,64.0,0.0,9.2,15,Good,1006.5,46.4
2025-05-08,Mumbai,Maharashtra,34.4,22.4,28.4,41.9,0.0,11.8,47,Good,1005.7,15.0
2025-05-09,Mumbai,Maharashtra,33.8,23.0,28.4,42.5,0.0,9.1,69,Satisfactory,1004.3,19.5
2025-05-10,Mumbai,Maharashtra,33.5,25.9,29.7,62.3,0.0,7.7,15,Good,1007.2,56.5
2025-05-11,Mumbai,Maharashtra,33.9,22.9,28.4,57.9,0.0,18.2,15,Good,1007.6,28.6
2025-05-12,Mumbai,Maharashtra,32.8,24.7,28.7,58.0,0.0,9.5,15,Good,1004.0,53.1
2025-05-13,Mumbai,Maharashtra,31.1,21.6,26.3,58.6,27.5,13.0,15,Good,1004.8,32.4
2025-05-14,Mumbai,Maharashtra,32.0,20.7,26.4,60.8,0.0,11.6,35,Good,1006.8,33.5
2025-05-15,Mumbai,Maharashtra,32.2,22.7,27.5,50.8,0.0,8.8,22,Good,1004.1,25.6
2025-05-16,Mumbai,Maharashtra,34.3,22.9,28.6,54.6,0.0,14.9,29,Good,1005.9,43.0
2025-05-17,Mumbai,Maharashtra,33.2,23.5,28.4,61.1,0.0,8.6,54,Satisfactory,1008.4,49.5
2025-05-18,Mumbai,Maharashtra,33.8,22.1,27.9,58.2,0.0,10.7,48,Good,1005.3,16.9
2025-05-19,Mumbai,Maharashtra,31.9,21.9,26.9,51.4,0.0,10.4,15,Good,1003.1,27.7
2025-05-20,Mumbai,Maharashtra,31.5,21.0,26.3,61.2,7.3,10.6,46,Good,1006.4,46.5
2025-05-21,Mumbai,Maharashtra,33.3,22.6,27.9,56.8,0.0,14.3,43,Good,1004.6,31.6
2025-05-22,Mumbai,Maharashtra,32.8,22.5,27.7,59.8,0.0,10.0,55,Satisfactory,1004.6,27.3
2025-05-23,Mumbai,Maharashtra,32.6,23.0,27.8,62.8,0.0,10.4,16,Good,1005.6,49.0
2025-05-24,Mumbai,Maharashtra,31.4,23.8,27.6,61.2,0.0,10.6,15,Good,1006.0,51.1
2025-05-25,Mumbai,Maharashtra,31.6,22.6,27.1,66.4,0.0,17.5,15,Good,1004.6,30.4
2025-05-26,Mumbai,Maharashtra,31.6,22.7,27.2,60.1,0.0,13.3,15,Good,1004.3,40.4
2025-05-27,Mumbai,Maharashtra,33.8,22.2,28.0,56.8,0.0,8.2,21,Good,1008.1,20.8
2025-05-28,Mumbai,Maharashtra,34.1,23.1,28.6,51.4,1.9,9.3,34,Good,1006.1,25.6
2025-05-29,Mumbai,Maharashtra,35.6,24.6,30.1,58.3,0.0,10.5,42,Good,1004.8,39.8
2025-05-30,Mumbai,Maharashtra,34.3,25.3,29.8,65.1,0.0,14.8,15,Good,1003.3,39.5
2025-05-31,Mumbai,Maharashtra,36.3,25.0,30.7,61.0,0.0,15.3,15,Good,1000.7,25.8
2025-06-01,Mumbai,Maharashtra,34.9,24.6,29.8,64.7,5.8,10.5,15,Good,1005.0,30.7
2025-06-02,Mumbai,Maharashtra,34.9,25.2,30.1,63.8,0.0,9.6,15,Good,1002.8,26.5
2025-06-03,Mumbai,Maharashtra,36.1,26.6,31.3,75.8,0.0,10.4,25,Good,1000.9,47.9
2025-06-04,Mumbai,Maharashtra,35.7,24.3,30.0,56.0,0.0,11.0,15,Good,1001.8,15.7
2025-06-05,Mumbai,Maharashtra,33.5,23.8,28.6,56.6,0.0,10.4,15,Good,1000.6,30.8
2025-06-06,Mumbai,Maharashtra,35.2,24.0,29.6,56.7,0.0,14.5,15,Good,1004.2,19.3
2025-06-07,Mumbai,Maharashtra,33.0,24.4,28.7,67.1,0.0,10.4,20,Good,1003.6,52.7
2025-06-08,Mumbai,Maharashtra,34.8,24.1,29.4,59.0,0.0,9.7,21,Good,1002.2,22.1
2025-06-09,Mumbai,Maharashtra,34.0,25.5,29.7,70.6,6.2,10.8,15,Good,1001.6,48.5
2025-06-10,Mumbai,Maharashtra,33.6,27.6,30.6,81.3,0.0,11.9,20,Good,999.9,71.5
2025-06-11,Mumbai,Maharashtra,33.8,26.6,30.2,84.0,0.0,15.0,15,Good,997.0,73.1
2025-06-12,Mumbai,Maharashtra,35.1,25.5,30.3,68.8,0.0,9.9,15,Good,998.3,25.3
2025-06-13,Mumbai,Maharashtra,33.6,26.4,30.0,84.6,2.5,12.2,15,Good,999.6,56.0
2025-06-14,Mumbai,Maharashtra,34.8,25.6,30.2,68.8,8.1,12.3,15,Good,999.1,38.8
2025-06-15,Mumbai,Maharashtra,34.5,24.3,29.4,63.3,0.0,12.9,19,Good,1001.5,37.4
2025-06-16,Mumbai,Maharashtra,33.0,24.6,28.8,81.4,16.4,11.1,15,Good,1002.6,53.8
2025-06-17,Mumbai,Maharashtra,31.7,25.4,28.6,72.1,0.0,13.0,23,Good,1000.7,73.8
2025-06-18,Mumbai,Maharashtra,30.6,23.8,27.2,77.6,0.0,13.8,15,Good,1004.0,66.8
2025-06-19,Mumbai,Maharashtra,31.3,22.2,26.8,81.1,0.0,11.3,15,Good,999.7,49.6
2025-06-20,Mumbai,Maharashtra,28.5,24.0,26.3,83.7,15.4,12.5,15,Good,1001.0,70.7
2025-06-21,Mumbai,Maharashtra,32.2,21.7,26.9,74.4,0.0,11.8,15,Good,1000.9,30.0
2025-06-22,Mumbai,Maharashtra,29.1,22.8,26.0,75.7,23.3,11.0,15,Good,1003.3,52.4
2025-06-23,Mumbai,Maharashtra,29.9,23.1,26.5,81.6,0.0,10.4,15,Good,1001.1,52.1
2025-06-24,Mumbai,Maharashtra,29.4,22.8,26.1,90.6,15.1,11.3,26,Good,1001.2,65.9
2025-06-25,Mumbai,Maharashtra,31.1,21.6,26.3,85.4,0.0,11.5,15,Good,997.4,62.7
2025-06-26,Mumbai,Maharashtra,30.9,22.1,26.5,82.0,9.4,10.6,15,Good,998.8,64.4
2025-06-27,Mumbai,Maharashtra,30.4,22.6,26.5,80.5,14.9,13.6,15,Good,1002.7,64.9
2025-06-28,Mumbai,Maharashtra,29.5,22.3,25.9,84.6,0.0,14.8,15,Good,996.4,68.8
2025-06-29,Mumbai,Maharashtra,28.8,24.5,26.7,92.3,11.2,12.4,15,Good,1003.0,76.5
2025-06-30,Mumbai,Maharashtra,30.8,24.1,27.5,90.8,0.0,12.7,15,Good,1001.0,71.4
2025-07-01,Mumbai,Maharashtra,29.9,23.6,26.7,85.1,0.0,12.0,15,Good,998.6,66.6
2025-07-02,Mumbai,Maharashtra,30.6,25.3,27.9,79.8,11.2,12.7,15,Good,998.1,76.3
2025-07-03,Mumbai,Maharashtra,31.1,25.3,28.2,94.7,9.1,14.2,15,Good,1003.4,82.8
2025-07-04,Mumbai,Maharashtra,32.0,25.5,28.7,84.0,8.6,13.8,15,Good,1002.2,63.9
2025-07-05,Mumbai,Maharashtra,32.5,25.2,28.9,93.9,0.0,12.9,15,Good,999.1,71.5
2025-07-06,Mumbai,Maharashtra,30.8,27.6,29.2,90.7,0.0,12.2,20,Good,999.4,89.1
2025-07-07,Mumbai,Maharashtra,33.9,26.5,30.2,82.3,25.7,15.1,15,Good,997.6,57.5
2025-07-08,Mumbai,Maharashtra,30.6,27.1,28.8,98.7,6.7,12.5,15,Good,999.5,99.6
2025-07-09,Mumbai,Maharashtra,33.2,26.2,29.7,99.8,0.6,11.5,15,Good,997.6,55.7
2025-07-10,Mumbai,Maharashtra,33.0,26.3,29.6,95.3,16.5,13.6,15,Good,998.7,70.2
2025-07-11,Mumbai,Maharashtra,31.4,25.7,28.5,91.8,0.0,11.2,26,Good,1002.8,62.9
2025-07-12,Mumbai,Maharashtra,30.5,26.2,28.4,100.0,0.0,14.1,26,Good,999.0,100.0
2025-07-13,Mumbai,Maharashtra,30.8,24.7,27.8,85.3,6.2,14.3,15,Good,997.3,70.6
2025-07-14,Mumbai,Maharashtra,30.6,25.1,27.9,88.7,3.1,12.5,15,Good,996.6,71.0
2025-07-15,Mumbai,Maharashtra,30.5,24.9,27.7,82.6,9.6,12.7,15,Good,999.7,73.3
2025-07-16,Mumbai,Maharashtra,30.1,24.7,27.4,100.0,8.3,15.9,15,Good,998.0,80.4
2025-07-17,Mumbai,Maharashtra,30.6,25.4,28.0,100.0,1.9,20.4,15,Good,999.8,74.4
2025-07-18,Mumbai,Maharashtra,32.3,26.5,29.4,97.2,0.0,13.7,28,Good,995.7,76.6
2025-07-19,Mumbai,Maharashtra,33.5,24.7,29.1,85.9,7.8,12.6,15,Good,1000.5,29.4
2025-07-20,Mumbai,Maharashtra,30.6,25.7,28.2,89.4,32.5,14.5,15,Good,997.3,80.4
2025-07-21,Mumbai,Maharashtra,30.9,23.9,27.4,96.8,12.9,13.4,15,Good,999.7,80.4
2025-07-22,Mumbai,Maharashtra,30.3,25.4,27.8,100.0,5.7,14.3,15,Good,998.9,94.6
2025-07-23,Mumbai,Maharashtra,30.2,26.3,28.3,100.0,11.6,14.0,15,Good,1002.9,98.2
2025-07-24,Mumbai,Maharashtra,30.5,24.7,27.6,94.4,0.0,14.0,15,Good,1000.1,77.6
2025-07-25,Mumbai,Maharashtra,29.6,25.9,27.7,91.4,18.6,11.3,15,Good,1003.6,91.6
2025-07-26,Mumbai,Maharashtra,31.1,25.0,28.1,100.0,12.1,12.8,19,Good,1000.8,64.5
2025-07-27,Mumbai,Maharashtra,30.3,25.8,28.1,99.3,48.3,12.7,15,Good,1002.6,90.6
2025-07-28,Mumbai,Maharashtra,30.7,25.8,28.3,86.4,3.5,12.6,35,Good,999.4,71.5
2025-07-29,Mumbai,Maharashtra,30.8,23.7,27.2,89.4,7.6,15.1,15,Good,1000.9,63.4
2025-07-30,Mumbai,Maharashtra,30.5,25.3,27.9,90.0,5.6,11.9,15,Good,1002.5,76.8
2025-07-31,Mumbai,Maharashtra,31.1,27.2,29.2,99.2,8.7,11.3,21,Good,1001.6,97.9
2025-08-01,Mumbai,Maharashtra,31.0,26.1,28.5,97.4,0.0,12.5,15,Good,1001.2,80.9
2025-08-02,Mumbai,Maharashtra,32.6,25.4,29.0,97.3,14.1,12.2,15,Good,999.4,98.7
2025-08-03,Mumbai,Maharashtra,30.4,24.6,27.5,97.7,17.8,13.6,15,Good,1000.3,67.8
2025-08-04,Mumbai,Maharashtra,28.9,25.9,27.4,99.5,12.5,12.1,15,Good,1003.1,92.6
2025-08-05,Mumbai,Maharashtra,29.3,24.5,26.9,99.2,0.0,12.9,15,Good,1003.7,68.6
2025-08-06,Mumbai,Maharashtra,29.0,22.7,25.9,95.3,12.5,12.6,15,Good,1000.3,81.0
2025-08-07,Mumbai,Maharashtra,30.8,23.7,27.3,100.0,0.0,16.8,15,Good,999.7,79.5
2025-08-08,Mumbai,Maharashtra,30.6,25.9,28.2,92.6,7.1,12.0,15,Good,999.3,84.6
2025-08-09,Mumbai,Maharashtra,32.0,24.9,28.4,89.0,0.0,14.5,61,Satisfactory,1002.8,78.1
2025-08-10,Mumbai,Maharashtra,31.7,24.1,27.9,85.3,17.7,13.0,15,Good,999.6,64.0
2025-08-11,Mumbai,Maharashtra,30.2,25.0,27.6,94.0,0.9,15.6,15,Good,1003.3,86.1
2025-08-12,Mumbai,Maharashtra,30.2,25.9,28.0,88.1,12.1,17.8,15,Good,1002.8,97.1
2025-08-13,Mumbai,Maharashtra,30.9,23.8,27.4,91.1,19.7,12.8,37,Good,1001.0,64.4
2025-08-14,Mumbai,Maharashtra,32.1,23.0,27.6,75.4,0.0,10.8,15,Good,1005.3,46.0
2025-08-15,Mumbai,Maharashtra,31.6,25.2,28.4,91.5,0.5,11.2,30,Good,999.2,77.4
2025-08-16,Mumbai,Maharashtra,31.8,25.5,28.7,80.5,0.0,10.9,19,Good,1005.5,64.8
2025-08-17,Mumbai,Maharashtra,31.6,24.9,28.2,85.6,5.1,11.9,15,Good,1003.1,67.0
2025-08-18,Mumbai,Maharashtra,31.5,23.3,27.4,92.7,0.0,11.6,15,Good,998.8,76.3
2025-08-19,Mumbai,Maharashtra,31.3,23.8,27.6,97.2,25.7,13.0,15,Good,1006.3,61.2
2025-08-20,Mumbai,Maharashtra,33.0,24.8,28.9,79.0,0.0,14.7,15,Good,1004.8,62.1
2025-08-21,Mumbai,Maharashtra,32.7,24.9,28.8,83.5,0.0,10.3,38,Good,1002.2,63.7
2025-08-22,Mumbai,Maharashtra,31.4,25.3,28.4,85.1,10.9,12.4,56,Satisfactory,1001.5,85.0
2025-08-23,Mumbai,Maharashtra,32.3,24.9,28.6,78.9,0.0,11.1,36,Good,1000.4,63.7
2025-08-24,Mumbai,Maharashtra,33.7,24.2,29.0,74.7,0.0,12.3,15,Good,1008.5,44.9
2025-08-25,Mumbai,Maharashtra,34.2,24.7,29.5,81.3,11.3,11.3,15,Good,1001.9,44.2
2025-08-26,Mumbai,Maharashtra,32.7,24.9,28.8,78.6,8.5,13.7,16,Good,1001.6,62.3
2025-08-27,Mumbai,Maharashtra,33.5,25.3,29.4,87.0,0.0,10.4,32,Good,1004.7,43.2
2025-08-28,Mumbai,Maharashtra,34.4,24.6,29.5,75.6,3.5,10.8,40,Good,1001.0,36.2
2025-08-29,Mumbai,Maharashtra,33.2,25.9,29.5,74.4,10.9,11.5,36,Good,1002.6,65.9
2025-08-30,Mumbai,Maharashtra,33.6,26.5,30.0,76.5,0.0,11.1,80,Satisfactory,1006.6,65.3
2025-08-31,Mumbai,Maharashtra,34.3,23.1,28.7,71.4,17.1,11.3,27,Good,1006.1,50.4
2025-09-01,Mumbai,Maharashtra,31.8,25.3,28.6,80.8,0.0,9.6,23,Good,1004.7,58.8
2025-09-02,Mumbai,Maharashtra,32.7,23.6,28.2,67.8,6.4,15.5,54,Satisfactory,1005.8,56.6
2025-09-03,Mumbai,Maharashtra,31.5,24.5,28.0,69.9,0.0,10.5,77,Satisfactory,1005.1,61.5
2025-09-04,Mumbai,Maharashtra,32.4,24.3,28.3,72.6,0.0,9.8,57,Satisfactory,1006.0,60.3
2025-09-05,Mumbai,Maharashtra,34.9,21.2,28.1,68.5,2.0,11.0,43,Good,1004.9,14.6
2025-09-06,Mumbai,Maharashtra,32.3,24.3,28.3,77.5,0.0,11.2,65,Satisfactory,1005.4,46.6
2025-09-07,Mumbai,Maharashtra,31.5,23.9,27.7,80.3,0.0,17.1,33,Good,1005.8,56.6
2025-09-08,Mumbai,Maharashtra,32.7,23.4,28.1,72.0,0.0,13.8,15,Good,1005.6,42.4
2025-09-09,Mumbai,Maharashtra,33.0,24.8,28.9,68.8,4.9,10.3,67,Satisfactory,1009.2,47.2
2025-09-10,Mumbai,Maharashtra,33.0,23.7,28.3,75.2,0.0,15.9,65,Satisfactory,1009.0,56.7
2025-09-11,Mumbai,Maharashtra,32.8,24.2,28.5,62.5,0.0,14.8,81,Satisfactory,1005.8,46.3
2025-09-12,Mumbai,Maharashtra,33.0,24.4,28.7,62.4,0.0,9.2,50,Good,1005.4,65.2
2025-09-13,Mumbai,Maharashtra,31.3,24.3,27.8,72.7,0.0,18.0,50,Good,1007.9,59.5
2025-09-14,Mumbai,Maharashtra,32.9,25.0,29.0,59.9,0.0,9.7,73,Satisfactory,1012.5,40.5
2025-09-15,Mumbai,Maharashtra,34.2,24.5,29.4,63.3,0.0,10.8,68,Satisfactory,1006.2,38.3
2025-09-16,Mumbai,Maharashtra,35.6,24.6,30.1,54.7,3.5,13.8,60,Satisfactory,1007.9,0.0
2025-09-17,Mumbai,Maharashtra,35.2,23.5,29.3,63.1,0.0,8.2,77,Satisfactory,1008.9,34.8
2025-09-18,Mumbai,Maharashtra,34.0,24.3,29.2,62.8,0.0,10.0,78,Satisfactory,1008.8,19.7
2025-09-19,Mumbai,Maharashtra,33.7,24.9,29.3,66.3,0.0,10.8,89,Satisfactory,1008.2,40.9
2025-09-20,Mumbai,Maharashtra,33.6,23.2,28.4,63.1,2.0,12.8,94,Satisfactory,1011.9,39.7
2025-09-21,Mumbai,Maharashtra,32.3,23.4,27.8,61.5,0.0,10.0,61,Satisfactory,1010.9,46.8
2025-09-22,Mumbai,Maharashtra,33.3,25.8,29.5,64.2,0.0,7.9,81,Satisfactory,1011.4,54.9
2025-09-23,Mumbai,Maharashtra,37.4,24.8,31.1,54.3,0.0,16.0,57,Satisfactory,1010.7,33.3
2025-09-24,Mumbai,Maharashtra,34.9,27.5,31.2,62.8,0.0,9.9,71,Satisfactory,1011.5,64.8
2025-09-25,Mumbai,Maharashtra,34.5,24.4,29.4,71.5,0.0,10.6,48,Good,1013.6,36.5
2025-09-26,Mumbai,Maharashtra,35.4,23.7,29.5,53.9,0.0,7.9,92,Satisfactory,1013.2,14.1
2025-09-27,Mumbai,Maharashtra,35.7,23.7,29.7,56.9,2.1,13.6,87,Satisfactory,1015.4,23.9
2025-09-28,Mumbai,Maharashtra,34.4,22.8,28.6,52.1,0.0,8.9,89,Satisfactory,1013.7,26.5
2025-09-29,Mumbai,Maharashtra,32.1,22.8,27.4,64.2,0.0,8.5,95,Satisfactory,1010.4,40.1
2025-09-30,Mumbai,Maharashtra,34.1,22.6,28.4,56.9,0.0,12.5,95,Satisfactory,1013.4,17.4
2025-10-01,Mumbai,Maharashtra,34.2,23.2,28.7,58.1,0.0,7.7,131,Moderate,1013.2,25.6
2025-10-02,Mumbai,Maharashtra,33.9,22.1,28.0,55.9,2.0,10.3,84,Satisfactory,1016.1,27.4
2025-10-03,Mumbai,Maharashtra,34.0,23.6,28.8,58.0,0.0,8.3,76,Satisfactory,1010.3,22.4
2025-10-04,Mumbai,Maharashtra,36.2,23.8,30.0,61.6,0.0,10.5,96,Satisfactory,1013.2,38.8
2025-10-05,Mumbai,Maharashtra,41.1,31.3,36.2,51.0,0.0,11.1,139,Moderate,1009.1,35.9
2025-10-06,Mumbai,Maharashtra,40.8,30.7,35.7,50.7,0.0,8.5,81,Satisfactory,1011.9,43.1
2025-10-07,Mumbai,Maharashtra,40.8,30.3,35.6,50.8,0.0,12.9,111,Moderate,1010.6,21.7
2025-10-08,Mumbai,Maharashtra,33.3,24.4,28.8,51.3,0.0,9.3,133,Moderate,1014.1,42.9
2025-10-09,Mumbai,Maharashtra,34.1,22.3,28.2,44.5,0.0,15.3,42,Good,1010.7,6.9
2025-10-10,Mumbai,Maharashtra,33.7,21.9,27.8,47.8,0.0,12.2,112,Moderate,1015.4,6.4
2025-10-11,Mumbai,Maharashtra,33.7,21.5,27.6,39.7,0.0,9.4,125,Moderate,1014.5,8.5
2025-10-12,Mumbai,Maharashtra,34.4,23.8,29.1,54.7,0.0,9.4,108,Moderate,1014.1,24.4
2025-10-13,Mumbai,Maharashtra,33.9,22.8,28.4,49.7,0.0,7.3,107,Moderate,1018.1,41.1
2025-10-14,Mumbai,Maharashtra,34.6,23.2,28.9,45.9,0.0,12.0,97,Satisfactory,1013.5,15.2
2025-10-15,Mumbai,Maharashtra,34.3,23.1,28.7,47.4,0.0,8.0,115,Moderate,1015.2,16.7
2025-10-16,Mumbai,Maharashtra,34.9,23.4,29.1,48.8,0.0,9.5,113,Moderate,1014.7,19.7
2025-10-17,Mumbai,Maharashtra,34.9,22.8,28.8,49.4,9.7,15.0,88,Satisfactory,1015.2,30.6
2025-10-18,Mumbai,Maharashtra,34.0,21.6,27.8,48.1,0.0,12.5,108,Moderate,1019.7,16.2
2025-10-19,Mumbai,Maharashtra,33.7,21.6,27.6,47.9,0.0,7.5,156,Moderate,1015.6,15.2
2025-10-20,Mumbai,Maharashtra,34.8,23.1,29.0,42.1,0.0,9.0,101,Moderate,1014.1,2.8
2025-10-21,Mumbai,Maharashtra,33.7,22.5,28.1,43.4,0.0,9.6,89,Satisfactory,1019.4,13.9
2025-10-22,Mumbai,Maharashtra,33.0,23.6,28.3,57.7,0.0,13.0,147,Moderate,1015.2,38.0
2025-10-23,Mumbai,Maharashtra,35.0,21.9,28.4,38.1,0.0,12.3,119,Moderate,1012.7,22.4
2025-10-24,Mumbai,Maharashtra,34.3,21.2,27.8,45.4,0.0,10.2,122,Moderate,1014.8,10.9
2025-10-25,Mumbai,Maharashtra,32.3,22.5,27.4,50.4,0.0,9.9,130,Moderate,1014.0,38.6
2025-10-26,Mumbai,Maharashtra,33.6,21.6,27.6,48.8,0.0,8.8,142,Moderate,1013.0,12.7
2025-10-27,Mumbai,Maharashtra,31.2,21.5,26.4,46.6,0.0,9.5,125,Moderate,1016.4,41.3
2025-10-28,Mumbai,Maharashtra,30.6,20.9,25.7,51.7,0.0,8.4,152,Moderate,1017.3,41.3
2025-10-29,Mumbai,Maharashtra,33.2,20.8,27.0,48.3,0.0,10.8,115,Moderate,1019.6,21.5
2025-10-30,Mumbai,Maharashtra,32.9,19.8,26.4,49.8,0.0,10.0,133,Moderate,1018.8,0.0
2025-10-31,Mumbai,Maharashtra,31.1,19.3,25.2,58.6,0.0,11.6,89,Satisfactory,1019.2,53.4
2025-11-01,Mumbai,Maharashtra,33.0,20.2,26.6,43.9,0.0,11.4,165,Moderate,1016.0,25.8
2025-11-02,Mumbai,Maharashtra,33.5,19.8,26.7,45.0,0.0,7.7,146,Moderate,1019.7,15.7
2025-11-03,Mumbai,Maharashtra,31.8,20.0,25.9,56.4,0.0,6.4,170,Moderate,1021.1,33.9
2025-11-04,Mumbai,Maharashtra,30.9,20.0,25.4,45.5,0.0,7.6,164,Moderate,1019.3,30.5
2025-11-05,Mumbai,Maharashtra,32.0,20.6,26.3,52.1,0.0,9.3,162,Moderate,1019.3,38.3
2025-11-06,Mumbai,Maharashtra,32.7,20.4,26.5,46.0,0.0,8.3,154,Moderate,1016.0,10.4
2025-11-07,Mumbai,Maharashtra,34.4,21.0,27.7,46.1,0.0,8.2,164,Moderate,1020.4,23.4
2025-11-08,Mumbai,Maharashtra,33.6,19.9,26.8,57.6,0.0,7.5,138,Moderate,1022.3,2.7
2025-11-09,Mumbai,Maharashtra,32.3,20.6,26.4,48.0,0.0,9.6,129,Moderate,1019.6,28.8
2025-11-10,Mumbai,Maharashtra,32.7,20.4,26.6,50.0,0.0,6.6,161,Moderate,1017.8,18.9
2025-11-11,Mumbai,Maharashtra,33.5,19.9,26.7,44.6,0.0,10.0,141,Moderate,1018.8,23.0
2025-11-12,Mumbai,Maharashtra,32.2,21.4,26.8,49.6,0.0,10.0,188,Moderate,1018.3,16.8
2025-11-13,Mumbai,Maharashtra,34.8,20.5,27.7,50.2,0.0,11.4,163,Moderate,1018.3,14.7
2025-11-14,Mumbai,Maharashtra,33.3,20.5,26.9,41.6,0.0,21.6,114,Moderate,1020.7,6.5
2025-11-15,Mumbai,Maharashtra,31.9,21.9,26.9,49.3,0.0,6.3,164,Moderate,1020.1,29.6
2025-11-16,Mumbai,Maharashtra,32.0,22.0,27.0,47.2,0.0,9.9,165,Moderate,1021.6,39.3
2025-11-17,Mumbai,Maharashtra,33.3,22.2,27.8,38.9,0.0,10.4,160,Moderate,1020.2,10.1
2025-11-18,Mumbai,Maharashtra,33.7,21.4,27.6,53.3,0.0,7.5,177,Moderate,1017.9,25.7
2025-11-19,Mumbai,Maharashtra,32.3,21.5,26.9,45.6,0.0,8.3,171,Moderate,1019.0,24.3
2025-11-20,Mumbai,Maharashtra,32.6,20.3,26.5,35.3,0.0,7.8,141,Moderate,1019.1,18.6
2025-11-21,Mumbai,Maharashtra,33.0,18.4,25.7,52.6,0.0,10.1,120,Moderate,1020.1,0.0
2025-11-22,Mumbai,Maharashtra,32.5,19.7,26.1,39.6,0.0,11.7,156,Moderate,1024.1,0.3
2025-11-23,Mumbai,Maharashtra,32.2,19.5,25.9,44.1,0.0,7.0,190,Moderate,1024.6,7.7
2025-11-24,Mumbai,Maharashtra,31.3,19.1,25.2,52.3,0.0,9.6,163,Moderate,1022.6,0.0
2025-11-25,Mumbai,Maharashtra,30.7,20.3,25.5,51.6,0.0,12.5,192,Moderate,1021.2,38.4
2025-11-26,Mumbai,Maharashtra,32.7,18.3,25.5,48.4,0.0,7.6,178,Moderate,1018.3,23.8
2025-11-27,Mumbai,Maharashtra,30.7,17.7,24.2,42.9,0.0,7.3,210,Poor,1021.9,19.0
2025-11-28,Mumbai,Maharashtra,30.6,17.4,24.0,36.8,0.0,7.2,207,Poor,1020.1,0.0
2025-11-29,Mumbai,Maharashtra,30.8,17.9,24.4,43.9,0.0,7.3,205,Poor,1024.9,0.0
2025-11-30,Mumbai,Maharashtra,30.7,18.6,24.6,50.5,0.0,14.5,138,Moderate,1018.4,19.0
2025-12-01,Mumbai,Maharashtra,30.5,20.1,25.3,55.6,0.0,15.8,162,Moderate,1022.3,46.1
2025-12-02,Mumbai,Maharashtra,31.8,19.3,25.6,43.3,0.0,13.1,196,Moderate,1019.8,8.6
2025-12-03,Mumbai,Maharashtra,31.1,19.2,25.2,50.9,0.0,8.1,189,Moderate,1021.7,30.7
2025-12-04,Mumbai,Maharashtra,30.7,19.0,24.8,37.8,0.0,13.3,183,Moderate,1023.2,12.0
2025-12-05,Mumbai,Maharashtra,30.8,19.6,25.2,50.5,0.0,7.1,157,Moderate,1023.9,19.2
2025-12-06,Mumbai,Maharashtra,30.4,19.1,24.7,53.0,0.0,10.7,221,Poor,1021.9,35.7
2025-12-07,Mumbai,Maharashtra,29.4,18.1,23.8,58.1,0.0,7.7,170,Moderate,1023.9,14.4
2025-12-08,Mumbai,Maharashtra,31.6,18.0,24.8,46.3,0.0,7.0,146,Moderate,1020.8,8.9
2025-12-09,Mumbai,Maharashtra,29.8,19.0,24.4,48.4,0.0,9.5,176,Moderate,1022.8,38.7
2025-12-10,Mumbai,Maharashtra,30.6,20.2,25.4,47.7,0.0,9.6,130,Moderate,1024.1,18.8
2025-12-11,Mumbai,Maharashtra,32.0,20.7,26.3,48.7,0.0,9.8,160,Moderate,1022.5,32.9
2025-12-12,Mumbai,Maharashtra,31.0,19.8,25.4,47.9,0.0,10.2,240,Poor,1021.1,8.5
2025-12-13,Mumbai,Maharashtra,31.2,19.7,25.4,52.2,0.0,9.4,178,Moderate,1021.7,37.8
2025-12-14,Mumbai,Maharashtra,30.8,19.1,24.9,42.8,0.0,8.5,158,Moderate,1024.4,22.2
2025-12-15,Mumbai,Maharashtra,31.6,18.0,24.8,41.5,0.0,8.8,189,Moderate,1020.3,24.5
2025-12-16,Mumbai,Maharashtra,31.3,18.1,24.7,50.1,0.0,10.7,164,Moderate,1020.7,20.3
2025-12-17,Mumbai,Maharashtra,29.6,18.0,23.8,54.5,0.0,9.3,207,Poor,1024.1,11.9
2025-12-18,Mumbai,Maharashtra,29.9,19.7,24.8,48.7,0.0,7.8,173,Moderate,1021.7,18.3
2025-12-19,Mumbai,Maharashtra,30.5,18.6,24.6,51.2,0.0,7.5,200,Moderate,1019.8,12.3
2025-12-20,Mumbai,Maharashtra,29.7,19.6,24.7,56.4,0.0,8.8,165,Moderate,1025.4,31.8
2025-12-21,Mumbai,Maharashtra,31.1,16.9,24.0,49.7,0.0,12.5,238,Poor,1020.7,15.9
2025-12-22,Mumbai,Maharashtra,31.7,18.2,25.0,40.1,0.0,10.2,198,Moderate,1022.3,0.0
2025-12-23,Mumbai,Maharashtra,31.8,17.4,24.6,45.4,0.0,12.7,178,Moderate,1021.6,0.0
2025-12-24,Mumbai,Maharashtra,29.9,16.7,23.3,51.4,0.0,8.1,187,Moderate,1022.6,0.0
2025-12-25,Mumbai,Maharashtra,29.1,17.7,23.4,54.1,0.0,9.1,179,Moderate,1021.4,27.7
2025-12-26,Mumbai,Maharashtra,31.1,17.8,24.5,48.7,0.0,9.5,173,Moderate,1024.3,2.2
2025-12-27,Mumbai,Maharashtra,30.9,17.9,24.4,47.2,0.0,10.9,169,Moderate,1023.1,22.6
2025-12-28,Mumbai,Maharashtra,31.7,19.2,25.5,47.1,0.0,8.1,231,Poor,1024.6,19.7
2025-12-29,Mumbai,Maharashtra,29.6,18.4,24.0,48.1,0.0,10.2,176,Moderate,1021.8,17.7
2025-12-30,Mumbai,Maharashtra,29.7,16.3,23.0,50.9,0.0,12.2,136,Moderate,1027.6,25.3
2025-12-31,Mumbai,Maharashtra,29.6,17.9,23.7,55.5,0.0,8.6,167,Moderate,1019.3,21.0
2024-01-01,Delhi,Delhi,22.1,10.8,16.4,48.9,0.0,9.7,203,Poor,1022.9,26.9
2024-01-02,Delhi,Delhi,21.5,7.3,14.4,40.6,0.0,7.6,179,Moderate,1024.7,9.9
2024-01-03,Delhi,Delhi,20.2,9.0,14.6,63.8,0.0,8.5,212,Poor,1028.1,27.1
2024-01-04,Delhi,Delhi,23.3,9.9,16.6,52.7,0.0,7.3,160,Moderate,1025.6,12.3
2024-01-05,Delhi,Delhi,21.0,8.5,14.8,59.4,0.0,9.2,189,Moderate,1024.7,15.5
2024-01-06,Delhi,Delhi,21.6,9.2,15.4,60.9,0.0,7.5,194,Moderate,1022.8,30.0
2024-01-07,Delhi,Delhi,22.0,10.3,16.2,58.3,0.0,12.6,192,Moderate,1023.2,28.5
2024-01-08,Delhi,Delhi,21.9,10.4,16.1,50.9,0.0,9.5,167,Moderate,1024.6,15.7
2024-01-09,Delhi,Delhi,22.7,10.0,16.4,53.9,0.0,14.1,134,Moderate,1025.0,11.3
2024-01-10,Delhi,Delhi,20.5,8.3,14.4,66.7,0.0,11.1,188,Moderate,1026.1,41.5
2024-01-11,Delhi,Delhi,20.6,8.5,14.6,56.7,0.0,10.8,197,Moderate,1025.7,27.2
2024-01-12,Delhi,Delhi,23.6,11.1,17.3,60.3,0.0,6.8,217,Poor,1023.4,11.8
2024-01-13,Delhi,Delhi,25.6,10.4,18.0,41.9,0.0,10.4,178,Moderate,1022.9,7.8
2024-01-14,Delhi,Delhi,24.9,12.4,18.6,46.0,0.0,16.3,187,Moderate,1027.8,30.8
2024-01-15,Delhi,Delhi,25.8,12.7,19.2,55.6,0.0,8.0,202,Poor,1022.4,17.7
2024-01-16,Delhi,Delhi,23.0,10.3,16.6,48.0,0.0,11.9,210,Poor,1021.6,15.4
2024-01-17,Delhi,Delhi,23.0,10.1,16.5,63.3,0.0,6.6,193,Moderate,1020.9,19.4
2024-01-18,Delhi,Delhi,21.6,9.0,15.3,61.5,0.0,7.1,154,Moderate,1023.7,23.2
2024-01-19,Delhi,Delhi,22.0,11.8,16.9,60.1,0.0,8.7,186,Moderate,1025.8,16.7
2024-01-20,Delhi,Delhi,22.5,11.1,16.8,60.6,0.0,7.8,191,Moderate,1022.8,34.4
2024-01-21,Delhi,Delhi,23.0,12.1,17.5,51.1,0.0,7.4,201,Poor,1026.6,34.8
2024-01-22,Delhi,Delhi,22.6,11.4,17.0,45.6,0.0,7.8,154,Moderate,1023.8,24.9
2024-01-23,Delhi,Delhi,23.9,13.1,18.5,62.7,0.0,10.1,175,Moderate,1025.5,35.8
2024-01-24,Delhi,Delhi,22.3,11.6,16.9,44.9,0.0,12.0,195,Moderate,1022.2,17.7
2024-01-25,Delhi,Delhi,21.4,11.7,16.6,62.7,0.0,10.3,177,Moderate,1022.2,27.4
2024-01-26,Delhi,Delhi,22.6,10.1,16.4,59.3,0.0,10.5,172,Moderate,1023.9,32.0
2024-01-27,Delhi,Delhi,24.5,12.7,18.6,53.7,0.0,8.8,224,Poor,1024.0,30.9
2024-01-28,Delhi,Delhi,22.6,13.6,18.1,56.4,0.0,7.1,162,Moderate,1022.7,29.8
2024-01-29,Delhi,Delhi,23.2,12.1,17.7,56.0,0.0,8.6,208,Poor,1023.7,26.0
2024-01-30,Delhi,Delhi,23.9,12.6,18.2,56.3,0.0,9.2,201,Poor,1024.1,44.3
2024-01-31,Delhi,Delhi,25.9,13.3,19.6,55.5,0.0,12.2,165,Moderate,1019.6,8.5
2024-02-01,Delhi,Delhi,26.0,12.3,19.1,56.9,0.0,15.0,161,Moderate,1021.8,14.2
2024-02-02,Delhi,Delhi,25.0,11.4,18.2,51.4,7.5,9.8,167,Moderate,1021.6,14.0
2024-02-03,Delhi,Delhi,22.2,11.0,16.6,48.6,0.0,11.7,173,Moderate,1022.1,12.8
2024-02-04,Delhi,Delhi,23.7,10.4,17.0,55.0,0.0,6.2,169,Moderate,1023.6,0.0
2024-02-05,Delhi,Delhi,23.8,13.3,18.5,45.1,0.0,8.2,167,Moderate,1021.3,36.1
2024-02-06,Delhi,Delhi,24.8,12.8,18.8,49.9,0.0,8.8,166,Moderate,1018.1,2.4
2024-02-07,Delhi,Delhi,23.4,12.7,18.1,55.7,0.0,10.2,162,Moderate,1021.8,19.6
2024-02-08,Delhi,Delhi,22.3,9.6,15.9,45.1,0.0,15.1,148,Moderate,1020.6,0.0
2024-02-09,Delhi,Delhi,21.6,10.7,16.2,59.9,0.0,9.7,119,Moderate,1023.6,27.1
2024-02-10,Delhi,Delhi,23.1,9.9,16.5,50.3,0.0,6.5,178,Moderate,1024.0,7.3
2024-02-11,Delhi,Delhi,22.5,8.2,15.4,47.6,0.0,10.5,152,Moderate,1018.3,3.1
2024-02-12,Delhi,Delhi,21.6,9.1,15.4,59.3,0.0,8.1,128,Moderate,1021.0,21.7
2024-02-13,Delhi,Delhi,22.6,9.0,15.8,45.9,0.0,10.2,155,Moderate,1023.0,9.0
2024-02-14,Delhi,Delhi,22.4,9.9,16.2,55.7,0.0,10.8,152,Moderate,1019.3,10.6
2024-02-15,Delhi,Delhi,22.3,9.7,16.0,44.0,0.0,6.5,198,Moderate,1023.6,21.2
2024-02-16,Delhi,Delhi,22.6,11.3,17.0,56.4,0.0,8.6,151,Moderate,1023.7,29.4
2024-02-17,Delhi,Delhi,24.1,11.5,17.8,49.5,0.0,8.7,177,Moderate,1021.0,6.4
2024-02-18,Delhi,Delhi,25.9,10.7,18.3,45.6,0.0,9.6,189,Moderate,1019.5,3.7
2024-02-19,Delhi,Delhi,23.6,13.7,18.7,53.1,0.0,7.5,149,Moderate,1016.2,17.7
2024-02-20,Delhi,Delhi,22.6,12.8,17.7,53.1,0.0,7.2,161,Moderate,1022.6,25.6
2024-02-21,Delhi,Delhi,25.6,14.4,20.0,59.7,0.0,15.0,179,Moderate,1024.2,37.2
2024-02-22,Delhi,Delhi,23.9,10.9,17.4,51.7,0.0,9.4,159,Moderate,1024.4,3.3
2024-02-23,Delhi,Delhi,23.6,12.4,18.0,53.0,0.0,7.3,166,Moderate,1020.1,13.6
2024-02-24,Delhi,Delhi,22.3,12.3,17.3,57.4,0.0,7.8,146,Moderate,1018.4,35.0
2024-02-25,Delhi,Delhi,19.7,10.4,15.0,58.0,0.0,15.3,150,Moderate,1022.8,47.5
2024-02-26,Delhi,Delhi,22.2,8.2,15.2,49.6,0.0,13.0,138,Moderate,1020.7,6.0
2024-02-27,Delhi,Delhi,25.1,11.0,18.1,50.7,0.0,7.7,111,Moderate,1021.0,7.9
2024-02-28,Delhi,Delhi,23.4,10.0,16.7,53.2,2.5,7.1,142,Moderate,1020.9,24.4
2024-02-29,Delhi,Delhi,23.8,12.6,18.2,55.4,0.0,7.2,124,Moderate,1019.9,10.2
2024-03-01,Delhi,Delhi,23.3,11.7,17.5,50.4,0.0,12.5,137,Moderate,1021.8,8.2
2024-03-02,Delhi,Delhi,23.2,12.7,17.9,54.5,0.0,8.0,125,Moderate,1021.6,22.0
2024-03-03,Delhi,Delhi,23.2,11.3,17.2,50.3,0.0,6.7,158,Moderate,1018.5,40.8
2024-03-04,Delhi,Delhi,23.6,9.8,16.7,53.7,0.0,7.9,144,Moderate,1017.7,1.1
2024-03-05,Delhi,Delhi,23.9,13.0,18.4,53.2,0.0,9.6,109,Moderate,1014.0,39.5
2024-03-06,Delhi,Delhi,25.8,12.7,19.2,43.8,0.0,8.6,127,Moderate,1017.9,10.1
2024-03-07,Delhi,Delhi,24.4,12.6,18.5,60.8,0.0,13.1,138,Moderate,1016.5,23.5
2024-03-08,Delhi,Delhi,22.9,13.4,18.2,60.2,0.0,9.6,157,Moderate,1019.4,41.2
2024-03-09,Delhi,Delhi,24.2,11.9,18.0,57.8,0.0,10.0,110,Moderate,1017.8,23.6
2024-03-10,Delhi,Delhi,24.8,12.5,18.7,52.7,0.0,11.5,100,Moderate,1017.7,14.6
2024-03-11,Delhi,Delhi,22.1,11.9,17.0,54.7,0.0,11.3,166,Moderate,1020.1,30.0
2024-03-12,Delhi,Delhi,21.7,8.9,15.3,52.5,0.0,7.9,131,Moderate,1019.6,18.6
2024-03-13,Delhi,Delhi,21.0,9.9,15.4,59.8,0.0,7.1,133,Moderate,1018.4,28.3
2024-03-14,Delhi,Delhi,22.6,10.1,16.3,58.6,0.0,9.4,107,Moderate,1021.6,17.7
2024-03-15,Delhi,Delhi,23.0,11.9,17.5,54.9,0.0,9.1,128,Moderate,1019.3,32.0
2024-03-16,Delhi,Delhi,26.3,11.9,19.1,57.4,0.0,9.7,158,Moderate,1016.3,0.0
2024-03-17,Delhi,Delhi,25.2,11.9,18.5,47.6,0.0,9.9,123,Moderate,1016.4,5.3
2024-03-18,Delhi,Delhi,26.9,14.2,20.5,39.0,0.0,14.6,127,Moderate,1018.0,0.0
2024-03-19,Delhi,Delhi,28.5,15.9,22.2,39.8,0.0,8.3,119,Moderate,1016.2,16.7
2024-03-20,Delhi,Delhi,28.5,14.6,21.6,36.8,0.0,10.0,90,Satisfactory,1013.6,0.0
2024-03-21,Delhi,Delhi,29.7,16.3,23.0,43.7,0.0,7.1,103,Moderate,1017.1,7.6
2024-03-22,Delhi,Delhi,29.5,15.1,22.3,44.0,0.0,7.5,91,Satisfactory,1017.9,2.3
2024-03-23,Delhi,Delhi,26.4,16.3,21.4,57.4,0.0,9.0,115,Moderate,1017.8,39.2
2024-03-24,Delhi,Delhi,27.3,13.5,20.4,47.2,0.0,7.3,140,Moderate,1018.7,5.3
2024-03-25,Delhi,Delhi,25.8,14.1,19.9,51.1,0.0,10.6,106,Moderate,1019.7,1.6
2024-03-26,Delhi,Delhi,27.4,15.6,21.5,50.5,0.0,10.2,96,Satisfactory,1018.4,22.2
2024-03-27,Delhi,Delhi,26.2,16.0,21.1,55.1,0.0,7.7,90,Satisfactory,1015.6,42.7
2024-03-28,Delhi,Delhi,29.6,15.8,22.7,45.3,0.0,8.5,111,Moderate,1013.9,16.7
2024-03-29,Delhi,Delhi,29.3,17.2,23.2,55.1,0.0,12.6,64,Satisfactory,1010.3,17.6
2024-03-30,Delhi,Delhi,30.2,18.6,24.4,43.5,0.0,9.4,73,Satisfactory,1013.5,35.7
2024-03-31,Delhi,Delhi,29.8,20.1,25.0,50.9,0.0,18.0,94,Satisfactory,1014.2,29.7
2024-04-01,Delhi,Delhi,28.0,16.6,22.3,49.5,0.0,8.5,91,Satisfactory,1013.9,25.1
2024-04-02,Delhi,Delhi,28.6,16.7,22.7,51.0,0.0,8.7,88,Satisfactory,1009.8,10.9
2024-04-03,Delhi,Delhi,29.8,15.6,22.7,50.2,0.0,9.0,89,Satisfactory,1012.8,25.6
2024-04-04,Delhi,Delhi,27.8,15.0,21.4,46.0,0.0,6.7,113,Moderate,1014.9,1.1
2024-04-05,Delhi,Delhi,26.3,13.7,20.0,48.2,0.0,8.7,94,Satisfactory,1011.7,12.4
2024-04-06,Delhi,Delhi,23.6,13.0,18.3,64.4,0.0,8.6,72,Satisfactory,1014.4,42.4
2024-04-07,Delhi,Delhi,23.3,14.3,18.8,56.8,0.0,11.0,65,Satisfactory,1014.7,40.5
2024-04-08,Delhi,Delhi,26.6,15.5,21.0,62.0,0.0,12.8,70,Satisfactory,1015.3,27.2
2024-04-09,Delhi,Delhi,27.2,13.4,20.3,48.2,0.0,8.4,91,Satisfactory,1016.5,0.0
2024-04-10,Delhi,Delhi,27.3,14.1,20.7,47.7,0.0,6.4,87,Satisfactory,1012.0,4.7
2024-04-11,Delhi,Delhi,28.7,18.3,23.5,46.2,0.0,9.4,76,Satisfactory,1012.2,10.7
2024-04-12,Delhi,Delhi,28.7,17.1,22.9,51.9,0.0,7.4,83,Satisfactory,1012.3,18.3
2024-04-13,Delhi,Delhi,30.7,16.5,23.6,42.3,0.0,9.6,74,Satisfactory,1012.8,3.0
2024-04-14,Delhi,Delhi,28.2,15.5,21.9,50.8,0.0,9.6,56,Satisfactory,1012.9,18.3
2024-04-15,Delhi,Delhi,25.9,14.6,20.2,57.9,0.0,7.7,101,Moderate,1015.0,47.7
2024-04-16,Delhi,Delhi,25.9,15.5,20.7,54.9,0.0,9.5,60,Satisfactory,1007.2,28.5
2024-04-17,Delhi,Delhi,27.7,14.8,21.2,54.2,0.0,6.9,78,Satisfactory,1012.3,25.9
2024-04-18,Delhi,Delhi,29.8,17.0,23.4,48.9,0.0,9.9,21,Good,1011.7,7.6
2024-04-19,Delhi,Delhi,30.9,15.9,23.4,45.8,0.0,11.5,56,Satisfactory,1010.1,0.0
2024-04-20,Delhi,Delhi,30.0,17.0,23.5,54.4,0.0,10.5,37,Good,1005.9,5.1
2024-04-21,Delhi,Delhi,30.9,19.5,25.2,46.3,0.0,8.2,45,Good,1009.6,0.0
2024-04-22,Delhi,Delhi,30.9,18.3,24.6,62.9,4.3,11.2,106,Moderate,1008.3,23.3
2024-04-23,Delhi,Delhi,30.4,19.4,24.9,51.0,0.0,10.9,61,Satisfactory,1012.9,27.7
2024-04-24,Delhi,Delhi,31.1,18.7,24.9,51.6,0.0,11.0,81,Satisfactory,1010.1,9.2
2024-04-25,Delhi,Delhi,29.5,19.3,24.4,47.3,0.0,13.6,65,Satisfactory,1007.7,25.4
2024-04-26,Delhi,Delhi,30.1,18.3,24.2,62.4,0.0,10.3,75,Satisfactory,1005.1,44.3
2024-04-27,Delhi,Delhi,30.1,20.9,25.5,52.5,0.0,7.5,54,Satisfactory,1009.9,50.7
2024-04-28,Delhi,Delhi,34.4,21.8,28.1,52.6,0.0,7.7,92,Satisfactory,1009.2,32.9
2024-04-29,Delhi,Delhi,31.6,20.3,26.0,48.2,0.0,10.3,67,Satisfactory,1007.8,21.3
2024-04-30,Delhi,Delhi,29.5,19.6,24.5,56.2,0.0,9.0,51,Satisfactory,1009.7,35.4
2024-05-01,Delhi,Delhi,30.0,18.6,24.3,55.1,0.0,8.6,56,Satisfactory,1007.7,44.5
2024-05-02,Delhi,Delhi,30.3,17.1,23.7,43.2,0.0,11.0,40,Good,1010.5,0.0
2024-05-03,Delhi,Delhi,30.8,20.8,25.8,54.6,0.0,7.5,51,Satisfactory,1009.6,46.3
2024-05-04,Delhi,Delhi,32.7,21.9,27.3,56.4,0.0,11.1,39,Good,1003.8,17.4
2024-05-05,Delhi,Delhi,33.7,22.2,27.9,50.8,0.0,9.0,52,Satisfactory,1004.0,17.7
2024-05-06,Delhi,Delhi,35.9,23.6,29.8,41.3,0.0,10.3,77,Satisfactory,1010.1,19.5
2024-05-07,Delhi,Delhi,33.6,23.8,28.7,56.6,0.0,7.7,18,Good,1008.1,30.1
2024-05-08,Delhi,Delhi,34.6,22.7,28.7,42.7,1.1,11.3,58,Satisfactory,1003.5,10.6
2024-05-09,Delhi,Delhi,33.4,22.3,27.9,54.5,0.0,12.6,21,Good,1003.0,23.2
2024-05-10,Delhi,Delhi,33.7,22.9,28.3,56.1,0.0,25.6,22,Good,1006.3,34.8
2024-05-11,Delhi,Delhi,35.1,22.6,28.9,55.4,0.0,10.3,25,Good,1003.2,30.7
2024-05-12,Delhi,Delhi,35.9,25.4,30.6,60.9,0.0,12.6,34,Good,1004.2,32.5
2024-05-13,Delhi,Delhi,35.7,25.0,30.4,46.1,0.0,8.1,32,Good,1004.7,23.4
2024-05-14,Delhi,Delhi,33.3,20.3,26.8,60.0,0.0,13.9,15,Good,1005.4,40.4
2024-05-15,Delhi,Delhi,30.0,20.6,25.3,66.2,0.0,7.7,72,Satisfactory,1008.1,47.0
2024-05-16,Delhi,Delhi,31.5,21.9,26.7,55.7,0.0,15.9,15,Good,1009.0,46.0
2024-05-17,Delhi,Delhi,32.5,22.6,27.5,53.2,0.0,10.4,27,Good,1004.0,38.1
2024-05-18,Delhi,Delhi,35.7,26.1,30.9,54.7,0.0,8.0,15,Good,1001.6,44.0
2024-05-19,Delhi,Delhi,37.9,27.9,32.9,56.3,0.0,9.4,15,Good,1003.9,42.5
2024-05-20,Delhi,Delhi,36.8,27.8,32.3,54.3,4.7,12.9,15,Good,1006.4,68.8
2024-05-21,Delhi,Delhi,38.2,28.3,33.3,59.3,0.0,9.9,15,Good,1001.9,48.6
2024-05-22,Delhi,Delhi,35.4,23.8,29.6,49.3,0.0,9.9,15,Good,1005.3,33.2
2024-05-23,Delhi,Delhi,37.4,25.0,31.2,59.5,0.0,12.7,15,Good,1001.3,21.5
2024-05-24,Delhi,Delhi,35.3,24.5,29.9,59.4,0.0,10.2,15,Good,1003.3,32.2
2024-05-25,Delhi,Delhi,33.2,22.4,27.8,68.6,0.0,14.2,15,Good,1001.3,33.2
2024-05-26,Delhi,Delhi,32.1,21.5,26.8,66.5,0.0,9.4,15,Good,1003.8,46.4
2024-05-27,Delhi,Delhi,32.3,22.8,27.5,57.9,0.0,8.2,15,Good,1003.2,29.9
2024-05-28,Delhi,Delhi,36.1,24.8,30.5,59.4,7.4,10.6,15,Good,1003.7,55.5
2024-05-29,Delhi,Delhi,36.1,25.3,30.7,57.1,3.9,10.9,18,Good,1005.8,20.0
2024-05-30,Delhi,Delhi,34.8,23.8,29.3,56.9,0.0,9.6,15,Good,1001.7,18.3
2024-05-31,Delhi,Delhi,31.5,23.0,27.3,70.2,0.0,11.5,19,Good,998.9,41.4
2024-06-01,Delhi,Delhi,31.5,22.4,26.9,58.4,0.0,8.6,24,Good,1002.4,32.6
2024-06-02,Delhi,Delhi,33.2,21.6,27.4,72.2,0.0,11.8,15,Good,1003.2,27.4
2024-06-03,Delhi,Delhi,34.8,22.5,28.6,70.1,0.0,9.2,15,Good,1002.5,36.3
2024-06-04,Delhi,Delhi,36.7,27.2,31.9,60.2,0.0,9.0,30,Good,1000.7,33.5
2024-06-05,Delhi,Delhi,37.7,28.1,32.9,72.4,0.0,11.3,15,Good,1003.6,44.7
2024-06-06,Delhi,Delhi,35.9,25.9,30.9,60.1,0.0,9.1,15,Good,1001.3,38.0
2024-06-07,Delhi,Delhi,36.9,26.4,31.7,65.5,0.0,8.8,35,Good,1000.4,39.7
2024-06-08,Delhi,Delhi,36.9,25.8,31.3,60.8,0.0,12.6,15,Good,999.1,48.3
2024-06-09,Delhi,Delhi,35.1,25.8,30.5,81.1,0.0,9.8,16,Good,997.2,64.1
2024-06-10,Delhi,Delhi,31.4,24.5,27.9,68.1,13.7,13.0,15,Good,1001.9,73.0
2024-06-11,Delhi,Delhi,35.2,26.3,30.7,63.4,9.0,11.1,15,Good,1000.9,53.8
2024-06-12,Delhi,Delhi,34.0,25.2,29.6,69.5,0.0,11.9,15,Good,998.4,56.5
2024-06-13,Delhi,Delhi,34.9,26.4,30.7,77.9,0.0,14.6,15,Good,1000.0,51.2
2024-06-14,Delhi,Delhi,31.7,25.1,28.4,80.9,0.0,12.9,15,Good,1000.4,62.9
2024-06-15,Delhi,Delhi,31.8,25.0,28.4,77.3,0.0,13.5,15,Good,999.3,62.6
2024-06-16,Delhi,Delhi,33.5,25.7,29.6,84.5,0.0,13.5,15,Good,998.5,76.0
2024-06-17,Delhi,Delhi,33.6,22.7,28.2,71.0,0.0,10.8,15,Good,1001.2,32.8
2024-06-18,Delhi,Delhi,34.1,26.3,30.2,77.8,0.0,13.1,15,Good,999.2,55.7
2024-06-19,Delhi,Delhi,32.5,25.0,28.8,87.8,0.0,10.7,15,Good,998.8,65.6
2024-06-20,Delhi,Delhi,33.2,24.4,28.8,77.9,13.6,13.2,15,Good,998.1,61.5
2024-06-21,Delhi,Delhi,32.7,26.0,29.3,72.9,12.6,11.8,15,Good,999.3,49.3
2024-06-22,Delhi,Delhi,32.4,24.2,28.3,79.7,23.7,12.2,15,Good,1001.6,45.9
2024-06-23,Delhi,Delhi,32.1,23.7,27.9,88.7,19.2,17.9,15,Good,1000.2,76.5
2024-06-24,Delhi,Delhi,33.0,24.9,28.9,80.5,0.0,14.0,15,Good,998.9,55.0
2024-06-25,Delhi,Delhi,35.6,27.8,31.7,80.3,0.0,11.6,15,Good,999.1,40.3
2024-06-26,Delhi,Delhi,35.8,29.5,32.6,82.2,1.4,10.5,23,Good,1000.9,77.2
2024-06-27,Delhi,Delhi,36.1,28.6,32.3,83.6,13.2,13.1,15,Good,999.2,72.7
2024-06-28,Delhi,Delhi,34.3,29.9,32.1,84.0,4.1,10.8,17,Good,998.7,65.6
2024-06-29,Delhi,Delhi,37.4,29.5,33.4,80.7,0.0,19.1,15,Good,999.0,54.5
2024-06-30,Delhi,Delhi,36.0,29.6,32.8,91.0,24.0,12.9,26,Good,997.5,66.9
2024-07-01,Delhi,Delhi,33.4,29.7,31.5,90.7,15.3,15.6,15,Good,998.5,87.1
2024-07-02,Delhi,Delhi,37.9,29.6,33.8,77.3,15.8,11.2,15,Good,996.4,46.9
2024-07-03,Delhi,Delhi,38.9,30.9,34.9,81.2,44.2,14.5,15,Good,993.9,47.7
2024-07-04,Delhi,Delhi,39.0,32.0,35.5,86.6,0.1,16.6,15,Good,997.5,61.2
2024-07-05,Delhi,Delhi,38.1,32.1,35.1,88.2,0.0,14.9,15,Good,997.6,70.5
2024-07-06,Delhi,Delhi,35.7,30.0,32.8,89.1,0.0,15.6,15,Good,996.9,66.0
2024-07-07,Delhi,Delhi,32.4,28.4,30.4,84.2,5.1,14.5,15,Good,1000.2,84.0
2024-07-08,Delhi,Delhi,35.8,31.4,33.6,78.3,21.3,12.7,15,Good,995.8,88.9
2024-07-09,Delhi,Delhi,38.0,31.3,34.7,94.1,9.1,12.1,15,Good,993.3,77.5
2024-07-10,Delhi,Delhi,35.6,29.9,32.7,93.0,3.6,12.3,15,Good,996.0,83.2
2024-07-11,Delhi,Delhi,35.9,30.3,33.1,89.9,14.0,19.9,15,Good,994.2,79.4
2024-07-12,Delhi,Delhi,36.2,31.3,33.7,92.5,16.0,14.2,15,Good,997.8,75.8
2024-07-13,Delhi,Delhi,34.8,28.2,31.5,97.0,4.0,17.4,15,Good,996.2,59.3
2024-07-14,Delhi,Delhi,35.1,27.6,31.3,95.7,0.0,12.7,15,Good,999.7,63.5
2024-07-15,Delhi,Delhi,35.5,28.0,31.8,92.3,16.6,15.8,15,Good,999.6,59.1
2024-07-16,Delhi,Delhi,34.6,29.2,31.9,87.0,0.0,12.2,15,Good,995.8,76.2
2024-07-17,Delhi,Delhi,33.0,30.0,31.5,89.3,5.9,13.3,15,Good,996.1,82.0
2024-07-18,Delhi,Delhi,32.7,26.4,29.6,77.9,18.2,13.0,15,Good,999.4,59.8
2024-07-19,Delhi,Delhi,34.2,29.2,31.7,96.0,6.9,19.4,15,Good,999.7,80.0
2024-07-20,Delhi,Delhi,34.9,29.4,32.1,95.2,12.4,12.5,27,Good,993.6,66.6
2024-07-21,Delhi,Delhi,33.5,27.3,30.4,96.6,4.5,15.5,15,Good,998.8,65.1
2024-07-22,Delhi,Delhi,34.1,27.1,30.6,95.3,0.0,15.0,15,Good,993.8,71.2
2024-07-23,Delhi,Delhi,31.5,25.0,28.3,91.7,0.0,12.0,15,Good,997.8,65.7
2024-07-24,Delhi,Delhi,32.1,26.3,29.2,94.1,10.4,17.6,23,Good,1000.9,89.3
2024-07-25,Delhi,Delhi,29.9,25.9,27.9,91.5,9.2,18.1,15,Good,1005.1,79.2
2024-07-26,Delhi,Delhi,30.2,25.9,28.0,97.7,8.5,14.4,35,Good,998.7,92.7
2024-07-27,Delhi,Delhi,29.2,25.3,27.3,90.2,3.3,14.0,15,Good,996.9,75.4
2024-07-28,Delhi,Delhi,31.0,25.5,28.3,100.0,20.6,11.5,20,Good,998.2,75.1
2024-07-29,Delhi,Delhi,32.1,29.0,30.6,91.3,27.8,11.8,15,Good,998.8,100.0
2024-07-30,Delhi,Delhi,34.0,25.5,29.7,87.8,0.0,13.3,20,Good,997.7,56.7
2024-07-31,Delhi,Delhi,33.6,28.8,31.2,86.5,0.0,12.2,15,Good,996.9,96.2
2024-08-01,Delhi,Delhi,32.4,27.2,29.8,99.3,17.2,16.3,15,Good,998.4,100.0
2024-08-02,Delhi,Delhi,30.8,26.4,28.6,96.2,6.6,11.6,15,Good,1000.4,89.7
2024-08-03,Delhi,Delhi,33.3,28.2,30.7,88.8,32.1,11.5,15,Good,998.8,72.7
2024-08-04,Delhi,Delhi,32.8,29.4,31.1,90.6,13.5,15.0,15,Good,997.4,96.6
2024-08-05,Delhi,Delhi,36.5,30.0,33.3,87.6,2.4,14.5,15,Good,997.4,70.3
2024-08-06,Delhi,Delhi,36.7,28.2,32.5,83.9,0.0,13.9,31,Good,998.2,64.8
2024-08-07,Delhi,Delhi,33.5,26.7,30.1,88.5,10.1,15.5,15,Good,997.9,70.1
2024-08-08,Delhi,Delhi,34.2,27.9,31.0,97.1,0.0,12.3,15,Good,998.3,66.4
2024-08-09,Delhi,Delhi,34.6,27.7,31.1,86.4,18.2,12.6,15,Good,1001.2,60.4
2024-08-10,Delhi,Delhi,33.4,28.3,30.9,94.2,0.0,14.2,21,Good,999.6,88.7
2024-08-11,Delhi,Delhi,34.4,25.4,29.9,83.6,28.9,13.8,20,Good,997.0,62.1
2024-08-12,Delhi,Delhi,33.9,26.2,30.1,83.6,24.2,11.8,15,Good,1002.7,71.7
2024-08-13,Delhi,Delhi,34.2,26.1,30.2,82.3,31.1,16.3,25,Good,1001.6,51.1
2024-08-14,Delhi,Delhi,36.1,29.3,32.7,96.6,0.0,11.2,21,Good,997.5,69.4
2024-08-15,Delhi,Delhi,40.0,31.7,35.9,75.5,15.2,12.4,15,Good,998.8,50.1
2024-08-16,Delhi,Delhi,37.6,29.1,33.4,80.2,10.1,11.2,15,Good,998.8,50.4
2024-08-17,Delhi,Delhi,36.1,29.4,32.8,77.4,0.0,21.7,15,Good,1002.1,64.9
2024-08-18,Delhi,Delhi,32.1,27.1,29.6,73.4,0.0,13.0,24,Good,1001.1,82.3
2024-08-19,Delhi,Delhi,32.0,24.5,28.3,81.8,0.0,11.1,60,Satisfactory,1002.2,73.5
2024-08-20,Delhi,Delhi,31.4,24.9,28.2,97.1,0.0,11.9,15,Good,1002.2,73.6
2024-08-21,Delhi,Delhi,36.3,27.9,32.1,82.0,0.0,13.4,27,Good,998.7,61.4
2024-08-22,Delhi,Delhi,34.1,24.8,29.5,88.1,0.0,15.0,21,Good,1005.4,59.1
2024-08-23,Delhi,Delhi,32.7,25.6,29.1,81.2,1.8,11.0,28,Good,1004.2,74.1
2024-08-24,Delhi,Delhi,32.2,23.8,28.0,67.1,22.3,16.9,15,Good,1001.9,54.9
2024-08-25,Delhi,Delhi,34.0,24.0,29.0,76.0,19.5,12.4,15,Good,1003.7,72.9
2024-08-26,Delhi,Delhi,32.9,26.2,29.6,83.4,4.9,13.6,30,Good,1005.3,77.1
2024-08-27,Delhi,Delhi,33.5,26.0,29.8,75.3,3.0,11.2,42,Good,1003.7,46.9
2024-08-28,Delhi,Delhi,33.1,24.8,28.9,74.4,26.2,13.0,16,Good,1007.1,48.5
2024-08-29,Delhi,Delhi,33.9,23.8,28.8,71.5,3.1,10.9,65,Satisfactory,1010.1,49.6
2024-08-30,Delhi,Delhi,31.7,23.5,27.6,76.2,0.0,11.2,16,Good,1004.5,36.4
2024-08-31,Delhi,Delhi,31.0,23.2,27.1,71.7,0.0,14.5,15,Good,1004.0,49.7
2024-09-01,Delhi,Delhi,34.9,26.6,30.7,77.2,0.0,13.0,63,Satisfactory,1002.3,71.3
2024-09-02,Delhi,Delhi,33.1,23.9,28.5,70.5,0.0,11.1,26,Good,1000.7,38.8
2024-09-03,Delhi,Delhi,31.3,24.2,27.7,74.9,4.5,14.0,28,Good,1008.1,71.4
2024-09-04,Delhi,Delhi,34.8,24.6,29.7,64.4,18.5,12.2,16,Good,1004.6,44.6
2024-09-05,Delhi,Delhi,36.3,30.2,33.3,70.5,8.2,9.0,35,Good,1006.2,77.1
2024-09-06,Delhi,Delhi,33.7,25.6,29.7,75.8,0.0,11.1,20,Good,1007.9,39.1
2024-09-07,Delhi,Delhi,32.1,24.4,28.2,74.1,4.3,13.8,30,Good,1004.2,46.6
2024-09-08,Delhi,Delhi,34.3,23.8,29.0,69.8,0.0,17.3,54,Satisfactory,1004.5,34.4
2024-09-09,Delhi,Delhi,34.6,24.5,29.5,60.2,14.6,9.4,48,Good,1009.9,36.2
2024-09-10,Delhi,Delhi,32.4,25.1,28.8,63.1,0.0,13.4,64,Satisfactory,1006.7,64.1
2024-09-11,Delhi,Delhi,32.3,24.5,28.4,72.6,0.0,11.1,49,Good,1005.8,51.3
2024-09-12,Delhi,Delhi,32.9,24.7,28.8,72.3,5.9,9.0,81,Satisfactory,1005.2,57.8
2024-09-13,Delhi,Delhi,34.8,22.8,28.8,60.5,0.0,9.0,57,Satisfactory,1007.2,24.1
2024-09-14,Delhi,Delhi,33.4,25.2,29.3,62.8,0.0,9.1,23,Good,1010.6,50.5
2024-09-15,Delhi,Delhi,33.9,23.8,28.9,52.0,0.0,8.5,80,Satisfactory,1009.3,27.1
2024-09-16,Delhi,Delhi,32.5,22.6,27.6,63.0,0.0,8.6,91,Satisfactory,1008.8,21.8
2024-09-17,Delhi,Delhi,30.4,21.2,25.8,70.3,0.0,10.7,58,Satisfactory,1012.4,44.1
2024-09-18,Delhi,Delhi,32.7,22.6,27.7,58.6,0.0,8.0,105,Moderate,1011.7,42.0
2024-09-19,Delhi,Delhi,34.9,22.7,28.8,56.0,0.0,9.0,59,Satisfactory,1009.4,38.0
2024-09-20,Delhi,Delhi,33.2,23.5,28.3,67.8,0.0,9.6,93,Satisfactory,1014.7,46.8
2024-09-21,Delhi,Delhi,32.1,22.7,27.4,59.1,0.0,8.8,120,Moderate,1009.1,48.7
2024-09-22,Delhi,Delhi,35.3,25.4,30.3,69.8,3.3,8.2,83,Satisfactory,1011.2,54.5
2024-09-23,Delhi,Delhi,35.4,23.0,29.2,52.6,0.0,10.2,76,Satisfactory,1008.7,17.2
2024-09-24,Delhi,Delhi,32.9,24.4,28.6,59.4,1.0,8.6,84,Satisfactory,1011.7,54.5
2024-09-25,Delhi,Delhi,34.1,23.1,28.6,62.2,0.0,8.7,124,Moderate,1009.6,59.1
2024-09-26,Delhi,Delhi,34.9,23.8,29.4,51.9,7.1,9.7,90,Satisfactory,1011.0,26.4
2024-09-27,Delhi,Delhi,34.2,21.6,27.9,56.2,0.0,11.6,131,Moderate,1015.5,8.3
2024-09-28,Delhi,Delhi,34.5,21.8,28.2,55.1,0.0,8.7,99,Satisfactory,1012.7,11.5
2024-09-29,Delhi,Delhi,35.5,23.8,29.7,57.1,0.0,8.8,80,Satisfactory,1011.6,22.8
2024-09-30,Delhi,Delhi,35.3,24.7,30.0,59.4,0.0,7.9,86,Satisfactory,1009.2,56.6
2024-10-01,Delhi,Delhi,37.3,26.7,32.0,47.8,0.0,12.3,90,Satisfactory,1010.7,26.9
2024-10-02,Delhi,Delhi,38.5,25.8,32.2,47.5,0.0,9.8,52,Satisfactory,1008.5,17.3
2024-10-03,Delhi,Delhi,36.0,23.9,29.9,46.7,0.0,12.0,82,Satisfactory,1013.1,17.1
2024-10-04,Delhi,Delhi,35.4,21.9,28.7,54.9,16.2,12.5,69,Satisfactory,1013.6,8.3
2024-10-05,Delhi,Delhi,33.9,23.7,28.8,58.8,0.0,8.4,111,Moderate,1011.7,38.4
2024-10-06,Delhi,Delhi,33.8,22.7,28.3,50.4,0.0,11.6,142,Moderate,1015.7,24.7
2024-10-07,Delhi,Delhi,34.6,24.5,29.5,51.5,0.0,9.8,106,Moderate,1015.3,54.1
2024-10-08,Delhi,Delhi,32.4,21.3,26.8,61.3,0.0,8.4,68,Satisfactory,1013.5,34.6
2024-10-09,Delhi,Delhi,33.5,23.6,28.6,53.0,0.0,8.2,92,Satisfactory,1014.0,35.9
2024-10-10,Delhi,Delhi,33.8,20.7,27.3,49.1,0.0,9.4,117,Moderate,1012.2,21.2
2024-10-11,Delhi,Delhi,32.8,19.5,26.1,55.6,0.0,10.0,113,Moderate,1013.4,9.5
2024-10-12,Delhi,Delhi,31.7,19.4,25.6,46.1,1.6,6.8,155,Moderate,1012.1,12.4
2024-10-13,Delhi,Delhi,33.7,21.2,27.5,43.6,0.0,8.5,139,Moderate,1012.9,3.9
2024-10-14,Delhi,Delhi,31.3,20.2,25.8,52.2,0.0,9.8,137,Moderate,1014.4,36.5
2024-10-15,Delhi,Delhi,31.1,18.5,24.8,43.4,0.0,10.3,112,Moderate,1011.7,18.5
2024-10-16,Delhi,Delhi,28.5,19.4,23.9,56.2,0.0,9.0,146,Moderate,1016.6,37.4
2024-10-17,Delhi,Delhi,29.2,17.3,23.2,48.6,0.0,10.2,100,Moderate,1017.8,25.9
2024-10-18,Delhi,Delhi,29.9,17.3,23.6,47.6,0.0,7.9,149,Moderate,1015.8,19.3
2024-10-19,Delhi,Delhi,31.4,20.8,26.1,41.8,0.0,10.1,117,Moderate,1009.9,5.2
2024-10-20,Delhi,Delhi,28.5,16.9,22.7,49.7,0.0,9.7,94,Satisfactory,1015.9,27.5
2024-10-21,Delhi,Delhi,29.7,17.0,23.3,46.1,0.0,12.0,135,Moderate,1013.6,19.5
2024-10-22,Delhi,Delhi,29.6,18.1,23.8,54.4,0.0,13.9,149,Moderate,1015.2,34.6
2024-10-23,Delhi,Delhi,29.0,15.7,22.4,48.4,0.0,12.0,116,Moderate,1019.9,12.6
2024-10-24,Delhi,Delhi,27.0,16.2,21.6,54.0,0.0,8.6,169,Moderate,1012.5,31.4
2024-10-25,Delhi,Delhi,24.7,15.6,20.1,69.8,0.0,7.2,104,Moderate,1016.3,46.3
2024-10-26,Delhi,Delhi,27.0,17.2,22.1,51.2,0.0,7.6,114,Moderate,1019.2,25.7
2024-10-27,Delhi,Delhi,32.9,20.5,26.7,52.3,0.0,13.7,123,Moderate,1015.0,29.8
2024-10-28,Delhi,Delhi,28.9,16.8,22.8,55.5,0.0,9.2,131,Moderate,1016.1,28.9
2024-10-29,Delhi,Delhi,29.2,17.9,23.6,54.9,0.0,9.7,125,Moderate,1021.7,46.8
2024-10-30,Delhi,Delhi,28.8,17.9,23.4,51.9,0.0,11.3,140,Moderate,1018.6,25.3
2024-10-31,Delhi,Delhi,29.6,17.5,23.6,51.3,0.0,9.0,132,Moderate,1019.8,29.6
2024-11-01,Delhi,Delhi,26.7,16.2,21.4,51.7,0.0,12.5,128,Moderate,1019.7,20.3
2024-11-02,Delhi,Delhi,26.9,15.0,20.9,45.8,0.0,7.0,158,Moderate,1019.3,10.1
2024-11-03,Delhi,Delhi,29.1,15.7,22.4,43.6,0.0,10.2,131,Moderate,1021.2,2.9
2024-11-04,Delhi,Delhi,28.2,16.7,22.4,53.6,0.0,15.2,131,Moderate,1022.6,37.4
2024-11-05,Delhi,Delhi,31.5,16.6,24.1,35.1,0.0,12.8,127,Moderate,1015.1,4.3
2024-11-06,Delhi,Delhi,30.2,19.0,24.6,57.2,0.0,13.1,115,Moderate,1018.4,28.4
2024-11-07,Delhi,Delhi,30.2,19.2,24.7,59.4,2.6,6.9,174,Moderate,1018.5,23.5
2024-11-08,Delhi,Delhi,29.7,19.3,24.5,51.0,0.0,9.4,191,Moderate,1017.9,30.5
2024-11-09,Delhi,Delhi,29.2,17.2,23.2,50.2,0.0,8.7,180,Moderate,1021.2,11.1
2024-11-10,Delhi,Delhi,30.8,15.6,23.2,51.3,0.0,7.5,169,Moderate,1019.9,7.0
2024-11-11,Delhi,Delhi,29.0,16.4,22.7,43.2,0.0,9.4,143,Moderate,1023.5,23.5
2024-11-12,Delhi,Delhi,27.0,13.5,20.3,54.5,2.7,7.1,156,Moderate,1022.6,15.5
2024-11-13,Delhi,Delhi,24.8,11.8,18.3,46.6,0.0,9.9,182,Moderate,1023.8,3.4
2024-11-14,Delhi,Delhi,24.5,14.3,19.4,68.9,0.0,7.4,116,Moderate,1018.5,46.9
2024-11-15,Delhi,Delhi,24.2,10.7,17.4,49.7,0.0,9.7,154,Moderate,1020.0,9.8
2024-11-16,Delhi,Delhi,25.5,12.9,19.2,52.9,0.0,7.5,185,Moderate,1019.7,5.7
2024-11-17,Delhi,Delhi,24.5,12.5,18.5,50.4,0.0,8.2,143,Moderate,1024.1,16.5
2024-11-18,Delhi,Delhi,25.1,14.9,20.0,65.5,0.0,8.1,179,Moderate,1019.2,36.4
2024-11-19,Delhi,Delhi,27.8,14.7,21.3,43.0,0.0,8.6,177,Moderate,1019.1,0.0
2024-11-20,Delhi,Delhi,28.6,17.4,23.0,57.3,0.0,8.8,138,Moderate,1018.3,33.2
2024-11-21,Delhi,Delhi,28.9,16.6,22.7,48.4,0.0,8.1,174,Moderate,1026.2,4.1
2024-11-22,Delhi,Delhi,26.3,14.1,20.2,53.1,0.0,7.2,162,Moderate,1021.3,22.0
2024-11-23,Delhi,Delhi,26.8,13.7,20.2,49.3,0.0,12.0,174,Moderate,1022.7,8.7
2024-11-24,Delhi,Delhi,24.5,14.5,19.5,53.6,0.0,8.9,188,Moderate,1019.6,46.4
2024-11-25,Delhi,Delhi,23.3,12.1,17.7,39.9,0.0,9.5,182,Moderate,1024.5,21.3
2024-11-26,Delhi,Delhi,26.6,13.6,20.1,53.4,0.0,8.1,179,Moderate,1018.4,8.1
2024-11-27,Delhi,Delhi,26.5,14.5,20.5,46.5,0.0,18.0,159,Moderate,1020.0,13.4
2024-11-28,Delhi,Delhi,25.9,13.7,19.8,56.6,0.0,9.0,151,Moderate,1020.7,19.2
2024-11-29,Delhi,Delhi,24.5,11.4,18.0,54.3,0.0,12.2,169,Moderate,1023.2,21.5
2024-11-30,Delhi,Delhi,23.3,12.8,18.0,59.3,0.0,8.2,163,Moderate,1021.3,25.0
2024-12-01,Delhi,Delhi,24.1,9.8,17.0,56.8,0.0,10.2,199,Moderate,1026.3,19.4
2024-12-02,Delhi,Delhi,22.6,9.2,15.9,37.2,0.0,8.5,196,Moderate,1024.6,0.7
2024-12-03,Delhi,Delhi,22.5,9.6,16.1,55.6,0.0,11.5,189,Moderate,1022.3,15.0
2024-12-04,Delhi,Delhi,22.5,11.7,17.1,52.8,0.0,7.9,222,Poor,1025.4,27.5
2024-12-05,Delhi,Delhi,24.1,10.1,17.1,56.4,0.0,7.1,180,Moderate,1022.7,9.6
2024-12-06,Delhi,Delhi,20.9,9.6,15.3,59.2,0.0,9.4,170,Moderate,1022.9,29.4
2024-12-07,Delhi,Delhi,22.3,10.6,16.4,56.3,0.0,11.7,169,Moderate,1025.6,19.7
2024-12-08,Delhi,Delhi,23.1,11.3,17.2,50.4,0.0,8.5,150,Moderate,1018.8,15.7
2024-12-09,Delhi,Delhi,23.6,12.8,18.2,50.6,0.0,7.8,154,Moderate,1024.9,34.7
2024-12-10,Delhi,Delhi,26.8,12.9,19.8,44.2,0.0,6.9,205,Poor,1021.6,0.0
2024-12-11,Delhi,Delhi,22.4,9.4,15.9,42.4,0.0,11.8,148,Moderate,1022.7,9.8
2024-12-12,Delhi,Delhi,21.7,10.8,16.2,54.1,0.0,7.4,167,Moderate,1028.1,36.3
2024-12-13,Delhi,Delhi,22.5,12.7,17.6,50.3,0.0,8.0,187,Moderate,1022.7,43.8
2024-12-14,Delhi,Delhi,21.0,11.9,16.4,52.9,0.0,8.0,181,Moderate,1026.1,50.8
2024-12-15,Delhi,Delhi,27.1,15.2,21.2,49.6,0.0,8.7,208,Poor,1023.5,16.6
2024-12-16,Delhi,Delhi,25.9,13.6,19.8,54.1,0.0,10.1,187,Moderate,1024.1,23.1
2024-12-17,Delhi,Delhi,25.2,13.0,19.1,53.0,0.0,15.7,154,Moderate,1023.1,28.5
2024-12-18,Delhi,Delhi,24.4,12.6,18.5,52.6,1.1,9.5,208,Poor,1023.2,35.2
2024-12-19,Delhi,Delhi,24.6,12.6,18.6,47.3,0.0,6.9,211,Poor,1026.8,21.6
2024-12-20,Delhi,Delhi,25.6,13.8,19.7,51.4,0.0,8.6,160,Moderate,1025.4,29.5
2024-12-21,Delhi,Delhi,25.9,14.2,20.0,47.1,0.0,9.6,194,Moderate,1022.4,22.7
2024-12-22,Delhi,Delhi,23.8,13.7,18.8,52.2,0.0,12.4,166,Moderate,1021.7,24.3
2024-12-23,Delhi,Delhi,24.4,11.4,17.9,41.2,0.0,11.9,167,Moderate,1022.9,4.6
2024-12-24,Delhi,Delhi,22.9,10.7,16.8,55.1,0.0,8.5,233,Poor,1026.4,13.5
2024-12-25,Delhi,Delhi,21.1,9.4,15.2,49.5,0.0,9.0,194,Moderate,1027.2,11.7
2024-12-26,Delhi,Delhi,23.2,10.4,16.8,50.8,0.0,9.3,186,Moderate,1025.5,1.4
2024-12-27,Delhi,Delhi,23.9,10.2,17.0,52.9,0.0,9.0,193,Moderate,1021.1,0.0
2024-12-28,Delhi,Delhi,23.8,12.2,18.0,51.8,0.0,8.6,212,Poor,1025.6,11.3
2024-12-29,Delhi,Delhi,22.1,10.4,16.3,56.2,0.0,13.8,164,Moderate,1027.2,14.5
2024-12-30,Delhi,Delhi,21.9,8.3,15.1,44.0,0.0,7.6,184,Moderate,1025.3,20.4
2024-12-31,Delhi,Delhi,22.4,12.3,17.3,51.3,0.0,11.2,200,Poor,1028.3,25.3
2025-01-01,Delhi,Delhi,21.3,9.5,15.4,59.9,0.0,10.6,154,Moderate,1022.2,21.3
2025-01-02,Delhi,Delhi,19.7,8.5,14.1,56.7,0.0,8.5,215,Poor,1026.6,15.8
2025-01-03,Delhi,Delhi,21.6,9.3,15.5,60.1,0.0,7.5,160,Moderate,1022.8,5.7
2025-01-04,Delhi,Delhi,20.8,9.6,15.2,65.1,0.0,8.8,186,Moderate,1027.0,31.0
2025-01-05,Delhi,Delhi,21.6,10.2,15.9,54.5,0.0,10.2,153,Moderate,1025.9,16.8
2025-01-06,Delhi,Delhi,23.9,10.7,17.3,49.5,0.0,6.1,175,Moderate,1027.9,11.3
2025-01-07,Delhi,Delhi,23.6,9.8,16.7,47.2,0.0,7.0,225,Poor,1025.4,15.1
2025-01-08,Delhi,Delhi,25.4,11.5,18.4,46.4,0.0,6.2,221,Poor,1023.1,6.4
2025-01-09,Delhi,Delhi,27.1,13.2,20.1,45.9,0.0,9.5,215,Poor,1022.4,8.2
2025-01-10,Delhi,Delhi,27.9,16.2,22.0,43.2,0.0,9.3,157,Moderate,1022.4,6.6
2025-01-11,Delhi,Delhi,26.1,13.6,19.8,44.3,0.0,7.1,172,Moderate,1022.4,11.8
2025-01-12,Delhi,Delhi,21.8,9.7,15.8,57.4,0.0,7.4,201,Poor,1027.3,27.4
2025-01-13,Delhi,Delhi,25.1,12.3,18.7,60.6,0.0,9.2,204,Poor,1026.3,22.2
2025-01-14,Delhi,Delhi,23.8,11.2,17.5,61.3,0.0,6.6,177,Moderate,1021.0,38.8
2025-01-15,Delhi,Delhi,25.1,12.9,19.0,52.7,0.0,10.4,172,Moderate,1023.6,33.3
2025-01-16,Delhi,Delhi,23.6,12.3,18.0,62.5,0.0,8.3,165,Moderate,1023.9,44.3
2025-01-17,Delhi,Delhi,22.4,8.2,15.3,57.3,0.0,8.7,225,Poor,1022.9,26.3
2025-01-18,Delhi,Delhi,20.4,8.6,14.5,56.0,0.0,8.9,177,Moderate,1025.6,26.6
2025-01-19,Delhi,Delhi,19.7,7.4,13.5,53.4,0.0,6.9,193,Moderate,1027.8,12.8
2025-01-20,Delhi,Delhi,19.2,7.7,13.4,57.0,0.0,8.9,188,Moderate,1026.7,31.2
2025-01-21,Delhi,Delhi,20.7,8.8,14.7,55.6,0.0,10.1,207,Poor,1027.2,9.7
2025-01-22,Delhi,Delhi,22.3,8.7,15.5,50.2,0.0,7.5,168,Moderate,1022.7,0.0
2025-01-23,Delhi,Delhi,20.1,11.1,15.6,54.6,0.0,7.4,214,Poor,1024.2,39.7
2025-01-24,Delhi,Delhi,20.8,7.9,14.4,46.9,0.0,15.3,139,Moderate,1022.9,1.6
2025-01-25,Delhi,Delhi,17.4,5.9,11.6,60.0,0.0,7.3,213,Poor,1025.6,26.9
2025-01-26,Delhi,Delhi,20.5,6.5,13.5,54.8,0.0,7.9,147,Moderate,1025.2,7.3
2025-01-27,Delhi,Delhi,20.1,8.0,14.1,56.8,0.0,12.9,169,Moderate,1026.2,35.1
2025-01-28,Delhi,Delhi,20.6,10.6,15.6,51.8,0.0,6.6,223,Poor,1026.4,36.1
2025-01-29,Delhi,Delhi,23.9,10.1,17.0,60.2,0.0,8.5,197,Moderate,1024.7,25.0
2025-01-30,Delhi,Delhi,22.0,10.9,16.5,61.8,0.0,10.0,186,Moderate,1021.7,35.4
2025-01-31,Delhi,Delhi,23.8,11.2,17.5,42.0,0.0,8.6,156,Moderate,1020.3,17.5
2025-02-01,Delhi,Delhi,20.1,11.7,15.9,66.9,0.0,6.5,168,Moderate,1024.4,49.6
2025-02-02,Delhi,Delhi,23.1,12.1,17.6,53.1,0.0,7.0,211,Poor,1025.8,27.8
2025-02-03,Delhi,Delhi,23.7,9.6,16.6,50.8,0.0,6.4,193,Moderate,1023.0,5.3
2025-02-04,Delhi,Delhi,24.8,12.4,18.6,56.9,0.0,8.3,196,Moderate,1019.3,17.8
2025-02-05,Delhi,Delhi,24.6,12.0,18.3,59.0,0.0,9.6,174,Moderate,1026.5,14.9
2025-02-06,Delhi,Delhi,25.7,12.9,19.3,54.6,0.0,7.5,171,Moderate,1023.0,13.0
2025-02-07,Delhi,Delhi,24.7,12.6,18.7,48.4,0.0,8.1,191,Moderate,1022.4,0.0
2025-02-08,Delhi,Delhi,24.4,12.6,18.5,45.4,0.0,8.1,179,Moderate,1019.7,22.4
2025-02-09,Delhi,Delhi,24.6,9.7,17.2,38.2,0.0,12.1,158,Moderate,1022.3,0.0
2025-02-10,Delhi,Delhi,25.0,10.4,17.7,52.3,0.0,9.2,137,Moderate,1023.4,0.0
2025-02-11,Delhi,Delhi,24.7,12.2,18.5,56.8,0.0,8.9,189,Moderate,1022.8,12.3
2025-02-12,Delhi,Delhi,23.4,8.9,16.2,46.8,0.0,11.5,170,Moderate,1020.9,8.0
2025-02-13,Delhi,Delhi,22.4,10.6,16.5,48.9,0.0,6.7,158,Moderate,1022.0,6.4
2025-02-14,Delhi,Delhi,20.4,7.9,14.2,47.8,0.0,9.1,190,Moderate,1021.4,0.0
2025-02-15,Delhi,Delhi,18.5,3.8,11.1,52.1,0.0,7.7,172,Moderate,1026.7,9.8
2025-02-16,Delhi,Delhi,20.2,7.3,13.8,60.2,0.0,12.7,158,Moderate,1024.3,17.8
2025-02-17,Delhi,Delhi,22.3,9.8,16.0,52.5,0.0,11.5,174,Moderate,1020.7,10.0
2025-02-18,Delhi,Delhi,20.7,9.0,14.9,54.4,0.0,7.7,178,Moderate,1019.6,25.0
2025-02-19,Delhi,Delhi,20.2,10.2,15.2,71.7,0.0,8.2,167,Moderate,1022.3,39.0
2025-02-20,Delhi,Delhi,21.9,10.0,15.9,47.9,0.0,7.2,158,Moderate,1020.5,26.3
2025-02-21,Delhi,Delhi,23.5,12.1,17.8,57.7,0.0,10.9,195,Moderate,1020.0,32.4
2025-02-22,Delhi,Delhi,23.7,12.6,18.2,49.7,0.0,10.2,135,Moderate,1018.3,33.4
2025-02-23,Delhi,Delhi,25.8,13.7,19.8,46.2,0.0,8.3,172,Moderate,1018.0,2.7
2025-02-24,Delhi,Delhi,27.3,15.1,21.2,51.0,0.0,8.2,152,Moderate,1019.8,22.3
2025-02-25,Delhi,Delhi,24.9,14.1,19.5,57.7,0.0,7.9,164,Moderate,1019.3,31.2
2025-02-26,Delhi,Delhi,24.5,12.8,18.6,48.5,0.0,12.4,168,Moderate,1024.9,11.7
2025-02-27,Delhi,Delhi,24.5,10.3,17.4,48.0,0.0,8.4,143,Moderate,1021.4,7.6
2025-02-28,Delhi,Delhi,24.7,10.8,17.7,52.2,0.0,7.9,163,Moderate,1017.6,25.9
2025-03-01,Delhi,Delhi,23.8,8.4,16.1,43.8,0.0,10.6,147,Moderate,1017.2,0.0
2025-03-02,Delhi,Delhi,24.0,10.1,17.1,52.4,0.0,6.2,137,Moderate,1020.7,3.8
2025-03-03,Delhi,Delhi,25.0,12.4,18.7,50.6,0.0,8.1,172,Moderate,1018.5,8.8
2025-03-04,Delhi,Delhi,21.9,10.3,16.1,57.1,0.0,11.0,151,Moderate,1022.5,26.1
2025-03-05,Delhi,Delhi,23.1,10.7,16.9,53.2,0.0,13.4,118,Moderate,1020.1,22.5
2025-03-06,Delhi,Delhi,23.0,12.2,17.6,54.5,0.0,7.6,166,Moderate,1015.2,33.5
2025-03-07,Delhi,Delhi,26.1,11.7,18.9,54.1,0.0,9.9,116,Moderate,1016.6,5.4
2025-03-08,Delhi,Delhi,25.6,14.4,20.0,52.3,0.0,7.6,138,Moderate,1016.9,4.1
2025-03-09,Delhi,Delhi,22.9,11.6,17.2,61.3,0.0,15.9,106,Moderate,1019.7,26.8
2025-03-10,Delhi,Delhi,27.5,13.7,20.6,49.1,0.0,9.0,149,Moderate,1015.6,6.4
2025-03-11,Delhi,Delhi,26.0,14.0,20.0,55.1,0.0,10.2,117,Moderate,1018.1,9.6
2025-03-12,Delhi,Delhi,25.0,11.7,18.3,45.4,0.0,6.3,153,Moderate,1015.4,0.0
2025-03-13,Delhi,Delhi,24.9,12.5,18.7,51.3,0.0,7.8,144,Moderate,1017.9,23.1
2025-03-14,Delhi,Delhi,24.6,12.4,18.5,62.4,0.0,10.6,114,Moderate,1018.5,40.8
2025-03-15,Delhi,Delhi,25.1,13.2,19.1,52.2,0.0,6.8,170,Moderate,1020.4,4.5
2025-03-16,Delhi,Delhi,24.3,14.5,19.4,52.6,0.0,9.0,106,Moderate,1017.7,33.2
2025-03-17,Delhi,Delhi,25.3,14.0,19.7,45.3,0.0,13.7,78,Satisfactory,1015.4,18.0
2025-03-18,Delhi,Delhi,26.4,14.4,20.4,45.0,0.0,10.8,134,Moderate,1019.6,0.0
2025-03-19,Delhi,Delhi,29.4,17.6,23.5,41.2,0.0,10.0,68,Satisfactory,1015.2,4.2
2025-03-20,Delhi,Delhi,28.4,16.2,22.3,54.1,0.0,7.9,152,Moderate,1017.3,4.1
2025-03-21,Delhi,Delhi,27.5,13.8,20.6,52.8,0.0,7.0,122,Moderate,1014.9,14.2
2025-03-22,Delhi,Delhi,28.1,16.5,22.3,46.0,0.0,8.6,83,Satisfactory,1015.7,23.6
2025-03-23,Delhi,Delhi,26.2,15.8,21.0,50.2,0.0,10.3,87,Satisfactory,1014.1,44.5
2025-03-24,Delhi,Delhi,28.2,15.7,21.9,41.1,0.0,7.2,79,Satisfactory,1015.9,0.0
2025-03-25,Delhi,Delhi,30.3,17.0,23.6,43.2,0.0,10.8,112,Moderate,1016.2,10.5
2025-03-26,Delhi,Delhi,30.2,15.3,22.8,44.7,0.0,9.2,77,Satisfactory,1013.7,5.4
2025-03-27,Delhi,Delhi,30.1,17.5,23.8,49.2,0.0,7.4,120,Moderate,1013.2,0.0
2025-03-28,Delhi,Delhi,34.2,20.1,27.2,40.0,0.0,6.6,103,Moderate,1013.9,16.9
2025-03-29,Delhi,Delhi,35.2,22.4,28.8,54.6,0.0,6.8,97,Satisfactory,1010.9,14.7
2025-03-30,Delhi,Delhi,33.8,20.3,27.1,36.6,0.0,8.5,113,Moderate,1009.9,0.0
2025-03-31,Delhi,Delhi,31.8,19.1,25.5,39.2,0.0,11.9,105,Moderate,1013.9,17.2
2025-04-01,Delhi,Delhi,33.3,19.5,26.4,50.3,0.0,7.5,126,Moderate,1012.5,0.0
2025-04-02,Delhi,Delhi,32.9,18.8,25.8,52.7,0.0,12.4,72,Satisfactory,1012.5,17.2
2025-04-03,Delhi,Delhi,31.9,20.4,26.2,48.8,0.0,6.6,99,Satisfactory,1013.5,34.8
2025-04-04,Delhi,Delhi,31.2,18.9,25.0,50.2,0.0,8.9,78,Satisfactory,1014.0,24.3
2025-04-05,Delhi,Delhi,31.2,19.6,25.4,49.2,0.0,8.7,95,Satisfactory,1012.1,20.3
2025-04-06,Delhi,Delhi,31.2,17.6,24.4,46.7,0.0,9.7,70,Satisfactory,1010.3,11.1
2025-04-07,Delhi,Delhi,29.2,18.1,23.7,42.1,0.0,9.2,77,Satisfactory,1011.3,20.1
2025-04-08,Delhi,Delhi,29.3,17.7,23.5,37.9,0.0,8.0,79,Satisfactory,1013.6,27.3
2025-04-09,Delhi,Delhi,29.8,15.3,22.6,46.7,0.0,8.0,93,Satisfactory,1012.8,26.7
2025-04-10,Delhi,Delhi,26.8,17.2,22.0,58.9,0.0,11.2,77,Satisfactory,1011.5,19.3
2025-04-11,Delhi,Delhi,26.8,14.9,20.8,61.2,0.0,9.0,92,Satisfactory,1011.1,24.7
2025-04-12,Delhi,Delhi,29.3,15.8,22.5,44.5,0.0,6.4,84,Satisfactory,1013.3,2.4
2025-04-13,Delhi,Delhi,30.0,17.5,23.8,41.8,0.0,8.2,67,Satisfactory,1011.1,10.0
2025-04-14,Delhi,Delhi,28.5,17.4,23.0,53.3,0.0,8.4,82,Satisfactory,1013.1,30.9
2025-04-15,Delhi,Delhi,28.5,17.3,22.9,54.7,0.0,8.4,56,Satisfactory,1013.2,33.0
2025-04-16,Delhi,Delhi,29.6,18.0,23.8,52.5,0.0,10.8,81,Satisfactory,1010.5,22.2
2025-04-17,Delhi,Delhi,31.0,20.2,25.6,39.7,0.0,7.9,68,Satisfactory,1012.3,40.8
2025-04-18,Delhi,Delhi,30.4,19.4,24.9,65.9,0.0,9.5,73,Satisfactory,1010.7,27.9
2025-04-19,Delhi,Delhi,33.3,19.1,26.2,52.5,0.0,13.9,60,Satisfactory,1010.4,16.9
2025-04-20,Delhi,Delhi,32.4,19.5,25.9,43.2,0.0,12.1,94,Satisfactory,1005.5,3.6
2025-04-21,Delhi,Delhi,32.5,21.4,26.9,48.1,0.0,7.8,76,Satisfactory,1007.4,40.5
2025-04-22,Delhi,Delhi,35.2,24.8,30.0,52.7,0.0,9.2,64,Satisfactory,1006.5,32.7
2025-04-23,Delhi,Delhi,34.5,23.6,29.1,54.5,0.0,6.4,53,Satisfactory,1007.8,48.0
2025-04-24,Delhi,Delhi,36.9,26.4,31.7,51.5,0.0,10.4,74,Satisfactory,1007.8,51.9
2025-04-25,Delhi,Delhi,38.8,25.2,32.0,42.6,0.0,7.2,58,Satisfactory,1007.6,3.6
2025-04-26,Delhi,Delhi,40.2,28.1,34.1,38.1,0.0,9.0,24,Good,1007.1,2.7
2025-04-27,Delhi,Delhi,40.7,28.1,34.4,40.0,0.0,8.8,52,Satisfactory,1005.0,0.0
2025-04-28,Delhi,Delhi,36.1,23.4,29.7,52.7,0.0,12.0,51,Satisfactory,1008.9,33.7
2025-04-29,Delhi,Delhi,32.9,22.6,27.8,52.0,0.0,9.7,33,Good,1011.5,31.6
2025-04-30,Delhi,Delhi,35.1,22.8,29.0,49.2,0.0,8.8,49,Good,1006.7,23.4
2025-05-01,Delhi,Delhi,34.8,22.8,28.8,51.1,0.0,10.8,44,Good,1005.9,5.4
2025-05-02,Delhi,Delhi,36.0,23.2,29.6,39.1,0.0,12.8,38,Good,1005.5,21.2
2025-05-03,Delhi,Delhi,33.2,22.4,27.8,45.9,0.0,6.7,80,Satisfactory,1007.4,26.5
2025-05-04,Delhi,Delhi,34.1,24.3,29.2,50.9,4.0,8.1,16,Good,1005.6,34.5
2025-05-05,Delhi,Delhi,32.8,22.3,27.6,47.4,0.0,14.4,75,Satisfactory,1003.5,28.8
2025-05-06,Delhi,Delhi,33.9,23.6,28.8,49.5,0.0,17.1,21,Good,1003.6,34.0
2025-05-07,Delhi,Delhi,35.2,23.2,29.2,55.5,0.0,8.0,57,Satisfactory,1008.2,23.2
2025-05-08,Delhi,Delhi,34.5,24.1,29.3,52.6,0.0,11.7,36,Good,1008.6,41.9
2025-05-09,Delhi,Delhi,33.7,24.1,28.9,43.2,0.0,8.0,15,Good,1009.2,34.9
2025-05-10,Delhi,Delhi,35.7,23.3,29.5,44.5,0.0,7.8,18,Good,1006.1,9.6
2025-05-11,Delhi,Delhi,31.6,23.0,27.3,57.2,0.0,9.2,24,Good,1004.1,47.6
2025-05-12,Delhi,Delhi,33.2,22.6,27.9,56.5,0.0,12.3,49,Good,1004.9,45.5
2025-05-13,Delhi,Delhi,32.2,20.8,26.5,58.4,0.0,9.1,15,Good,1003.0,36.2
2025-05-14,Delhi,Delhi,31.0,20.3,25.6,58.6,0.0,12.3,15,Good,1003.0,34.8
2025-05-15,Delhi,Delhi,34.0,24.3,29.1,57.2,10.8,12.7,16,Good,1005.4,52.5
2025-05-16,Delhi,Delhi,37.9,23.5,30.7,40.9,0.0,8.8,41,Good,1005.4,6.2
2025-05-17,Delhi,Delhi,35.5,26.0,30.8,53.9,0.0,8.8,40,Good,1008.1,47.0
2025-05-18,Delhi,Delhi,33.6,23.3,28.5,50.3,0.0,9.3,15,Good,1004.5,25.0
2025-05-19,Delhi,Delhi,30.7,20.6,25.7,59.8,0.0,9.9,15,Good,1002.6,49.3
2025-05-20,Delhi,Delhi,29.6,20.3,25.0,62.8,0.0,9.7,36,Good,1005.1,36.8
2025-05-21,Delhi,Delhi,33.9,22.4,28.1,55.0,0.0,10.2,53,Satisfactory,1003.7,16.5
2025-05-22,Delhi,Delhi,34.9,24.4,29.7,58.6,0.0,9.2,16,Good,1002.7,26.8
2025-05-23,Delhi,Delhi,34.1,25.3,29.7,57.8,0.0,8.3,15,Good,1004.2,48.8
2025-05-24,Delhi,Delhi,35.6,25.3,30.4,63.4,0.0,16.5,15,Good,1000.7,31.8
2025-05-25,Delhi,Delhi,34.9,23.1,29.0,59.8,0.0,9.1,29,Good,1003.7,27.7
2025-05-26,Delhi,Delhi,34.9,23.0,29.0,57.7,0.0,8.0,17,Good,1004.6,28.4
2025-05-27,Delhi,Delhi,35.2,24.8,30.0,63.8,0.0,12.1,42,Good,1005.7,46.4
2025-05-28,Delhi,Delhi,33.4,24.8,29.1,62.3,0.0,8.8,39,Good,1003.6,63.3
2025-05-29,Delhi,Delhi,36.3,24.5,30.4,42.7,0.0,11.9,15,Good,1004.5,8.9
2025-05-30,Delhi,Delhi,33.1,28.3,30.7,65.8,0.0,9.3,15,Good,1001.3,78.8
2025-05-31,Delhi,Delhi,38.3,28.2,33.2,63.0,0.0,18.1,15,Good,1000.7,41.8
2025-06-01,Delhi,Delhi,35.3,28.4,31.8,62.8,0.0,14.9,15,Good,1004.3,48.8
2025-06-02,Delhi,Delhi,37.1,28.9,33.0,58.3,2.2,10.3,15,Good,998.4,34.7
2025-06-03,Delhi,Delhi,41.5,31.9,36.7,53.6,0.0,12.0,15,Good,999.1,39.5
2025-06-04,Delhi,Delhi,39.0,29.4,34.2,51.6,14.7,11.5,15,Good,1002.7,44.7
2025-06-05,Delhi,Delhi,38.1,28.2,33.2,66.3,0.0,9.7,15,Good,1000.2,28.8
2025-06-06,Delhi,Delhi,38.1,26.6,32.3,60.4,0.0,12.7,19,Good,1000.1,33.7
2025-06-07,Delhi,Delhi,37.6,29.1,33.3,65.4,35.0,11.3,15,Good,999.8,61.9
2025-06-08,Delhi,Delhi,39.2,28.8,34.0,55.9,9.0,11.7,15,Good,1000.2,24.1
2025-06-09,Delhi,Delhi,37.7,27.8,32.7,73.6,0.0,12.7,15,Good,1002.4,53.8
2025-06-10,Delhi,Delhi,39.5,28.6,34.0,68.9,3.0,11.1,15,Good,1001.5,42.6
2025-06-11,Delhi,Delhi,39.4,29.2,34.3,58.4,0.0,10.0,33,Good,999.5,35.2
2025-06-12,Delhi,Delhi,37.6,31.5,34.6,78.7,0.0,12.7,15,Good,1001.5,77.1
2025-06-13,Delhi,Delhi,39.8,30.7,35.2,63.4,13.5,13.5,16,Good,999.6,36.7
2025-06-14,Delhi,Delhi,39.4,31.2,35.3,61.3,0.0,13.6,15,Good,1000.5,35.2
2025-06-15,Delhi,Delhi,36.4,27.9,32.1,69.4,5.8,13.8,19,Good,997.5,51.3
2025-06-16,Delhi,Delhi,34.3,26.4,30.3,67.5,25.4,12.6,15,Good,1003.4,45.2
2025-06-17,Delhi,Delhi,35.0,27.2,31.1,67.4,9.8,9.7,50,Satisfactory,1000.1,56.6
2025-06-18,Delhi,Delhi,34.2,26.2,30.2,79.9,0.0,19.8,15,Good,994.3,60.2
2025-06-19,Delhi,Delhi,34.2,28.6,31.4,75.0,0.0,14.0,15,Good,1002.6,61.6
2025-06-20,Delhi,Delhi,33.7,27.2,30.5,79.7,16.5,11.4,15,Good,999.5,58.2
2025-06-21,Delhi,Delhi,35.2,27.3,31.3,76.4,0.0,14.6,15,Good,998.3,50.6
2025-06-22,Delhi,Delhi,32.3,25.5,28.9,84.7,0.0,10.5,15,Good,998.5,71.8
2025-06-23,Delhi,Delhi,32.9,26.0,29.4,69.7,0.0,13.8,15,Good,1000.3,61.9
2025-06-24,Delhi,Delhi,32.6,25.2,28.9,75.7,2.5,11.9,15,Good,997.7,57.8
2025-06-25,Delhi,Delhi,32.8,27.8,30.3,88.5,0.0,10.8,53,Satisfactory,997.8,85.5
2025-06-26,Delhi,Delhi,32.5,26.8,29.7,75.7,0.0,10.9,15,Good,998.0,64.4
2025-06-27,Delhi,Delhi,32.5,27.2,29.8,88.3,8.9,13.7,15,Good,998.4,82.2
2025-06-28,Delhi,Delhi,32.3,26.8,29.5,80.9,0.0,14.1,15,Good,997.9,85.1
2025-06-29,Delhi,Delhi,30.5,25.4,27.9,90.3,18.8,11.3,15,Good,1001.0,87.8
2025-06-30,Delhi,Delhi,30.6,24.6,27.6,97.4,0.0,12.3,15,Good,999.9,80.5
2025-07-01,Delhi,Delhi,30.9,24.0,27.4,91.9,6.7,13.7,15,Good,1000.1,71.8
2025-07-02,Delhi,Delhi,33.4,26.2,29.8,77.2,3.9,12.0,15,Good,999.8,70.2
2025-07-03,Delhi,Delhi,33.8,27.7,30.8,89.9,10.7,19.8,15,Good,998.1,67.9
2025-07-04,Delhi,Delhi,34.6,27.6,31.1,89.2,17.3,14.2,15,Good,996.1,41.6
2025-07-05,Delhi,Delhi,34.6,27.7,31.2,100.0,0.0,13.0,24,Good,1001.7,82.6
2025-07-06,Delhi,Delhi,35.6,29.1,32.3,90.0,0.0,16.2,15,Good,999.5,76.0
2025-07-07,Delhi,Delhi,36.0,31.5,33.8,81.9,10.1,14.6,15,Good,1000.4,83.9
2025-07-08,Delhi,Delhi,36.8,30.3,33.5,88.7,9.0,14.1,15,Good,999.3,71.5
2025-07-09,Delhi,Delhi,36.5,30.0,33.2,97.7,2.5,14.5,15,Good,996.4,83.3
2025-07-10,Delhi,Delhi,36.5,27.5,32.0,84.1,0.0,15.5,15,Good,992.9,56.0
2025-07-11,Delhi,Delhi,34.1,26.8,30.5,92.7,10.6,12.4,15,Good,995.6,60.3
2025-07-12,Delhi,Delhi,34.0,24.7,29.3,80.7,0.0,11.2,15,Good,999.6,43.2
2025-07-13,Delhi,Delhi,31.1,26.5,28.8,94.8,15.3,16.9,15,Good,998.3,76.8
2025-07-14,Delhi,Delhi,32.1,25.8,28.9,78.8,24.0,13.8,15,Good,997.6,68.2
2025-07-15,Delhi,Delhi,33.4,27.1,30.2,85.2,24.7,12.8,15,Good,993.1,66.0
2025-07-16,Delhi,Delhi,35.2,29.4,32.3,92.2,6.5,12.2,15,Good,997.5,82.4
2025-07-17,Delhi,Delhi,34.8,27.1,30.9,89.6,18.6,12.1,29,Good,995.7,72.9
2025-07-18,Delhi,Delhi,35.0,27.7,31.4,81.6,17.5,14.1,15,Good,996.4,58.8
2025-07-19,Delhi,Delhi,34.2,31.0,32.6,93.9,0.0,13.7,15,Good,999.2,100.0
2025-07-20,Delhi,Delhi,34.6,30.2,32.4,93.5,18.9,16.8,15,Good,995.5,78.1
2025-07-21,Delhi,Delhi,35.5,27.2,31.4,89.3,19.8,15.2,15,Good,996.0,64.2
2025-07-22,Delhi,Delhi,34.2,27.5,30.8,91.8,28.4,15.7,15,Good,998.5,70.4
2025-07-23,Delhi,Delhi,31.5,25.5,28.5,98.8,3.5,16.6,15,Good,1000.5,78.8
2025-07-24,Delhi,Delhi,29.9,24.7,27.3,94.5,13.3,14.3,15,Good,998.4,79.5
2025-07-25,Delhi,Delhi,31.3,26.9,29.1,100.0,41.6,18.6,15,Good,1001.7,99.1
2025-07-26,Delhi,Delhi,31.6,27.1,29.4,89.7,42.1,12.6,15,Good,996.2,79.5
2025-07-27,Delhi,Delhi,30.7,26.2,28.4,100.0,8.7,16.5,15,Good,996.2,100.0
2025-07-28,Delhi,Delhi,31.6,26.9,29.2,99.0,40.6,11.4,15,Good,995.9,74.4
2025-07-29,Delhi,Delhi,30.0,25.4,27.7,95.5,0.0,11.4,35,Good,996.1,87.1
2025-07-30,Delhi,Delhi,30.6,26.7,28.7,96.6,16.1,11.9,15,Good,999.9,94.7
2025-07-31,Delhi,Delhi,34.4,31.4,32.9,95.6,2.1,13.5,15,Good,996.2,94.2
2025-08-01,Delhi,Delhi,34.6,30.5,32.5,98.1,34.1,11.3,15,Good,995.6,95.8
2025-08-02,Delhi,Delhi,36.0,30.8,33.4,94.6,9.3,13.4,15,Good,999.0,72.7
2025-08-03,Delhi,Delhi,34.1,28.6,31.4,84.7,0.0,12.9,15,Good,1000.6,77.3
2025-08-04,Delhi,Delhi,34.7,26.5,30.6,86.3,11.0,20.8,15,Good,1001.4,42.7
2025-08-05,Delhi,Delhi,33.9,26.1,30.0,80.6,0.4,11.5,15,Good,1001.3,74.5
2025-08-06,Delhi,Delhi,32.0,26.9,29.4,94.4,20.4,13.8,15,Good,998.0,92.4
2025-08-07,Delhi,Delhi,34.5,29.0,31.7,99.5,28.6,14.8,15,Good,999.9,87.7
2025-08-08,Delhi,Delhi,37.0,30.3,33.6,79.9,4.3,17.9,15,Good,999.9,72.2
2025-08-09,Delhi,Delhi,35.1,29.7,32.4,85.1,4.1,15.2,15,Good,998.5,97.3
2025-08-10,Delhi,Delhi,35.2,28.2,31.7,87.9,18.6,16.6,15,Good,1000.1,67.9
2025-08-11,Delhi,Delhi,35.2,28.0,31.6,92.2,20.3,13.9,15,Good,997.5,62.7
2025-08-12,Delhi,Delhi,38.1,30.4,34.2,84.7,6.4,11.9,15,Good,998.1,63.8
2025-08-13,Delhi,Delhi,34.3,29.2,31.7,73.2,4.8,11.0,15,Good,1001.0,55.4
2025-08-14,Delhi,Delhi,35.1,27.1,31.1,79.5,23.4,15.2,15,Good,1003.6,79.4
2025-08-15,Delhi,Delhi,36.0,28.1,32.0,86.0,2.1,12.2,29,Good,1002.8,73.4
2025-08-16,Delhi,Delhi,30.5,24.4,27.4,83.9,7.3,10.5,25,Good,1003.3,79.9
2025-08-17,Delhi,Delhi,28.4,22.9,25.6,88.3,4.5,12.2,15,Good,1002.8,65.8
2025-08-18,Delhi,Delhi,28.9,21.0,24.9,89.6,17.0,12.8,15,Good,1002.9,70.3
2025-08-19,Delhi,Delhi,28.5,20.4,24.4,79.3,4.7,16.7,15,Good,1000.4,40.1
2025-08-20,Delhi,Delhi,28.7,21.8,25.3,97.2,0.0,12.2,45,Good,1001.6,74.4
2025-08-21,Delhi,Delhi,29.5,24.0,26.7,88.2,6.6,12.6,15,Good,1001.5,68.7
2025-08-22,Delhi,Delhi,30.3,20.0,25.1,88.2,13.9,12.5,15,Good,1004.9,51.9
2025-08-23,Delhi,Delhi,29.3,23.5,26.4,87.9,0.0,15.1,48,Good,1005.4,64.2
2025-08-24,Delhi,Delhi,29.7,22.1,25.9,81.8,11.5,11.1,15,Good,1005.4,61.4
2025-08-25,Delhi,Delhi,29.1,25.6,27.4,85.7,5.0,13.3,26,Good,1006.0,87.8
2025-08-26,Delhi,Delhi,31.3,22.8,27.0,76.0,0.0,11.2,47,Good,1004.1,47.5
2025-08-27,Delhi,Delhi,30.4,23.6,27.0,84.3,0.0,16.0,25,Good,1002.2,66.0
2025-08-28,Delhi,Delhi,32.1,22.2,27.1,72.4,0.0,17.0,15,Good,1004.3,45.0
2025-08-29,Delhi,Delhi,32.8,24.8,28.8,83.6,0.0,12.3,46,Good,1002.6,50.4
2025-08-30,Delhi,Delhi,33.8,24.9,29.4,72.5,0.0,12.7,67,Satisfactory,1005.5,60.8
2025-08-31,Delhi,Delhi,31.4,24.2,27.8,76.3,0.0,11.3,60,Satisfactory,1004.1,53.9
2025-09-01,Delhi,Delhi,34.9,26.9,30.9,71.2,2.8,9.4,15,Good,1004.0,53.9
2025-09-02,Delhi,Delhi,34.3,26.5,30.4,70.7,0.0,11.7,91,Satisfactory,1005.9,57.9
2025-09-03,Delhi,Delhi,35.9,26.4,31.2,79.8,0.0,11.4,18,Good,1003.0,44.9
2025-09-04,Delhi,Delhi,33.4,25.3,29.3,71.8,1.9,10.8,24,Good,1007.2,64.3
2025-09-05,Delhi,Delhi,36.1,26.4,31.2,66.3,6.1,10.9,63,Satisfactory,1002.2,45.4
2025-09-06,Delhi,Delhi,34.4,25.3,29.8,65.5,0.0,12.3,59,Satisfactory,1006.2,48.2
2025-09-07,Delhi,Delhi,33.7,24.6,29.2,70.3,0.0,12.0,53,Satisfactory,1005.8,54.0
2025-09-08,Delhi,Delhi,32.6,24.7,28.6,68.8,0.0,10.7,43,Good,1008.0,51.5
2025-09-09,Delhi,Delhi,32.7,23.9,28.3,64.5,8.1,15.4,67,Satisfactory,1003.9,56.5
2025-09-10,Delhi,Delhi,33.7,23.3,28.5,66.0,0.0,8.6,64,Satisfactory,1003.7,50.9
2025-09-11,Delhi,Delhi,33.5,26.3,29.9,69.6,1.2,9.7,27,Good,1008.1,51.2
2025-09-12,Delhi,Delhi,34.5,24.3,29.4,69.0,0.0,13.0,83,Satisfactory,1006.2,39.4
2025-09-13,Delhi,Delhi,34.4,23.2,28.8,61.4,0.0,8.6,74,Satisfactory,1007.2,28.4
2025-09-14,Delhi,Delhi,36.2,23.7,30.0,58.7,0.0,8.3,96,Satisfactory,1005.9,21.8
2025-09-15,Delhi,Delhi,34.9,22.8,28.8,56.1,0.0,9.4,83,Satisfactory,1009.6,18.1
2025-09-16,Delhi,Delhi,32.3,24.1,28.2,65.8,5.9,10.5,116,Moderate,1008.8,65.7
2025-09-17,Delhi,Delhi,33.5,21.1,27.3,51.6,13.3,9.6,54,Satisfactory,1009.1,9.7
2025-09-18,Delhi,Delhi,30.9,22.9,26.9,58.6,0.0,10.9,71,Satisfactory,1006.6,56.8
2025-09-19,Delhi,Delhi,33.2,22.7,28.0,55.0,0.0,8.0,96,Satisfactory,1009.9,27.1
2025-09-20,Delhi,Delhi,30.4,22.8,26.6,69.8,0.0,9.0,73,Satisfactory,1007.5,55.2
2025-09-21,Delhi,Delhi,30.8,17.1,23.9,54.4,0.0,11.9,91,Satisfactory,1009.1,8.5
2025-09-22,Delhi,Delhi,32.0,21.1,26.6,57.9,5.6,11.2,15,Good,1007.2,33.6
2025-09-23,Delhi,Delhi,31.5,23.5,27.5,61.5,0.0,9.0,82,Satisfactory,1009.6,55.9
2025-09-24,Delhi,Delhi,32.6,22.6,27.6,66.6,0.0,10.3,80,Satisfactory,1012.2,44.7
2025-09-25,Delhi,Delhi,32.2,20.3,26.3,53.1,0.0,9.9,82,Satisfactory,1011.1,30.1
2025-09-26,Delhi,Delhi,32.6,19.2,25.9,53.9,0.0,9.9,67,Satisfactory,1010.1,7.1
2025-09-27,Delhi,Delhi,31.3,20.4,25.9,53.6,0.0,10.5,106,Moderate,1011.4,15.1
2025-09-28,Delhi,Delhi,29.9,23.7,26.8,61.3,0.0,15.1,65,Satisfactory,1011.3,51.8
2025-09-29,Delhi,Delhi,32.0,20.5,26.3,56.7,0.0,15.2,82,Satisfactory,1011.6,27.1
2025-09-30,Delhi,Delhi,33.2,23.1,28.1,54.5,6.7,7.6,92,Satisfactory,1011.5,29.2
2025-10-01,Delhi,Delhi,32.6,21.3,26.9,59.8,0.0,9.2,108,Moderate,1009.6,34.2
2025-10-02,Delhi,Delhi,31.8,18.7,25.2,51.8,0.0,7.9,133,Moderate,1012.6,12.4
2025-10-03,Delhi,Delhi,31.3,19.6,25.4,65.3,0.0,10.5,101,Moderate,1009.0,35.6
2025-10-04,Delhi,Delhi,35.6,22.3,28.9,50.7,0.0,9.2,120,Moderate,1012.9,21.3
2025-10-05,Delhi,Delhi,34.3,22.1,28.2,44.4,0.0,12.4,98,Satisfactory,1009.9,31.2
2025-10-06,Delhi,Delhi,33.9,20.4,27.1,53.9,0.0,9.5,93,Satisfactory,1015.0,19.0
2025-10-07,Delhi,Delhi,33.5,19.3,26.4,49.9,0.0,14.0,91,Satisfactory,1008.1,5.0
2025-10-08,Delhi,Delhi,34.6,21.3,27.9,49.9,0.0,15.0,87,Satisfactory,1016.1,19.6
2025-10-09,Delhi,Delhi,31.6,20.9,26.2,52.8,0.0,13.7,110,Moderate,1010.2,35.1
2025-10-10,Delhi,Delhi,31.4,21.6,26.5,42.2,0.0,6.9,120,Moderate,1011.2,31.0
2025-10-11,Delhi,Delhi,33.4,19.5,26.5,41.6,0.0,9.9,93,Satisfactory,1014.4,25.4
2025-10-12,Delhi,Delhi,32.5,21.8,27.1,61.3,0.0,8.6,111,Moderate,1015.0,36.7
2025-10-13,Delhi,Delhi,33.5,20.5,27.0,46.6,0.0,8.8,83,Satisfactory,1013.4,20.9
2025-10-14,Delhi,Delhi,32.9,21.9,27.4,54.4,0.0,11.4,108,Moderate,1015.8,23.9
2025-10-15,Delhi,Delhi,33.4,20.3,26.8,40.1,0.0,8.6,121,Moderate,1012.8,16.3
2025-10-16,Delhi,Delhi,29.8,21.6,25.7,48.1,0.0,9.3,160,Moderate,1014.1,36.7
2025-10-17,Delhi,Delhi,32.5,21.5,27.0,53.2,0.0,9.4,151,Moderate,1014.1,26.2
2025-10-18,Delhi,Delhi,31.5,19.3,25.4,47.8,0.0,6.8,107,Moderate,1014.2,14.9
2025-10-19,Delhi,Delhi,31.7,18.1,24.9,48.4,0.0,8.3,132,Moderate,1011.7,1.8
2025-10-20,Delhi,Delhi,32.0,20.2,26.1,52.3,0.0,12.2,124,Moderate,1015.4,37.0
2025-10-21,Delhi,Delhi,32.5,20.9,26.7,44.9,0.0,6.6,130,Moderate,1015.2,10.4
2025-10-22,Delhi,Delhi,30.3,17.9,24.1,47.1,0.0,10.4,123,Moderate,1018.5,23.1
2025-10-23,Delhi,Delhi,29.2,18.5,23.9,51.6,0.0,7.6,128,Moderate,1014.0,54.9
2025-10-24,Delhi,Delhi,27.6,14.3,21.0,62.1,0.0,8.3,177,Moderate,1016.3,34.6
2025-10-25,Delhi,Delhi,26.2,15.4,20.8,65.4,0.0,10.9,121,Moderate,1020.2,45.7
2025-10-26,Delhi,Delhi,26.0,14.1,20.0,46.2,0.0,7.3,149,Moderate,1018.7,15.8
2025-10-27,Delhi,Delhi,23.8,14.4,19.1,51.5,0.0,8.4,84,Satisfactory,1019.6,38.6
2025-10-28,Delhi,Delhi,24.4,10.9,17.7,53.2,0.0,6.8,164,Moderate,1020.0,24.6
2025-10-29,Delhi,Delhi,24.1,11.9,18.0,57.2,0.0,9.9,165,Moderate,1020.1,28.9
2025-10-30,Delhi,Delhi,23.0,13.2,18.1,59.4,0.0,7.6,123,Moderate,1022.9,51.7
2025-10-31,Delhi,Delhi,22.2,11.8,17.0,56.6,0.0,6.9,138,Moderate,1019.9,20.0
2025-11-01,Delhi,Delhi,25.9,14.9,20.4,51.6,0.0,8.9,155,Moderate,1016.9,21.9
2025-11-02,Delhi,Delhi,28.4,14.9,21.6,47.3,0.0,6.7,153,Moderate,1020.0,8.0
2025-11-03,Delhi,Delhi,27.5,16.0,21.8,65.2,4.8,8.1,156,Moderate,1017.7,32.8
2025-11-04,Delhi,Delhi,26.8,16.2,21.5,46.2,0.0,7.4,147,Moderate,1018.8,12.5
2025-11-05,Delhi,Delhi,27.7,16.1,21.9,61.4,0.0,9.3,191,Moderate,1019.8,34.2
2025-11-06,Delhi,Delhi,28.3,16.4,22.4,52.5,0.0,9.4,136,Moderate,1017.4,0.0
2025-11-07,Delhi,Delhi,30.0,17.0,23.5,52.6,0.0,7.6,216,Poor,1017.8,26.2
2025-11-08,Delhi,Delhi,29.5,16.5,23.0,37.2,0.0,13.2,171,Moderate,1020.1,9.7
2025-11-09,Delhi,Delhi,28.8,17.8,23.3,50.8,0.0,11.7,167,Moderate,1018.1,28.5
2025-11-10,Delhi,Delhi,29.7,16.5,23.1,45.9,0.0,7.2,139,Moderate,1021.3,18.1
2025-11-11,Delhi,Delhi,28.7,15.6,22.2,47.7,0.0,17.5,156,Moderate,1017.8,11.2
2025-11-12,Delhi,Delhi,29.1,15.2,22.2,42.7,0.0,10.6,169,Moderate,1017.9,13.1
2025-11-13,Delhi,Delhi,29.9,16.7,23.3,49.3,0.0,9.5,113,Moderate,1023.5,5.8
2025-11-14,Delhi,Delhi,27.2,15.7,21.5,57.2,0.0,9.7,129,Moderate,1017.2,30.4
2025-11-15,Delhi,Delhi,26.8,13.9,20.3,53.2,0.0,6.9,177,Moderate,1020.7,4.5
2025-11-16,Delhi,Delhi,26.8,14.2,20.5,47.6,0.0,12.3,153,Moderate,1024.5,15.2
2025-11-17,Delhi,Delhi,28.2,14.6,21.4,45.3,0.0,6.4,161,Moderate,1020.6,23.1
2025-11-18,Delhi,Delhi,28.6,18.4,23.5,54.4,0.0,9.7,189,Moderate,1022.9,39.5
2025-11-19,Delhi,Delhi,29.8,16.9,23.3,56.5,0.0,11.7,141,Moderate,1021.6,16.7
2025-11-20,Delhi,Delhi,27.8,16.2,22.0,48.4,0.0,7.3,163,Moderate,1020.8,14.1
2025-11-21,Delhi,Delhi,26.5,16.6,21.5,52.3,0.0,10.8,151,Moderate,1020.8,21.5
2025-11-22,Delhi,Delhi,26.5,12.8,19.6,45.5,0.0,9.0,182,Moderate,1017.4,0.0
2025-11-23,Delhi,Delhi,27.5,13.7,20.6,43.7,0.0,11.0,129,Moderate,1020.9,1.3
2025-11-24,Delhi,Delhi,23.6,11.3,17.5,54.8,0.0,11.5,155,Moderate,1023.0,14.6
2025-11-25,Delhi,Delhi,23.7,12.3,18.0,49.4,0.0,13.6,124,Moderate,1022.9,9.4
2025-11-26,Delhi,Delhi,24.3,10.5,17.4,50.4,0.0,12.5,159,Moderate,1027.6,0.0
2025-11-27,Delhi,Delhi,20.0,8.6,14.3,60.5,0.0,6.5,198,Moderate,1024.2,33.4
2025-11-28,Delhi,Delhi,17.5,6.8,12.1,59.8,0.0,7.2,198,Moderate,1025.6,26.3
2025-11-29,Delhi,Delhi,19.3,8.8,14.0,58.7,0.0,9.9,159,Moderate,1026.2,23.3
2025-11-30,Delhi,Delhi,21.6,9.1,15.4,47.9,0.0,11.6,183,Moderate,1024.7,10.8
2025-12-01,Delhi,Delhi,22.7,10.0,16.4,49.1,0.0,7.0,180,Moderate,1023.2,20.9
2025-12-02,Delhi,Delhi,20.7,8.7,14.7,56.2,0.0,10.5,206,Poor,1023.8,27.9
2025-12-03,Delhi,Delhi,18.3,6.9,12.6,55.7,0.0,12.8,168,Moderate,1023.9,18.2
2025-12-04,Delhi,Delhi,19.1,7.4,13.3,54.8,0.0,11.4,110,Moderate,1025.4,27.6
2025-12-05,Delhi,Delhi,22.1,8.3,15.2,53.1,0.0,10.4,198,Moderate,1023.7,9.0
2025-12-06,Delhi,Delhi,20.1,9.3,14.7,59.6,0.0,8.6,174,Moderate,1025.5,21.8
2025-12-07,Delhi,Delhi,19.8,8.8,14.3,64.5,0.0,8.5,179,Moderate,1022.4,36.5
2025-12-08,Delhi,Delhi,21.7,9.4,15.6,64.8,0.0,16.2,173,Moderate,1024.4,37.0
2025-12-09,Delhi,Delhi,19.7,10.2,14.9,52.0,0.0,7.8,157,Moderate,1027.4,38.6
2025-12-10,Delhi,Delhi,22.9,9.9,16.4,48.2,0.0,7.2,192,Moderate,1023.5,23.1
2025-12-11,Delhi,Delhi,23.8,10.0,16.9,51.3,0.0,6.7,204,Poor,1027.6,19.2
2025-12-12,Delhi,Delhi,23.8,11.4,17.6,51.1,0.0,10.2,191,Moderate,1024.1,12.0
2025-12-13,Delhi,Delhi,25.0,11.9,18.5,46.2,0.0,9.8,172,Moderate,1023.5,0.0
2025-12-14,Delhi,Delhi,24.5,10.0,17.3,45.5,0.0,8.8,210,Poor,1024.2,0.0
2025-12-15,Delhi,Delhi,23.1,11.0,17.1,50.4,0.0,9.8,164,Moderate,1023.4,16.0
2025-12-16,Delhi,Delhi,20.9,11.0,15.9,55.6,0.0,11.0,170,Moderate,1020.4,17.5
2025-12-17,Delhi,Delhi,19.5,8.9,14.2,52.6,0.0,8.3,188,Moderate,1026.7,39.8
2025-12-18,Delhi,Delhi,22.3,10.9,16.6,68.6,0.0,10.0,193,Moderate,1028.7,36.9
2025-12-19,Delhi,Delhi,23.0,9.4,16.2,51.2,0.0,8.1,185,Moderate,1025.4,9.1
2025-12-20,Delhi,Delhi,19.8,9.3,14.5,62.4,0.0,10.1,214,Poor,1026.0,31.1
2025-12-21,Delhi,Delhi,22.0,9.6,15.8,49.2,0.0,12.8,187,Moderate,1024.2,12.2
2025-12-22,Delhi,Delhi,24.1,11.6,17.9,56.7,0.0,11.3,186,Moderate,1026.4,27.1
2025-12-23,Delhi,Delhi,20.9,9.6,15.3,56.9,0.0,14.5,182,Moderate,1024.7,30.4
2025-12-24,Delhi,Delhi,20.7,11.2,16.0,61.4,0.0,7.8,210,Poor,1025.2,36.0
2025-12-25,Delhi,Delhi,21.9,8.0,14.9,51.7,0.0,7.5,200,Poor,1021.8,12.3
2025-12-26,Delhi,Delhi,22.3,11.3,16.8,63.5,0.0,9.7,150,Moderate,1023.4,32.2
2025-12-27,Delhi,Delhi,26.8,12.2,19.5,39.1,0.0,7.8,218,Poor,1024.4,0.0
2025-12-28,Delhi,Delhi,25.6,15.9,20.7,57.8,0.0,10.2,191,Moderate,1025.2,33.7
2025-12-29,Delhi,Delhi,24.9,12.7,18.8,51.3,0.0,9.2,206,Poor,1025.8,16.4
2025-12-30,Delhi,Delhi,24.2,11.4,17.8,46.5,0.0,7.2,187,Moderate,1021.0,17.2
2025-12-31,Delhi,Delhi,25.2,11.8,18.5,57.1,0.0,9.9,149,Moderate,1021.0,0.0
2024-01-01,Bengaluru,Karnataka,26.6,16.1,21.4,57.3,0.0,13.2,178,Moderate,1023.2,47.9
2024-01-02,Bengaluru,Karnataka,25.8,13.4,19.6,53.2,0.0,11.3,217,Poor,1025.5,24.4
2024-01-03,Bengaluru,Karnataka,28.3,15.2,21.7,42.9,0.0,9.6,207,Poor,1019.3,13.0
2024-01-04,Bengaluru,Karnataka,28.5,16.7,22.6,46.0,0.0,9.8,220,Poor,1026.4,22.2
2024-01-05,Bengaluru,Karnataka,28.0,15.5,21.8,55.2,0.0,12.7,181,Moderate,1022.4,30.4
2024-01-06,Bengaluru,Karnataka,27.6,15.0,21.3,43.4,0.0,6.5,219,Poor,1019.5,8.9
2024-01-07,Bengaluru,Karnataka,28.1,15.1,21.6,42.5,0.0,8.6,175,Moderate,1021.3,2.4
2024-01-08,Bengaluru,Karnataka,28.5,14.5,21.5,39.5,0.0,7.0,177,Moderate,1022.9,13.9
2024-01-09,Bengaluru,Karnataka,27.1,15.2,21.1,45.7,0.0,9.7,237,Poor,1021.4,7.3
2024-01-10,Bengaluru,Karnataka,24.0,14.8,19.4,55.4,6.9,9.2,160,Moderate,1019.1,36.5
2024-01-11,Bengaluru,Karnataka,26.2,14.2,20.2,37.3,0.0,9.6,179,Moderate,1023.2,10.0
2024-01-12,Bengaluru,Karnataka,27.2,14.7,20.9,43.4,0.0,6.8,153,Moderate,1021.3,19.5
2024-01-13,Bengaluru,Karnataka,27.3,14.8,21.1,44.3,0.0,12.0,163,Moderate,1024.0,31.9
2024-01-14,Bengaluru,Karnataka,27.0,16.7,21.9,55.5,0.0,10.8,162,Moderate,1020.3,35.5
2024-01-15,Bengaluru,Karnataka,29.0,15.1,22.0,38.6,0.0,7.9,177,Moderate,1026.8,20.4
2024-01-16,Bengaluru,Karnataka,26.5,14.6,20.6,49.6,0.0,11.1,189,Moderate,1023.7,23.8
2024-01-17,Bengaluru,Karnataka,27.6,14.4,21.0,48.8,0.0,6.2,207,Poor,1022.9,3.9
2024-01-18,Bengaluru,Karnataka,26.6,16.2,21.4,52.2,0.0,7.0,170,Moderate,1023.6,32.2
2024-01-19,Bengaluru,Karnataka,28.0,15.0,21.5,49.6,0.0,8.7,170,Moderate,1018.6,35.5
2024-01-20,Bengaluru,Karnataka,27.7,14.4,21.1,46.1,0.0,8.2,212,Poor,1021.4,0.0
2024-01-21,Bengaluru,Karnataka,26.6,17.3,22.0,58.2,0.0,13.0,213,Poor,1025.6,42.2
2024-01-22,Bengaluru,Karnataka,29.7,14.3,22.0,44.8,0.0,10.6,208,Poor,1021.3,7.7
2024-01-23,Bengaluru,Karnataka,28.0,15.9,21.9,38.2,0.0,14.0,135,Moderate,1021.8,25.9
2024-01-24,Bengaluru,Karnataka,28.1,15.1,21.6,53.9,0.0,6.7,216,Poor,1021.0,18.9
2024-01-25,Bengaluru,Karnataka,28.6,14.6,21.6,49.7,0.0,8.2,226,Poor,1024.9,16.9
2024-01-26,Bengaluru,Karnataka,28.2,15.1,21.7,47.0,0.0,7.0,150,Moderate,1021.3,14.8
2024-01-27,Bengaluru,Karnataka,29.8,15.6,22.7,33.9,0.0,9.6,204,Poor,1019.0,3.2
2024-01-28,Bengaluru,Karnataka,28.8,17.0,22.9,46.8,0.0,6.7,192,Moderate,1026.5,24.3
2024-01-29,Bengaluru,Karnataka,28.4,15.1,21.8,42.4,0.0,9.2,172,Moderate,1018.8,13.7
2024-01-30,Bengaluru,Karnataka,29.0,15.6,22.3,37.4,0.0,7.4,186,Moderate,1021.2,0.0
2024-01-31,Bengaluru,Karnataka,30.4,17.0,23.7,42.1,0.0,11.1,183,Moderate,1019.2,2.0
2024-02-01,Bengaluru,Karnataka,29.7,16.1,22.9,40.3,0.0,8.7,204,Poor,1019.6,0.0
2024-02-02,Bengaluru,Karnataka,29.8,17.3,23.6,42.2,0.0,6.6,207,Poor,1018.7,9.3
2024-02-03,Bengaluru,Karnataka,29.3,16.9,23.1,51.7,0.0,11.7,136,Moderate,1019.7,23.7
2024-02-04,Bengaluru,Karnataka,28.8,15.4,22.1,46.5,0.0,11.8,153,Moderate,1023.0,7.6
2024-02-05,Bengaluru,Karnataka,28.8,16.6,22.7,47.4,0.0,10.9,171,Moderate,1017.0,30.8
2024-02-06,Bengaluru,Karnataka,28.9,15.8,22.4,43.7,0.0,7.9,211,Poor,1023.3,15.7
2024-02-07,Bengaluru,Karnataka,29.1,14.6,21.9,44.5,0.0,10.2,109,Moderate,1023.0,13.6
2024-02-08,Bengaluru,Karnataka,27.7,14.4,21.1,47.2,0.0,12.1,149,Moderate,1022.0,18.4
2024-02-09,Bengaluru,Karnataka,26.8,16.1,21.4,55.2,0.0,8.5,138,Moderate,1021.0,37.5
2024-02-10,Bengaluru,Karnataka,29.7,15.8,22.7,37.9,0.0,8.6,140,Moderate,1020.8,0.0
2024-02-11,Bengaluru,Karnataka,28.5,16.4,22.4,59.5,0.0,9.0,190,Moderate,1023.1,40.6
2024-02-12,Bengaluru,Karnataka,26.6,16.2,21.4,53.9,0.0,11.0,150,Moderate,1016.9,31.4
2024-02-13,Bengaluru,Karnataka,27.8,13.6,20.7,34.9,0.0,9.3,114,Moderate,1022.0,18.1
2024-02-14,Bengaluru,Karnataka,25.5,15.3,20.4,53.0,0.0,10.4,157,Moderate,1019.0,35.2
2024-02-15,Bengaluru,Karnataka,27.9,14.5,21.2,52.5,0.0,8.4,210,Poor,1021.8,13.7
2024-02-16,Bengaluru,Karnataka,28.3,16.3,22.3,50.1,0.0,8.3,124,Moderate,1018.5,21.5
2024-02-17,Bengaluru,Karnataka,28.6,15.8,22.2,43.6,0.0,10.6,169,Moderate,1021.1,10.0
2024-02-18,Bengaluru,Karnataka,27.1,17.1,22.1,50.2,0.0,7.7,198,Moderate,1016.5,31.2
2024-02-19,Bengaluru,Karnataka,29.4,15.5,22.5,45.9,0.0,7.1,162,Moderate,1016.0,7.6
2024-02-20,Bengaluru,Karnataka,28.0,17.0,22.5,50.8,0.0,7.6,204,Poor,1019.0,16.8
2024-02-21,Bengaluru,Karnataka,27.5,17.3,22.4,42.2,0.0,8.3,144,Moderate,1022.0,27.1
2024-02-22,Bengaluru,Karnataka,27.6,15.3,21.4,48.3,0.0,8.8,187,Moderate,1020.4,32.8
2024-02-23,Bengaluru,Karnataka,28.5,13.7,21.1,54.1,0.0,7.9,183,Moderate,1020.3,6.9
2024-02-24,Bengaluru,Karnataka,26.6,15.8,21.2,50.8,0.0,8.1,154,Moderate,1020.8,28.9
2024-02-25,Bengaluru,Karnataka,28.5,14.3,21.4,52.8,0.0,9.7,116,Moderate,1018.1,4.5
2024-02-26,Bengaluru,Karnataka,27.2,12.9,20.1,60.0,0.0,7.4,132,Moderate,1020.4,0.0
2024-02-27,Bengaluru,Karnataka,28.4,15.5,22.0,42.9,0.0,10.9,92,Satisfactory,1017.4,7.5
2024-02-28,Bengaluru,Karnataka,28.0,15.3,21.6,44.5,0.0,7.3,164,Moderate,1017.9,29.8
2024-02-29,Bengaluru,Karnataka,27.5,15.4,21.4,46.8,0.0,8.8,156,Moderate,1018.0,18.1
2024-03-01,Bengaluru,Karnataka,27.2,14.0,20.6,52.7,0.0,8.7,147,Moderate,1017.4,11.3
2024-03-02,Bengaluru,Karnataka,25.9,15.0,20.5,55.4,0.0,13.0,130,Moderate,1018.3,19.7
2024-03-03,Bengaluru,Karnataka,26.7,15.7,21.2,59.8,0.0,8.4,173,Moderate,1017.6,18.8
2024-03-04,Bengaluru,Karnataka,28.7,15.9,22.3,49.1,0.0,11.4,140,Moderate,1016.2,26.6
2024-03-05,Bengaluru,Karnataka,28.8,14.8,21.8,46.3,0.0,10.6,122,Moderate,1017.3,0.0
2024-03-06,Bengaluru,Karnataka,28.4,16.2,22.3,43.5,0.0,7.8,143,Moderate,1017.7,16.5
2024-03-07,Bengaluru,Karnataka,29.3,15.3,22.3,35.3,0.0,12.6,171,Moderate,1015.0,19.7
2024-03-08,Bengaluru,Karnataka,29.4,14.0,21.7,43.7,0.0,7.9,151,Moderate,1018.1,0.0
2024-03-09,Bengaluru,Karnataka,30.1,16.2,23.2,37.1,0.0,8.2,126,Moderate,1015.7,0.0
2024-03-10,Bengaluru,Karnataka,29.2,18.0,23.6,48.4,0.0,9.9,127,Moderate,1016.8,12.2
2024-03-11,Bengaluru,Karnataka,27.6,15.5,21.5,38.8,0.0,8.0,142,Moderate,1015.5,18.7
2024-03-12,Bengaluru,Karnataka,27.5,16.2,21.9,44.2,0.0,6.7,124,Moderate,1018.7,18.6
2024-03-13,Bengaluru,Karnataka,27.6,14.8,21.2,48.1,0.0,8.2,117,Moderate,1018.6,11.0
2024-03-14,Bengaluru,Karnataka,28.0,16.2,22.1,47.7,0.0,8.2,127,Moderate,1014.1,10.0
2024-03-15,Bengaluru,Karnataka,26.7,15.3,21.0,47.3,0.0,7.2,161,Moderate,1017.5,13.5
2024-03-16,Bengaluru,Karnataka,26.9,17.2,22.0,58.1,0.0,8.8,140,Moderate,1018.8,22.6
2024-03-17,Bengaluru,Karnataka,26.8,15.7,21.3,60.2,0.0,8.8,111,Moderate,1014.1,36.4
2024-03-18,Bengaluru,Karnataka,27.5,16.3,21.9,40.4,0.0,9.7,136,Moderate,1013.9,0.0
2024-03-19,Bengaluru,Karnataka,27.0,15.7,21.4,58.4,0.0,7.0,122,Moderate,1017.2,27.7
2024-03-20,Bengaluru,Karnataka,27.9,14.9,21.4,56.9,0.0,7.1,128,Moderate,1012.9,17.4
2024-03-21,Bengaluru,Karnataka,26.8,15.9,21.4,49.5,0.0,11.0,114,Moderate,1013.8,26.4
2024-03-22,Bengaluru,Karnataka,26.2,16.3,21.3,52.5,0.0,7.3,70,Satisfactory,1013.2,35.8
2024-03-23,Bengaluru,Karnataka,27.6,14.8,21.2,46.1,0.0,9.4,42,Good,1016.6,8.7
2024-03-24,Bengaluru,Karnataka,25.9,15.6,20.8,48.8,0.0,8.4,115,Moderate,1013.7,32.8
2024-03-25,Bengaluru,Karnataka,27.3,13.8,20.5,42.8,0.0,7.5,92,Satisfactory,1014.4,2.2
2024-03-26,Bengaluru,Karnataka,26.6,15.6,21.1,55.9,0.0,12.9,59,Satisfactory,1013.2,21.3
2024-03-27,Bengaluru,Karnataka,27.0,14.8,20.9,50.6,0.0,8.9,86,Satisfactory,1016.9,16.3
2024-03-28,Bengaluru,Karnataka,26.5,14.8,20.6,46.8,0.0,7.7,126,Moderate,1012.8,20.6
2024-03-29,Bengaluru,Karnataka,28.2,15.1,21.6,40.9,0.0,6.6,115,Moderate,1011.2,5.6
2024-03-30,Bengaluru,Karnataka,29.7,16.3,23.0,44.9,0.0,10.4,112,Moderate,1010.6,24.8
2024-03-31,Bengaluru,Karnataka,28.9,18.1,23.5,51.1,0.0,7.3,112,Moderate,1014.6,40.7
2024-04-01,Bengaluru,Karnataka,30.6,16.9,23.8,48.4,0.0,12.6,66,Satisfactory,1014.5,4.8
2024-04-02,Bengaluru,Karnataka,28.8,17.5,23.1,43.7,0.0,8.7,112,Moderate,1015.5,21.5
2024-04-03,Bengaluru,Karnataka,30.0,18.4,24.2,53.7,0.0,19.1,79,Satisfactory,1010.0,30.3
2024-04-04,Bengaluru,Karnataka,29.3,17.1,23.2,47.6,0.0,8.3,90,Satisfactory,1012.2,14.9
2024-04-05,Bengaluru,Karnataka,28.4,17.6,23.0,52.6,0.0,7.3,95,Satisfactory,1017.4,38.2
2024-04-06,Bengaluru,Karnataka,28.6,15.4,22.0,52.5,0.0,9.0,105,Moderate,1012.1,13.9
2024-04-07,Bengaluru,Karnataka,26.2,14.6,20.4,54.1,0.0,7.7,73,Satisfactory,1011.8,19.4
2024-04-08,Bengaluru,Karnataka,27.7,15.1,21.4,39.3,0.0,6.4,115,Moderate,1012.5,6.6
2024-04-09,Bengaluru,Karnataka,28.3,16.8,22.5,43.4,0.0,11.2,89,Satisfactory,1013.1,21.7
2024-04-10,Bengaluru,Karnataka,27.5,16.0,21.8,48.1,0.0,9.6,80,Satisfactory,1013.1,20.6
2024-04-11,Bengaluru,Karnataka,28.1,16.6,22.3,52.6,0.0,7.5,117,Moderate,1010.5,29.2
2024-04-12,Bengaluru,Karnataka,28.3,16.0,22.2,54.0,0.0,7.1,54,Satisfactory,1010.5,11.7
2024-04-13,Bengaluru,Karnataka,29.5,15.4,22.5,47.2,0.0,7.3,71,Satisfactory,1010.8,11.0
2024-04-14,Bengaluru,Karnataka,30.3,16.1,23.2,58.3,0.0,8.9,60,Satisfactory,1009.6,26.7
2024-04-15,Bengaluru,Karnataka,27.7,17.7,22.7,49.7,0.0,15.8,63,Satisfactory,1008.6,40.3
2024-04-16,Bengaluru,Karnataka,28.0,16.4,22.2,48.7,0.0,8.5,99,Satisfactory,1014.6,30.0
2024-04-17,Bengaluru,Karnataka,27.8,16.7,22.2,53.8,0.0,6.7,54,Satisfactory,1010.0,47.2
2024-04-18,Bengaluru,Karnataka,28.8,17.7,23.3,46.5,3.4,7.4,142,Moderate,1009.7,28.7
2024-04-19,Bengaluru,Karnataka,27.9,17.5,22.7,56.9,0.0,9.2,52,Satisfactory,1009.7,28.7
2024-04-20,Bengaluru,Karnataka,30.1,17.1,23.6,37.1,0.0,7.7,77,Satisfactory,1009.8,30.7
2024-04-21,Bengaluru,Karnataka,28.6,17.5,23.1,51.6,0.0,7.1,69,Satisfactory,1010.8,42.5
2024-04-22,Bengaluru,Karnataka,28.8,17.9,23.4,59.0,0.0,8.6,64,Satisfactory,1008.8,39.1
2024-04-23,Bengaluru,Karnataka,30.4,16.1,23.3,44.8,0.0,7.5,47,Good,1011.9,6.9
2024-04-24,Bengaluru,Karnataka,28.8,17.0,22.9,58.1,0.0,9.5,82,Satisfactory,1010.7,33.7
2024-04-25,Bengaluru,Karnataka,28.7,17.3,23.0,62.2,0.0,9.5,38,Good,1009.0,26.5
2024-04-26,Bengaluru,Karnataka,27.7,16.8,22.2,51.0,0.0,10.3,15,Good,1008.1,20.8
2024-04-27,Bengaluru,Karnataka,29.2,16.3,22.8,51.7,0.0,10.8,25,Good,1011.3,0.0
2024-04-28,Bengaluru,Karnataka,29.7,15.3,22.5,58.8,0.0,7.7,88,Satisfactory,1008.7,2.3
2024-04-29,Bengaluru,Karnataka,29.9,17.2,23.6,51.7,0.0,11.5,73,Satisfactory,1006.1,18.5
2024-04-30,Bengaluru,Karnataka,30.3,17.5,23.9,46.0,0.0,8.4,15,Good,1010.3,3.2
2024-05-01,Bengaluru,Karnataka,29.7,16.1,22.9,55.3,0.0,6.9,73,Satisfactory,1006.9,19.8
2024-05-02,Bengaluru,Karnataka,28.5,17.8,23.1,60.1,0.0,11.1,15,Good,1009.9,34.9
2024-05-03,Bengaluru,Karnataka,30.8,17.7,24.3,49.3,3.0,13.4,32,Good,1002.7,16.4
2024-05-04,Bengaluru,Karnataka,31.8,20.1,25.9,48.0,0.0,8.8,19,Good,1006.3,25.1
2024-05-05,Bengaluru,Karnataka,32.9,18.4,25.7,55.9,0.0,11.8,56,Satisfactory,1009.3,9.5
2024-05-06,Bengaluru,Karnataka,32.9,21.0,27.0,49.4,0.0,9.0,54,Satisfactory,1006.5,28.3
2024-05-07,Bengaluru,Karnataka,31.3,20.3,25.8,58.8,0.0,8.3,64,Satisfactory,1007.8,32.4
2024-05-08,Bengaluru,Karnataka,31.4,18.8,25.1,49.2,0.0,9.1,33,Good,1004.9,6.2
2024-05-09,Bengaluru,Karnataka,30.4,18.4,24.4,60.0,0.0,9.4,33,Good,1007.4,16.5
2024-05-10,Bengaluru,Karnataka,29.9,18.2,24.0,45.8,0.0,9.8,15,Good,1006.7,10.0
2024-05-11,Bengaluru,Karnataka,27.5,18.3,22.9,52.6,0.0,8.9,15,Good,1007.3,36.1
2024-05-12,Bengaluru,Karnataka,31.2,19.9,25.5,58.2,0.0,11.4,49,Good,1010.0,30.2
2024-05-13,Bengaluru,Karnataka,30.8,20.2,25.5,48.2,0.0,10.7,37,Good,1008.4,27.8
2024-05-14,Bengaluru,Karnataka,29.5,18.9,24.2,55.7,0.0,8.0,37,Good,1007.5,28.0
2024-05-15,Bengaluru,Karnataka,29.1,18.6,23.9,65.0,0.0,8.7,59,Satisfactory,1007.5,35.1
2024-05-16,Bengaluru,Karnataka,30.1,19.5,24.8,48.0,0.0,11.4,15,Good,1003.7,35.4
2024-05-17,Bengaluru,Karnataka,31.6,20.2,25.9,56.0,0.0,9.4,43,Good,1004.1,23.6
2024-05-18,Bengaluru,Karnataka,33.7,20.5,27.1,59.1,0.0,8.5,15,Good,1001.5,21.6
2024-05-19,Bengaluru,Karnataka,34.3,22.7,28.5,53.9,0.0,9.5,58,Satisfactory,1001.4,29.4
2024-05-20,Bengaluru,Karnataka,34.6,21.5,28.1,49.9,0.0,7.9,40,Good,1002.2,28.5
2024-05-21,Bengaluru,Karnataka,31.0,22.8,26.9,61.8,0.0,13.5,34,Good,1004.1,61.4
2024-05-22,Bengaluru,Karnataka,30.2,18.6,24.4,54.2,9.7,10.0,15,Good,1002.2,29.4
2024-05-23,Bengaluru,Karnataka,30.0,20.3,25.1,60.7,0.0,9.0,70,Satisfactory,1004.2,39.1
2024-05-24,Bengaluru,Karnataka,28.5,19.3,23.9,61.2,4.7,8.1,63,Satisfactory,1004.2,43.1
2024-05-25,Bengaluru,Karnataka,28.8,17.9,23.4,64.0,4.0,15.8,15,Good,1002.2,57.2
2024-05-26,Bengaluru,Karnataka,28.5,18.4,23.5,62.7,0.0,8.2,47,Good,1007.4,27.0
2024-05-27,Bengaluru,Karnataka,27.4,20.9,24.2,74.9,0.3,11.2,15,Good,1001.3,57.5
2024-05-28,Bengaluru,Karnataka,30.9,21.4,26.2,63.0,0.0,9.8,15,Good,1005.5,36.3
2024-05-29,Bengaluru,Karnataka,28.3,22.8,25.5,77.4,0.0,10.1,31,Good,998.8,74.5
2024-05-30,Bengaluru,Karnataka,30.5,22.0,26.3,72.1,2.9,10.3,15,Good,1002.6,45.0
2024-05-31,Bengaluru,Karnataka,30.9,20.8,25.9,57.4,0.0,9.6,42,Good,1000.5,23.8
2024-06-01,Bengaluru,Karnataka,28.1,18.3,23.2,68.0,4.3,10.6,29,Good,1002.2,40.7
2024-06-02,Bengaluru,Karnataka,26.3,20.3,23.3,69.9,0.0,11.0,15,Good,1006.9,63.0
2024-06-03,Bengaluru,Karnataka,29.5,19.0,24.3,60.6,0.0,12.3,15,Good,1002.2,45.8
2024-06-04,Bengaluru,Karnataka,29.6,22.1,25.8,68.7,0.0,12.0,26,Good,1000.1,43.8
2024-06-05,Bengaluru,Karnataka,29.7,21.3,25.5,65.2,0.0,9.4,16,Good,1003.2,55.8
2024-06-06,Bengaluru,Karnataka,30.4,21.2,25.8,70.1,0.0,9.7,15,Good,1001.3,41.7
2024-06-07,Bengaluru,Karnataka,30.4,20.3,25.3,61.5,0.0,13.5,15,Good,1002.3,44.7
2024-06-08,Bengaluru,Karnataka,29.6,19.5,24.5,69.4,0.0,10.4,26,Good,1000.3,35.9
2024-06-09,Bengaluru,Karnataka,28.2,19.9,24.0,70.1,18.3,12.0,15,Good,1000.4,74.6
2024-06-10,Bengaluru,Karnataka,28.5,19.0,23.8,73.3,0.0,14.4,54,Satisfactory,1000.5,34.4
2024-06-11,Bengaluru,Karnataka,29.6,21.6,25.6,71.4,0.0,11.5,15,Good,1003.0,53.8
2024-06-12,Bengaluru,Karnataka,29.4,21.0,25.2,73.1,0.0,9.9,15,Good,1000.9,59.3
2024-06-13,Bengaluru,Karnataka,31.4,21.9,26.7,79.2,18.7,10.0,15,Good,998.8,52.5
2024-06-14,Bengaluru,Karnataka,30.5,20.2,25.4,70.1,0.0,11.0,15,Good,1001.4,36.9
2024-06-15,Bengaluru,Karnataka,30.8,21.3,26.1,73.2,8.8,11.1,15,Good,1000.9,41.0
2024-06-16,Bengaluru,Karnataka,29.6,21.8,25.7,77.5,0.0,10.1,15,Good,1001.9,63.6
2024-06-17,Bengaluru,Karnataka,28.9,20.2,24.6,78.9,0.0,10.5,19,Good,1000.0,47.0
2024-06-18,Bengaluru,Karnataka,29.5,19.3,24.4,78.5,16.0,13.1,15,Good,1000.7,30.0
2024-06-19,Bengaluru,Karnataka,28.9,19.5,24.2,86.0,7.2,14.5,15,Good,1001.7,65.5
2024-06-20,Bengaluru,Karnataka,29.3,21.0,25.2,75.6,13.4,11.4,15,Good,998.4,48.3
2024-06-21,Bengaluru,Karnataka,27.6,21.1,24.3,90.2,0.0,9.6,15,Good,1002.4,70.8
2024-06-22,Bengaluru,Karnataka,26.6,19.5,23.0,78.9,0.0,13.2,17,Good,1000.9,60.8
2024-06-23,Bengaluru,Karnataka,27.0,19.1,23.0,80.4,22.6,10.2,15,Good,998.5,61.1
2024-06-24,Bengaluru,Karnataka,26.1,21.2,23.6,84.7,13.6,10.5,15,Good,998.3,65.9
2024-06-25,Bengaluru,Karnataka,28.6,20.5,24.6,86.8,0.0,12.1,15,Good,999.9,49.6
2024-06-26,Bengaluru,Karnataka,29.4,20.7,25.0,77.0,0.0,15.9,15,Good,998.8,54.6
2024-06-27,Bengaluru,Karnataka,28.7,22.1,25.4,89.5,2.3,14.3,15,Good,1001.2,63.2
2024-06-28,Bengaluru,Karnataka,28.5,20.4,24.4,83.7,6.0,14.0,15,Good,999.4,52.2
2024-06-29,Bengaluru,Karnataka,29.5,21.4,25.5,87.3,33.5,12.4,15,Good,1000.2,78.5
2024-06-30,Bengaluru,Karnataka,29.6,22.3,25.9,92.1,0.0,11.0,19,Good,997.7,64.7
2024-07-01,Bengaluru,Karnataka,27.0,21.3,24.2,81.3,21.7,15.7,15,Good,999.7,50.6
2024-07-02,Bengaluru,Karnataka,28.9,23.2,26.0,98.5,0.0,11.2,15,Good,1001.8,62.7
2024-07-03,Bengaluru,Karnataka,29.2,23.1,26.1,88.7,9.9,13.7,15,Good,998.8,72.7
2024-07-04,Bengaluru,Karnataka,30.0,24.0,27.0,88.5,0.0,13.3,15,Good,997.7,65.2
2024-07-05,Bengaluru,Karnataka,30.0,24.0,27.0,98.7,0.0,11.3,15,Good,997.1,77.8
2024-07-06,Bengaluru,Karnataka,28.4,23.1,25.7,94.1,21.6,11.0,15,Good,999.0,81.6
2024-07-07,Bengaluru,Karnataka,27.1,21.6,24.4,100.0,7.9,14.6,15,Good,1002.2,100.0
2024-07-08,Bengaluru,Karnataka,27.6,23.8,25.7,86.3,7.7,13.2,15,Good,996.3,91.0
2024-07-09,Bengaluru,Karnataka,30.3,22.9,26.6,85.0,0.0,16.1,15,Good,998.7,52.0
2024-07-10,Bengaluru,Karnataka,28.7,22.2,25.4,94.5,9.2,13.9,15,Good,995.6,71.1
2024-07-11,Bengaluru,Karnataka,27.7,21.3,24.5,99.5,5.7,13.7,16,Good,998.5,73.4
2024-07-12,Bengaluru,Karnataka,27.4,22.0,24.7,100.0,0.0,11.1,15,Good,999.8,85.6
2024-07-13,Bengaluru,Karnataka,26.4,22.2,24.3,96.4,14.5,13.7,17,Good,996.2,65.1
2024-07-14,Bengaluru,Karnataka,26.5,20.3,23.4,100.0,0.0,13.3,15,Good,998.7,71.7
2024-07-15,Bengaluru,Karnataka,27.3,20.6,24.0,95.3,5.8,14.2,26,Good,1000.0,61.7
2024-07-16,Bengaluru,Karnataka,28.1,21.1,24.6,83.9,27.3,13.3,15,Good,999.5,70.6
2024-07-17,Bengaluru,Karnataka,27.4,20.5,24.0,100.0,0.0,13.3,15,Good,1000.1,71.8
2024-07-18,Bengaluru,Karnataka,27.2,21.1,24.2,92.1,19.1,13.2,15,Good,997.5,75.4
2024-07-19,Bengaluru,Karnataka,27.7,20.8,24.2,95.3,1.4,12.5,18,Good,1000.0,63.3
2024-07-20,Bengaluru,Karnataka,27.2,21.3,24.2,100.0,13.5,14.9,15,Good,998.3,93.8
2024-07-21,Bengaluru,Karnataka,27.6,21.4,24.5,99.0,13.8,23.5,15,Good,1000.9,86.7
2024-07-22,Bengaluru,Karnataka,29.1,21.9,25.5,86.5,3.1,11.8,37,Good,994.6,59.2
2024-07-23,Bengaluru,Karnataka,27.7,20.1,23.9,88.4,3.4,12.2,15,Good,999.1,80.9
2024-07-24,Bengaluru,Karnataka,27.9,21.5,24.7,87.4,14.2,14.9,15,Good,999.8,58.1
2024-07-25,Bengaluru,Karnataka,25.3,22.3,23.8,100.0,3.2,13.0,15,Good,1002.6,99.2
2024-07-26,Bengaluru,Karnataka,24.8,20.7,22.7,95.8,31.9,12.7,15,Good,1000.4,100.0
2024-07-27,Bengaluru,Karnataka,24.9,19.8,22.3,94.4,0.0,11.5,15,Good,1000.8,80.3
2024-07-28,Bengaluru,Karnataka,24.1,20.2,22.1,98.5,0.0,12.2,56,Satisfactory,1001.3,69.1
2024-07-29,Bengaluru,Karnataka,25.6,20.1,22.8,91.1,30.3,12.0,15,Good,1003.0,71.1
2024-07-30,Bengaluru,Karnataka,26.1,19.7,22.9,93.8,0.0,11.4,21,Good,999.8,73.7
2024-07-31,Bengaluru,Karnataka,26.4,20.7,23.5,97.2,14.4,15.8,15,Good,997.7,77.9
2024-08-01,Bengaluru,Karnataka,27.1,23.5,25.3,100.0,4.4,13.6,15,Good,996.9,97.1
2024-08-02,Bengaluru,Karnataka,26.3,21.5,23.9,93.9,8.5,22.5,15,Good,1001.9,91.8
2024-08-03,Bengaluru,Karnataka,27.9,22.9,25.4,98.2,0.0,13.8,25,Good,1000.7,90.7
2024-08-04,Bengaluru,Karnataka,28.4,22.0,25.2,96.8,23.4,11.7,15,Good,999.9,79.1
2024-08-05,Bengaluru,Karnataka,28.9,22.5,25.7,83.5,9.7,13.9,25,Good,999.3,59.8
2024-08-06,Bengaluru,Karnataka,27.8,20.3,24.0,93.1,0.0,14.4,15,Good,1001.4,65.6
2024-08-07,Bengaluru,Karnataka,25.8,21.0,23.4,91.1,6.4,12.2,15,Good,1001.8,77.0
2024-08-08,Bengaluru,Karnataka,27.6,20.9,24.3,90.2,0.0,14.2,17,Good,1002.2,58.3
2024-08-09,Bengaluru,Karnataka,28.2,20.6,24.4,97.1,17.7,14.1,15,Good,999.1,78.6
2024-08-10,Bengaluru,Karnataka,25.3,21.0,23.2,94.7,8.7,11.8,15,Good,998.3,85.7
2024-08-11,Bengaluru,Karnataka,25.0,20.0,22.5,99.4,19.5,14.5,15,Good,1000.4,81.8
2024-08-12,Bengaluru,Karnataka,25.1,20.5,22.8,97.7,0.0,13.5,39,Good,999.6,80.3
2024-08-13,Bengaluru,Karnataka,27.4,20.0,23.7,89.6,16.9,12.9,15,Good,999.4,45.8
2024-08-14,Bengaluru,Karnataka,29.7,24.3,27.0,93.4,4.4,13.0,15,Good,1004.6,87.8
2024-08-15,Bengaluru,Karnataka,31.3,22.3,26.8,87.4,0.0,11.1,38,Good,997.1,46.5
2024-08-16,Bengaluru,Karnataka,29.3,22.4,25.8,88.4,5.5,16.5,36,Good,1003.1,66.1
2024-08-17,Bengaluru,Karnataka,27.9,22.0,25.0,80.5,16.1,12.0,15,Good,1004.3,76.6
2024-08-18,Bengaluru,Karnataka,26.9,21.6,24.2,84.0,3.1,11.8,15,Good,1004.9,72.5
2024-08-19,Bengaluru,Karnataka,27.5,20.0,23.7,81.6,0.0,13.2,15,Good,1003.8,49.0
2024-08-20,Bengaluru,Karnataka,27.5,20.9,24.2,81.6,0.0,20.4,15,Good,1005.9,50.3
2024-08-21,Bengaluru,Karnataka,29.1,21.5,25.3,86.3,8.3,14.0,24,Good,1006.8,68.1
2024-08-22,Bengaluru,Karnataka,29.0,21.4,25.2,80.5,5.8,11.7,15,Good,1002.8,70.4
2024-08-23,Bengaluru,Karnataka,28.6,20.2,24.4,89.5,0.0,12.9,50,Good,1004.7,47.3
2024-08-24,Bengaluru,Karnataka,26.5,19.0,22.7,84.3,0.0,12.8,34,Good,1007.1,68.3
2024-08-25,Bengaluru,Karnataka,28.8,18.9,23.8,77.1,5.5,12.0,50,Satisfactory,1002.7,40.0
2024-08-26,Bengaluru,Karnataka,27.5,20.3,23.9,79.5,22.9,10.3,15,Good,1004.1,68.9
2024-08-27,Bengaluru,Karnataka,29.2,19.2,24.2,72.1,0.0,13.6,15,Good,1003.5,46.7
2024-08-28,Bengaluru,Karnataka,26.9,20.1,23.5,79.3,7.3,11.0,62,Satisfactory,1006.0,59.6
2024-08-29,Bengaluru,Karnataka,27.9,20.1,24.0,78.3,0.0,10.5,27,Good,1001.4,56.0
2024-08-30,Bengaluru,Karnataka,26.3,19.8,23.1,81.5,17.8,10.9,15,Good,1008.5,73.1
2024-08-31,Bengaluru,Karnataka,27.3,18.7,23.0,86.6,0.0,14.1,31,Good,1006.9,59.2
2024-09-01,Bengaluru,Karnataka,28.7,21.2,25.0,72.6,0.0,10.6,52,Satisfactory,1006.7,45.3
2024-09-02,Bengaluru,Karnataka,29.3,19.7,24.5,75.3,0.0,11.2,43,Good,1001.2,58.0
2024-09-03,Bengaluru,Karnataka,26.7,19.8,23.2,85.6,0.0,17.6,41,Good,1004.4,82.8
2024-09-04,Bengaluru,Karnataka,30.4,20.7,25.6,73.5,5.5,10.5,53,Satisfactory,1009.0,60.8
2024-09-05,Bengaluru,Karnataka,31.2,22.3,26.7,72.8,5.2,10.9,53,Satisfactory,1005.6,47.9
2024-09-06,Bengaluru,Karnataka,23.9,14.7,19.3,66.4,0.0,11.0,82,Satisfactory,1004.8,37.5
2024-09-07,Bengaluru,Karnataka,24.8,14.6,19.7,65.9,0.0,10.2,56,Satisfactory,1008.8,39.3
2024-09-08,Bengaluru,Karnataka,24.9,15.4,20.1,75.7,0.0,10.6,56,Satisfactory,1009.8,56.2
2024-09-09,Bengaluru,Karnataka,26.5,17.1,21.8,66.9,0.0,11.0,75,Satisfactory,1009.2,32.4
2024-09-10,Bengaluru,Karnataka,25.3,17.9,21.6,66.1,0.0,9.9,74,Satisfactory,1008.2,44.0
2024-09-11,Bengaluru,Karnataka,29.1,22.9,26.0,71.3,2.1,8.6,45,Good,1009.7,63.7
2024-09-12,Bengaluru,Karnataka,31.8,22.1,27.0,66.1,33.5,8.7,35,Good,1006.0,44.2
2024-09-13,Bengaluru,Karnataka,33.2,21.0,27.1,56.9,2.3,10.4,72,Satisfactory,1008.6,26.0
2024-09-14,Bengaluru,Karnataka,30.1,23.7,26.9,67.3,0.0,14.9,42,Good,1008.1,70.8
2024-09-15,Bengaluru,Karnataka,30.3,22.5,26.4,69.4,0.0,9.8,58,Satisfactory,1007.9,64.5
2024-09-16,Bengaluru,Karnataka,30.1,21.1,25.6,59.4,0.0,10.8,38,Good,1007.9,46.4
2024-09-17,Bengaluru,Karnataka,30.4,19.8,25.1,63.6,0.0,13.1,15,Good,1008.3,56.8
2024-09-18,Bengaluru,Karnataka,31.6,19.1,25.3,63.7,2.9,11.2,60,Satisfactory,1009.2,34.2
2024-09-19,Bengaluru,Karnataka,29.9,20.0,24.9,63.6,8.0,10.1,71,Satisfactory,1008.9,47.5
2024-09-20,Bengaluru,Karnataka,29.8,18.3,24.0,58.0,10.2,9.8,44,Good,1011.4,31.2
2024-09-21,Bengaluru,Karnataka,30.5,18.0,24.2,52.2,13.7,8.9,99,Satisfactory,1009.0,17.3
2024-09-22,Bengaluru,Karnataka,28.0,21.4,24.7,62.8,0.0,11.6,53,Satisfactory,1013.3,71.6
2024-09-23,Bengaluru,Karnataka,30.5,18.0,24.2,54.7,0.0,12.5,95,Satisfactory,1009.4,15.1
2024-09-24,Bengaluru,Karnataka,29.9,20.6,25.3,69.2,0.0,7.3,100,Satisfactory,1012.3,37.7
2024-09-25,Bengaluru,Karnataka,30.1,19.9,25.0,61.6,0.0,11.5,129,Moderate,1012.6,37.0
2024-09-26,Bengaluru,Karnataka,30.0,18.7,24.4,52.8,0.0,10.9,96,Satisfactory,1011.4,39.9
2024-09-27,Bengaluru,Karnataka,29.5,18.6,24.1,60.8,0.0,9.0,59,Satisfactory,1011.5,30.9
2024-09-28,Bengaluru,Karnataka,30.2,18.3,24.3,52.9,0.0,8.5,117,Moderate,1010.1,30.4
2024-09-29,Bengaluru,Karnataka,30.8,18.7,24.8,56.4,5.3,10.4,123,Moderate,1010.6,32.5
2024-09-30,Bengaluru,Karnataka,29.7,20.9,25.3,53.5,0.0,7.7,60,Satisfactory,1012.1,36.4
2024-10-01,Bengaluru,Karnataka,30.9,22.0,26.5,63.6,0.0,8.9,112,Moderate,1011.4,28.3
2024-10-02,Bengaluru,Karnataka,33.2,20.9,27.0,46.7,0.0,9.9,116,Moderate,1013.9,26.5
2024-10-03,Bengaluru,Karnataka,32.9,19.2,26.1,50.5,0.0,12.8,86,Satisfactory,1011.1,9.0
2024-10-04,Bengaluru,Karnataka,29.0,19.6,24.3,56.9,0.0,14.3,35,Good,1011.9,56.2
2024-10-05,Bengaluru,Karnataka,31.3,20.2,25.8,57.7,24.3,7.8,79,Satisfactory,1009.2,34.2
2024-10-06,Bengaluru,Karnataka,30.7,18.7,24.7,55.1,0.0,10.0,90,Satisfactory,1014.3,29.7
2024-10-07,Bengaluru,Karnataka,31.6,18.8,25.2,56.5,1.8,9.2,139,Moderate,1014.2,17.3
2024-10-08,Bengaluru,Karnataka,30.1,18.1,24.1,53.2,0.0,10.5,103,Moderate,1015.5,12.2
2024-10-09,Bengaluru,Karnataka,29.5,18.0,23.8,51.8,0.0,8.9,102,Moderate,1015.9,38.0
2024-10-10,Bengaluru,Karnataka,29.8,18.5,24.2,66.1,9.1,10.6,87,Satisfactory,1015.5,23.1
2024-10-11,Bengaluru,Karnataka,29.0,17.9,23.5,57.0,0.0,9.6,119,Moderate,1015.9,34.1
2024-10-12,Bengaluru,Karnataka,29.9,16.8,23.3,45.2,0.0,8.1,119,Moderate,1015.7,6.1
2024-10-13,Bengaluru,Karnataka,28.6,19.4,24.0,57.0,0.0,10.6,95,Satisfactory,1016.0,45.9
2024-10-14,Bengaluru,Karnataka,30.0,20.0,25.0,56.0,0.0,8.8,125,Moderate,1010.7,36.0
2024-10-15,Bengaluru,Karnataka,31.3,17.3,24.3,53.1,0.0,9.1,107,Moderate,1012.5,22.3
2024-10-16,Bengaluru,Karnataka,30.0,19.7,24.8,53.6,0.0,7.6,68,Satisfactory,1012.3,29.3
2024-10-17,Bengaluru,Karnataka,30.1,18.7,24.4,56.9,0.0,8.5,139,Moderate,1017.6,33.1
2024-10-18,Bengaluru,Karnataka,30.9,17.2,24.1,50.1,0.0,12.2,129,Moderate,1013.8,3.9
2024-10-19,Bengaluru,Karnataka,30.5,20.4,25.4,49.3,0.0,8.0,133,Moderate,1013.9,45.0
2024-10-20,Bengaluru,Karnataka,29.6,17.6,23.6,61.8,0.0,13.8,105,Moderate,1015.8,29.1
2024-10-21,Bengaluru,Karnataka,28.8,16.0,22.4,58.3,0.0,9.1,128,Moderate,1013.8,12.9
2024-10-22,Bengaluru,Karnataka,28.7,16.7,22.7,50.9,0.0,9.4,148,Moderate,1017.2,7.0
2024-10-23,Bengaluru,Karnataka,28.1,16.7,22.4,53.5,0.0,7.7,122,Moderate,1012.4,36.1
2024-10-24,Bengaluru,Karnataka,27.6,16.5,22.1,51.3,0.0,10.5,149,Moderate,1014.5,25.2
2024-10-25,Bengaluru,Karnataka,28.0,14.9,21.4,50.7,0.0,6.9,108,Moderate,1017.6,29.2
2024-10-26,Bengaluru,Karnataka,28.9,16.6,22.8,48.5,0.0,8.3,142,Moderate,1014.5,21.8
2024-10-27,Bengaluru,Karnataka,30.0,17.8,23.9,34.3,0.0,7.6,142,Moderate,1019.4,6.5
2024-10-28,Bengaluru,Karnataka,29.1,17.3,23.2,58.0,0.0,7.0,167,Moderate,1017.3,27.8
2024-10-29,Bengaluru,Karnataka,30.0,18.7,24.3,52.9,0.0,10.1,118,Moderate,1019.3,17.1
2024-10-30,Bengaluru,Karnataka,30.4,18.1,24.3,39.1,0.0,8.4,127,Moderate,1017.9,19.4
2024-10-31,Bengaluru,Karnataka,29.1,19.6,24.4,59.1,0.0,8.8,114,Moderate,1017.3,52.8
2024-11-01,Bengaluru,Karnataka,29.4,19.0,24.2,50.0,0.0,7.6,137,Moderate,1015.5,31.6
2024-11-02,Bengaluru,Karnataka,29.4,19.1,24.2,49.1,0.0,10.6,148,Moderate,1019.5,32.3
2024-11-03,Bengaluru,Karnataka,31.0,19.1,25.0,57.3,0.0,9.1,108,Moderate,1018.4,56.8
2024-11-04,Bengaluru,Karnataka,30.8,18.9,24.8,39.0,0.0,12.7,130,Moderate,1021.9,24.0
2024-11-05,Bengaluru,Karnataka,31.2,19.6,25.4,46.2,0.0,7.7,168,Moderate,1019.4,19.8
2024-11-06,Bengaluru,Karnataka,31.3,19.1,25.2,44.4,0.0,7.6,154,Moderate,1017.1,8.7
2024-11-07,Bengaluru,Karnataka,32.6,19.5,26.0,44.2,0.0,9.7,153,Moderate,1018.4,11.2
2024-11-08,Bengaluru,Karnataka,32.6,19.8,26.2,34.3,0.0,13.1,111,Moderate,1018.7,0.0
2024-11-09,Bengaluru,Karnataka,31.9,21.5,26.7,49.2,0.0,7.8,157,Moderate,1020.2,28.0
2024-11-10,Bengaluru,Karnataka,32.3,18.8,25.6,46.9,0.0,6.3,165,Moderate,1021.0,0.0
2024-11-11,Bengaluru,Karnataka,31.1,19.8,25.4,50.3,0.0,7.0,160,Moderate,1018.1,30.1
2024-11-12,Bengaluru,Karnataka,30.1,18.3,24.2,45.2,0.0,11.9,156,Moderate,1016.5,17.5
2024-11-13,Bengaluru,Karnataka,28.9,17.7,23.3,61.1,0.0,8.1,157,Moderate,1015.6,20.4
2024-11-14,Bengaluru,Karnataka,29.0,17.1,23.1,42.6,0.0,14.1,139,Moderate,1017.2,18.1
2024-11-15,Bengaluru,Karnataka,27.8,17.5,22.6,55.9,0.0,7.1,146,Moderate,1018.5,38.2
2024-11-16,Bengaluru,Karnataka,29.0,18.6,23.8,51.6,0.0,9.7,184,Moderate,1022.5,35.0
2024-11-17,Bengaluru,Karnataka,30.1,17.6,23.8,56.5,0.0,9.8,137,Moderate,1022.6,17.6
2024-11-18,Bengaluru,Karnataka,31.7,16.4,24.1,45.5,0.0,6.7,176,Moderate,1021.6,5.2
2024-11-19,Bengaluru,Karnataka,30.3,17.6,23.9,52.3,0.0,6.7,214,Poor,1022.3,30.7
2024-11-20,Bengaluru,Karnataka,33.4,18.2,25.8,44.3,0.0,8.1,195,Moderate,1018.0,3.0
2024-11-21,Bengaluru,Karnataka,31.1,18.2,24.6,36.6,0.0,9.9,179,Moderate,1016.8,0.0
2024-11-22,Bengaluru,Karnataka,29.3,16.0,22.7,44.6,0.0,9.4,176,Moderate,1018.4,25.3
2024-11-23,Bengaluru,Karnataka,29.5,18.2,23.9,48.7,0.0,8.3,171,Moderate,1016.1,34.6
2024-11-24,Bengaluru,Karnataka,30.6,16.9,23.8,49.9,0.0,8.2,155,Moderate,1018.1,11.9
2024-11-25,Bengaluru,Karnataka,28.3,16.0,22.2,50.2,0.0,6.4,175,Moderate,1019.9,24.2
2024-11-26,Bengaluru,Karnataka,29.7,17.4,23.6,44.2,0.0,7.3,192,Moderate,1020.9,11.8
2024-11-27,Bengaluru,Karnataka,28.9,16.7,22.8,56.2,0.0,6.6,191,Moderate,1021.2,28.1
2024-11-28,Bengaluru,Karnataka,27.7,16.1,21.9,41.4,0.0,9.3,193,Moderate,1019.8,33.9
2024-11-29,Bengaluru,Karnataka,26.3,15.6,21.0,41.4,0.0,6.9,210,Poor,1022.7,15.4
2024-11-30,Bengaluru,Karnataka,28.7,15.6,22.2,32.0,0.0,11.8,168,Moderate,1020.0,3.9
2024-12-01,Bengaluru,Karnataka,28.3,14.0,21.2,50.4,0.0,8.7,184,Moderate,1021.7,0.0
2024-12-02,Bengaluru,Karnataka,26.0,14.5,20.3,51.6,0.0,7.2,143,Moderate,1019.8,32.3
2024-12-03,Bengaluru,Karnataka,28.9,15.1,22.0,49.0,0.0,11.2,225,Poor,1023.7,2.3
2024-12-04,Bengaluru,Karnataka,28.7,17.6,23.1,47.3,0.0,6.8,178,Moderate,1021.4,22.8
2024-12-05,Bengaluru,Karnataka,29.3,17.6,23.4,54.0,0.0,6.8,202,Poor,1022.7,28.2
2024-12-06,Bengaluru,Karnataka,27.8,15.2,21.5,45.9,0.0,7.2,179,Moderate,1019.5,11.4
2024-12-07,Bengaluru,Karnataka,27.7,15.5,21.6,49.6,0.0,11.2,168,Moderate,1022.3,16.0
2024-12-08,Bengaluru,Karnataka,26.5,16.0,21.3,52.7,0.0,14.1,166,Moderate,1023.3,32.5
2024-12-09,Bengaluru,Karnataka,27.9,14.0,20.9,47.8,0.0,6.6,164,Moderate,1018.2,7.4
2024-12-10,Bengaluru,Karnataka,28.5,15.0,21.8,53.5,0.0,20.2,102,Moderate,1024.4,5.5
2024-12-11,Bengaluru,Karnataka,28.2,15.5,21.8,39.0,0.0,10.0,209,Poor,1019.6,14.8
2024-12-12,Bengaluru,Karnataka,27.4,14.4,20.9,52.2,0.0,7.8,202,Poor,1022.9,36.6
2024-12-13,Bengaluru,Karnataka,28.3,17.1,22.7,52.9,0.0,9.7,165,Moderate,1025.6,40.1
2024-12-14,Bengaluru,Karnataka,28.1,14.6,21.4,48.1,0.0,11.3,192,Moderate,1024.3,16.9
2024-12-15,Bengaluru,Karnataka,28.3,15.1,21.7,43.7,0.0,7.2,211,Poor,1019.4,8.1
2024-12-16,Bengaluru,Karnataka,28.2,17.3,22.8,47.5,0.0,11.3,167,Moderate,1021.7,32.3
2024-12-17,Bengaluru,Karnataka,28.8,16.4,22.6,50.9,0.0,8.5,199,Moderate,1024.7,0.0
2024-12-18,Bengaluru,Karnataka,27.0,14.8,20.9,49.0,0.0,6.6,218,Poor,1021.1,22.0
2024-12-19,Bengaluru,Karnataka,26.9,17.3,22.1,59.5,0.0,10.0,155,Moderate,1021.7,17.2
2024-12-20,Bengaluru,Karnataka,29.4,18.1,23.8,52.7,0.0,12.8,192,Moderate,1021.2,34.9
2024-12-21,Bengaluru,Karnataka,28.7,17.5,23.1,49.5,0.0,9.4,197,Moderate,1023.3,36.7
2024-12-22,Bengaluru,Karnataka,30.1,17.1,23.6,46.0,0.0,7.0,237,Poor,1019.0,3.6
2024-12-23,Bengaluru,Karnataka,28.9,16.9,22.9,47.9,0.0,9.5,202,Poor,1023.5,19.6
2024-12-24,Bengaluru,Karnataka,27.9,16.3,22.1,52.4,0.0,9.1,182,Moderate,1021.3,9.7
2024-12-25,Bengaluru,Karnataka,28.9,15.0,21.9,40.9,0.0,9.7,183,Moderate,1022.6,13.7
2024-12-26,Bengaluru,Karnataka,28.0,16.6,22.3,40.2,0.0,6.5,242,Poor,1022.0,26.2
2024-12-27,Bengaluru,Karnataka,27.8,16.2,22.0,48.3,0.0,6.6,190,Moderate,1023.8,13.0
2024-12-28,Bengaluru,Karnataka,28.0,15.4,21.7,52.6,0.0,7.6,208,Poor,1022.7,20.6
2024-12-29,Bengaluru,Karnataka,26.3,14.9,20.6,53.2,0.0,10.6,182,Moderate,1025.9,32.0
2024-12-30,Bengaluru,Karnataka,26.9,16.5,21.7,55.8,0.0,10.1,212,Poor,1024.7,39.0
2024-12-31,Bengaluru,Karnataka,28.0,16.4,22.2,50.9,0.0,11.0,211,Poor,1021.0,21.6
2025-01-01,Bengaluru,Karnataka,27.0,14.9,21.0,41.4,0.0,9.8,189,Moderate,1025.6,19.9
2025-01-02,Bengaluru,Karnataka,28.8,14.1,21.4,46.0,0.0,10.4,179,Moderate,1023.4,2.5
2025-01-03,Bengaluru,Karnataka,26.7,15.5,21.1,59.8,0.0,9.1,182,Moderate,1023.2,40.4
2025-01-04,Bengaluru,Karnataka,27.2,15.4,21.3,50.5,0.0,8.3,155,Moderate,1024.5,25.0
2025-01-05,Bengaluru,Karnataka,28.0,15.0,21.5,41.8,0.0,10.0,191,Moderate,1020.6,19.8
2025-01-06,Bengaluru,Karnataka,27.8,15.6,21.7,46.4,0.0,6.9,198,Moderate,1019.9,19.0
2025-01-07,Bengaluru,Karnataka,28.6,16.2,22.4,51.1,0.0,7.1,178,Moderate,1022.5,22.4
2025-01-08,Bengaluru,Karnataka,28.1,16.5,22.3,58.6,0.0,6.8,156,Moderate,1021.2,28.2
2025-01-09,Bengaluru,Karnataka,28.9,16.9,22.9,39.7,0.0,8.9,195,Moderate,1026.4,29.6
2025-01-10,Bengaluru,Karnataka,29.3,19.0,24.1,52.4,0.0,6.9,203,Poor,1020.4,38.8
2025-01-11,Bengaluru,Karnataka,28.1,17.2,22.7,43.0,0.0,6.2,206,Poor,1022.3,20.6
2025-01-12,Bengaluru,Karnataka,27.2,15.8,21.5,55.9,2.4,6.7,172,Moderate,1023.0,42.4
2025-01-13,Bengaluru,Karnataka,28.4,15.6,22.0,53.7,0.0,12.8,188,Moderate,1024.8,32.4
2025-01-14,Bengaluru,Karnataka,27.2,16.0,21.6,46.5,0.0,8.9,185,Moderate,1020.5,17.0
2025-01-15,Bengaluru,Karnataka,27.5,13.8,20.7,47.8,0.0,11.2,202,Poor,1019.5,0.0
2025-01-16,Bengaluru,Karnataka,27.0,15.3,21.1,54.3,0.0,6.6,173,Moderate,1025.3,19.3
2025-01-17,Bengaluru,Karnataka,26.1,14.5,20.3,53.0,0.0,9.6,211,Poor,1022.9,40.4
2025-01-18,Bengaluru,Karnataka,26.2,13.0,19.6,40.6,0.0,6.8,226,Poor,1024.5,8.1
2025-01-19,Bengaluru,Karnataka,26.9,11.5,19.2,57.3,0.0,9.6,188,Moderate,1024.6,20.4
2025-01-20,Bengaluru,Karnataka,25.9,14.1,20.0,53.9,0.0,11.0,190,Moderate,1024.7,21.1
2025-01-21,Bengaluru,Karnataka,26.9,14.0,20.4,54.6,0.0,10.0,200,Poor,1021.7,31.7
2025-01-22,Bengaluru,Karnataka,28.4,14.2,21.3,43.5,0.0,8.7,163,Moderate,1020.9,12.5
2025-01-23,Bengaluru,Karnataka,27.9,14.3,21.1,50.6,0.0,12.5,164,Moderate,1018.2,5.9
2025-01-24,Bengaluru,Karnataka,26.6,14.9,20.7,60.6,0.0,10.6,183,Moderate,1020.2,26.3
2025-01-25,Bengaluru,Karnataka,25.1,12.2,18.7,47.6,0.0,7.3,232,Poor,1022.9,9.1
2025-01-26,Bengaluru,Karnataka,26.1,12.6,19.4,46.1,0.0,6.9,161,Moderate,1021.1,0.0
2025-01-27,Bengaluru,Karnataka,25.0,13.6,19.3,50.2,0.0,17.1,196,Moderate,1020.1,44.9
2025-01-28,Bengaluru,Karnataka,24.9,14.5,19.7,48.8,0.0,7.4,181,Moderate,1022.3,31.9
2025-01-29,Bengaluru,Karnataka,25.8,15.6,20.7,49.1,0.0,8.3,181,Moderate,1024.6,44.7
2025-01-30,Bengaluru,Karnataka,26.1,15.0,20.6,52.1,0.0,7.1,211,Poor,1021.7,30.7
2025-01-31,Bengaluru,Karnataka,25.7,15.9,20.8,49.0,0.0,10.4,219,Poor,1019.4,27.8
2025-02-01,Bengaluru,Karnataka,27.6,14.9,21.2,51.2,0.0,7.2,192,Moderate,1024.0,23.2
2025-02-02,Bengaluru,Karnataka,27.8,14.4,21.1,43.3,0.0,8.6,203,Poor,1019.9,15.5
2025-02-03,Bengaluru,Karnataka,26.0,15.0,20.5,49.6,0.0,9.5,154,Moderate,1024.5,25.7
2025-02-04,Bengaluru,Karnataka,26.2,12.4,19.3,43.4,0.0,7.5,167,Moderate,1021.3,11.5
2025-02-05,Bengaluru,Karnataka,25.7,14.1,19.9,47.0,0.0,9.4,143,Moderate,1021.7,3.9
2025-02-06,Bengaluru,Karnataka,26.3,13.7,20.0,40.1,0.0,13.6,150,Moderate,1024.5,14.2
2025-02-07,Bengaluru,Karnataka,26.5,15.6,21.1,53.1,0.0,9.1,184,Moderate,1018.3,36.3
2025-02-08,Bengaluru,Karnataka,28.7,15.1,21.9,42.5,0.0,10.2,173,Moderate,1018.6,0.5
2025-02-09,Bengaluru,Karnataka,28.5,15.0,21.8,44.9,0.0,7.9,211,Poor,1020.0,0.8
2025-02-10,Bengaluru,Karnataka,27.4,15.8,21.6,41.5,0.0,7.8,217,Poor,1020.3,26.2
2025-02-11,Bengaluru,Karnataka,28.8,16.5,22.7,49.0,0.0,6.8,170,Moderate,1025.5,11.5
2025-02-12,Bengaluru,Karnataka,26.9,15.2,21.0,48.4,0.0,8.9,152,Moderate,1018.8,25.1
2025-02-13,Bengaluru,Karnataka,26.3,13.7,20.0,53.5,0.0,11.2,185,Moderate,1018.1,32.8
2025-02-14,Bengaluru,Karnataka,24.5,13.4,19.0,42.3,0.0,10.0,190,Moderate,1019.0,26.0
2025-02-15,Bengaluru,Karnataka,24.9,10.0,17.5,43.4,0.0,7.7,176,Moderate,1021.7,11.6
2025-02-16,Bengaluru,Karnataka,22.1,12.0,17.1,53.9,0.0,8.0,180,Moderate,1022.2,38.7
2025-02-17,Bengaluru,Karnataka,24.9,13.2,19.0,59.3,0.0,13.7,161,Moderate,1019.1,29.9
2025-02-18,Bengaluru,Karnataka,25.2,12.5,18.8,53.1,0.0,9.7,136,Moderate,1020.5,20.0
2025-02-19,Bengaluru,Karnataka,25.5,13.6,19.5,50.3,0.0,10.5,128,Moderate,1024.1,19.0
2025-02-20,Bengaluru,Karnataka,26.9,13.7,20.3,45.6,0.0,10.9,151,Moderate,1019.9,24.0
2025-02-21,Bengaluru,Karnataka,28.2,15.1,21.7,41.4,0.0,7.8,155,Moderate,1020.0,13.7
2025-02-22,Bengaluru,Karnataka,27.7,14.4,21.0,45.8,0.0,7.6,164,Moderate,1023.2,0.0
2025-02-23,Bengaluru,Karnataka,27.7,14.9,21.3,54.0,0.0,7.8,154,Moderate,1017.8,28.8
2025-02-24,Bengaluru,Karnataka,27.1,16.6,21.8,50.9,0.0,7.6,118,Moderate,1017.4,27.7
2025-02-25,Bengaluru,Karnataka,27.3,14.4,20.8,53.1,0.0,12.7,95,Satisfactory,1018.1,0.0
2025-02-26,Bengaluru,Karnataka,25.8,13.6,19.7,47.8,0.0,8.2,168,Moderate,1018.2,26.5
2025-02-27,Bengaluru,Karnataka,24.6,13.4,19.0,56.6,0.0,12.0,126,Moderate,1015.7,44.3
2025-02-28,Bengaluru,Karnataka,24.3,10.9,17.6,39.6,0.0,8.3,143,Moderate,1019.9,4.8
2025-03-01,Bengaluru,Karnataka,25.7,13.6,19.6,50.6,0.0,8.4,135,Moderate,1019.3,18.4
2025-03-02,Bengaluru,Karnataka,26.4,14.3,20.4,55.9,0.0,6.4,131,Moderate,1018.2,16.4
2025-03-03,Bengaluru,Karnataka,28.1,16.3,22.2,47.4,0.0,7.7,125,Moderate,1018.4,41.2
2025-03-04,Bengaluru,Karnataka,27.9,16.6,22.2,55.1,0.0,12.8,154,Moderate,1018.3,33.6
2025-03-05,Bengaluru,Karnataka,28.0,15.8,21.9,52.3,0.0,12.6,125,Moderate,1015.1,5.9
2025-03-06,Bengaluru,Karnataka,26.7,15.8,21.2,46.0,0.0,7.7,155,Moderate,1018.3,23.4
2025-03-07,Bengaluru,Karnataka,26.5,15.0,20.7,58.2,0.0,6.2,161,Moderate,1018.9,51.1
2025-03-08,Bengaluru,Karnataka,26.6,14.6,20.6,54.9,0.0,7.1,147,Moderate,1014.5,10.3
2025-03-09,Bengaluru,Karnataka,25.9,13.5,19.7,50.8,0.0,7.7,155,Moderate,1020.7,19.4
2025-03-10,Bengaluru,Karnataka,27.4,14.3,20.8,54.3,0.0,7.7,136,Moderate,1014.8,26.1
2025-03-11,Bengaluru,Karnataka,27.4,14.1,20.7,38.1,0.0,7.7,164,Moderate,1014.9,10.5
2025-03-12,Bengaluru,Karnataka,25.7,16.0,20.8,57.2,0.0,8.6,148,Moderate,1017.4,43.7
2025-03-13,Bengaluru,Karnataka,26.3,14.7,20.5,50.3,0.0,7.0,154,Moderate,1018.0,12.6
2025-03-14,Bengaluru,Karnataka,28.7,13.4,21.0,37.8,0.0,8.4,107,Moderate,1018.2,0.0
2025-03-15,Bengaluru,Karnataka,27.5,15.8,21.7,41.7,0.0,9.2,130,Moderate,1017.5,11.3
2025-03-16,Bengaluru,Karnataka,26.4,15.5,21.0,53.8,0.0,7.8,86,Satisfactory,1015.3,28.2
2025-03-17,Bengaluru,Karnataka,28.9,15.6,22.2,43.7,0.0,8.8,153,Moderate,1016.1,7.2
2025-03-18,Bengaluru,Karnataka,29.2,17.5,23.4,53.1,0.0,13.6,94,Satisfactory,1014.8,21.9
2025-03-19,Bengaluru,Karnataka,30.3,18.0,24.2,49.3,0.0,10.2,104,Moderate,1015.4,25.2
2025-03-20,Bengaluru,Karnataka,29.0,17.0,23.0,43.6,0.0,9.7,84,Satisfactory,1015.3,1.1
2025-03-21,Bengaluru,Karnataka,30.1,17.5,23.8,43.8,0.0,7.9,117,Moderate,1013.8,9.7
2025-03-22,Bengaluru,Karnataka,30.9,18.2,24.5,48.3,0.0,7.6,111,Moderate,1013.8,22.1
2025-03-23,Bengaluru,Karnataka,29.3,17.1,23.2,53.1,0.0,8.5,153,Moderate,1011.0,27.9
2025-03-24,Bengaluru,Karnataka,29.7,17.5,23.6,47.6,0.0,9.7,127,Moderate,1016.1,10.3
2025-03-25,Bengaluru,Karnataka,29.4,18.4,23.9,44.7,0.0,9.1,97,Satisfactory,1014.8,19.9
2025-03-26,Bengaluru,Karnataka,31.2,18.4,24.8,50.9,0.0,8.8,71,Satisfactory,1009.2,13.3
2025-03-27,Bengaluru,Karnataka,30.2,19.9,25.0,51.0,0.0,10.7,51,Satisfactory,1015.1,27.4
2025-03-28,Bengaluru,Karnataka,33.2,20.1,26.7,47.6,0.0,9.6,80,Satisfactory,1012.8,23.6
2025-03-29,Bengaluru,Karnataka,33.9,21.0,27.4,42.7,0.0,10.5,69,Satisfactory,1010.7,10.7
2025-03-30,Bengaluru,Karnataka,32.3,21.1,26.7,48.1,0.0,7.2,113,Moderate,1010.5,23.1
2025-03-31,Bengaluru,Karnataka,32.3,20.6,26.4,33.9,0.0,6.9,101,Moderate,1011.1,10.9
2025-04-01,Bengaluru,Karnataka,33.4,22.1,27.7,45.9,0.0,13.2,87,Satisfactory,1010.1,22.3
2025-04-02,Bengaluru,Karnataka,31.9,21.6,26.8,53.8,0.0,6.3,82,Satisfactory,1010.5,23.2
2025-04-03,Bengaluru,Karnataka,31.2,20.8,26.0,53.3,0.0,7.0,102,Moderate,1015.6,50.4
2025-04-04,Bengaluru,Karnataka,30.7,18.9,24.8,45.4,0.0,8.0,64,Satisfactory,1013.1,13.3
2025-04-05,Bengaluru,Karnataka,32.0,19.3,25.7,41.9,0.0,12.1,81,Satisfactory,1016.0,15.6
2025-04-06,Bengaluru,Karnataka,30.0,16.7,23.4,47.9,0.0,6.9,113,Moderate,1012.9,10.0
2025-04-07,Bengaluru,Karnataka,28.9,14.9,21.9,44.6,0.0,6.5,86,Satisfactory,1013.8,5.5
2025-04-08,Bengaluru,Karnataka,27.2,14.5,20.8,55.0,0.0,7.3,100,Satisfactory,1011.0,14.4
2025-04-09,Bengaluru,Karnataka,26.7,14.2,20.5,47.9,0.0,7.8,44,Good,1012.4,30.4
2025-04-10,Bengaluru,Karnataka,27.6,14.9,21.2,49.6,0.0,8.8,38,Good,1012.2,31.1
2025-04-11,Bengaluru,Karnataka,27.2,15.2,21.2,47.6,0.0,9.9,86,Satisfactory,1013.5,25.0
2025-04-12,Bengaluru,Karnataka,29.5,16.8,23.2,56.4,0.0,10.9,97,Satisfactory,1011.4,15.7
2025-04-13,Bengaluru,Karnataka,30.6,18.6,24.6,44.5,0.0,6.8,78,Satisfactory,1011.6,12.3
2025-04-14,Bengaluru,Karnataka,29.7,17.8,23.8,42.2,0.0,6.3,130,Moderate,1011.6,7.0
2025-04-15,Bengaluru,Karnataka,31.6,17.7,24.6,35.0,0.0,8.8,43,Good,1010.0,11.7
2025-04-16,Bengaluru,Karnataka,31.1,17.2,24.2,39.1,0.0,7.0,63,Satisfactory,1009.8,1.8
2025-04-17,Bengaluru,Karnataka,29.0,17.7,23.3,55.4,0.0,7.7,78,Satisfactory,1009.3,39.6
2025-04-18,Bengaluru,Karnataka,28.4,18.8,23.6,56.7,0.0,8.2,82,Satisfactory,1012.6,46.3
2025-04-19,Bengaluru,Karnataka,31.4,16.4,23.9,40.5,0.0,7.9,58,Satisfactory,1009.6,0.0
2025-04-20,Bengaluru,Karnataka,30.3,18.8,24.6,45.8,0.0,6.6,49,Good,1010.5,24.5
2025-04-21,Bengaluru,Karnataka,30.3,19.4,24.9,57.9,0.0,9.1,78,Satisfactory,1009.3,24.3
2025-04-22,Bengaluru,Karnataka,29.1,18.0,23.5,63.3,0.0,15.1,50,Satisfactory,1011.9,24.4
2025-04-23,Bengaluru,Karnataka,30.4,16.4,23.4,53.4,0.0,8.6,55,Satisfactory,1005.7,13.5
2025-04-24,Bengaluru,Karnataka,30.7,20.9,25.8,58.4,0.0,16.1,53,Satisfactory,1009.4,34.9
2025-04-25,Bengaluru,Karnataka,31.0,20.3,25.7,57.9,4.4,6.5,58,Satisfactory,1006.2,26.7
2025-04-26,Bengaluru,Karnataka,32.4,18.7,25.6,62.4,0.0,7.6,58,Satisfactory,1009.4,35.7
2025-04-27,Bengaluru,Karnataka,31.7,18.2,25.0,45.1,0.0,14.3,38,Good,1008.3,11.5
2025-04-28,Bengaluru,Karnataka,30.6,18.3,24.4,40.9,0.0,7.6,40,Good,1005.6,3.1
2025-04-29,Bengaluru,Karnataka,29.9,19.7,24.8,60.0,0.0,9.4,32,Good,1009.0,28.7
2025-04-30,Bengaluru,Karnataka,29.5,18.5,24.0,42.6,0.0,8.8,40,Good,1008.8,9.9
2025-05-01,Bengaluru,Karnataka,29.2,18.5,23.9,48.9,0.0,8.4,52,Satisfactory,1007.8,38.5
2025-05-02,Bengaluru,Karnataka,31.6,17.6,24.6,40.2,0.0,11.2,15,Good,1007.7,0.0
2025-05-03,Bengaluru,Karnataka,31.7,18.1,24.9,48.3,0.0,9.0,68,Satisfactory,1008.0,17.3
2025-05-04,Bengaluru,Karnataka,29.4,19.2,24.3,39.4,0.0,10.7,42,Good,1010.0,16.0
2025-05-05,Bengaluru,Karnataka,30.9,20.4,25.7,42.2,0.0,14.6,15,Good,1006.5,19.5
2025-05-06,Bengaluru,Karnataka,32.3,21.1,26.7,47.5,0.0,11.4,72,Satisfactory,1008.7,27.6
2025-05-07,Bengaluru,Karnataka,33.3,19.4,26.4,45.6,0.0,7.6,46,Good,1006.5,30.1
2025-05-08,Bengaluru,Karnataka,32.3,20.6,26.4,58.0,0.0,17.9,15,Good,1009.0,33.9
2025-05-09,Bengaluru,Karnataka,31.2,20.2,25.7,54.1,0.0,10.4,70,Satisfactory,1006.0,36.4
2025-05-10,Bengaluru,Karnataka,30.7,20.4,25.6,54.6,0.0,8.8,68,Satisfactory,1005.0,24.0
2025-05-11,Bengaluru,Karnataka,28.6,21.5,25.0,61.9,0.7,7.6,20,Good,1004.1,56.7
2025-05-12,Bengaluru,Karnataka,29.7,19.9,24.8,56.9,0.0,9.4,27,Good,1006.2,47.2
2025-05-13,Bengaluru,Karnataka,30.7,19.4,25.1,57.8,0.0,8.1,26,Good,1004.4,23.8
2025-05-14,Bengaluru,Karnataka,31.4,20.5,26.0,55.4,0.0,7.5,15,Good,1008.4,26.3
2025-05-15,Bengaluru,Karnataka,32.1,21.1,26.6,50.8,0.0,7.8,42,Good,1003.5,23.7
2025-05-16,Bengaluru,Karnataka,32.1,22.2,27.2,46.1,0.0,7.5,53,Satisfactory,1003.6,33.7
2025-05-17,Bengaluru,Karnataka,32.3,21.4,26.8,53.8,0.0,8.8,44,Good,1006.0,15.8
2025-05-18,Bengaluru,Karnataka,33.1,20.0,26.5,46.2,0.0,9.3,28,Good,1007.2,19.1
2025-05-19,Bengaluru,Karnataka,30.9,18.9,24.9,52.1,0.0,10.4,44,Good,1006.6,1.5
2025-05-20,Bengaluru,Karnataka,29.7,18.9,24.3,57.1,0.0,10.8,15,Good,1007.2,27.2
2025-05-21,Bengaluru,Karnataka,31.5,21.9,26.7,52.8,0.0,8.8,65,Satisfactory,1004.1,46.9
2025-05-22,Bengaluru,Karnataka,33.0,21.5,27.3,57.3,0.0,9.0,15,Good,1003.8,30.3
2025-05-23,Bengaluru,Karnataka,31.8,22.0,26.9,58.0,0.0,10.2,15,Good,1008.0,32.0
2025-05-24,Bengaluru,Karnataka,32.2,21.0,26.6,60.0,0.0,8.3,15,Good,1007.2,38.1
2025-05-25,Bengaluru,Karnataka,30.1,19.4,24.8,58.1,0.0,11.5,15,Good,1005.6,22.0
2025-05-26,Bengaluru,Karnataka,30.0,20.0,25.0,57.7,0.0,9.4,15,Good,1006.2,37.0
2025-05-27,Bengaluru,Karnataka,29.7,18.8,24.2,67.9,0.0,12.1,15,Good,1005.8,50.4
2025-05-28,Bengaluru,Karnataka,29.1,20.3,24.7,59.9,0.0,10.3,17,Good,1001.4,42.7
2025-05-29,Bengaluru,Karnataka,30.2,20.5,25.4,60.1,0.0,9.8,15,Good,1003.4,52.5
2025-05-30,Bengaluru,Karnataka,30.4,20.7,25.5,70.3,0.0,13.3,15,Good,1006.2,57.3
2025-05-31,Bengaluru,Karnataka,31.3,21.8,26.6,69.5,0.0,8.4,15,Good,1004.2,49.0
2025-06-01,Bengaluru,Karnataka,31.0,20.7,25.9,65.0,3.7,11.1,22,Good,1002.7,31.1
2025-06-02,Bengaluru,Karnataka,32.2,20.1,26.2,62.5,0.0,15.1,15,Good,1005.6,36.9
2025-06-03,Bengaluru,Karnataka,30.1,22.5,26.3,61.5,2.7,10.8,15,Good,1003.2,69.6
2025-06-04,Bengaluru,Karnataka,30.0,20.7,25.4,75.2,0.0,10.5,15,Good,1004.1,48.4
2025-06-05,Bengaluru,Karnataka,27.5,18.8,23.1,60.3,6.9,12.8,15,Good,1003.8,48.8
2025-06-06,Bengaluru,Karnataka,29.9,19.7,24.8,69.1,4.9,9.8,15,Good,1003.5,34.1
2025-06-07,Bengaluru,Karnataka,29.8,19.7,24.7,79.9,0.0,10.3,15,Good,1003.5,45.9
2025-06-08,Bengaluru,Karnataka,29.8,21.7,25.7,72.5,20.9,9.2,15,Good,1004.5,57.5
2025-06-09,Bengaluru,Karnataka,29.1,22.3,25.7,71.9,0.0,10.0,64,Satisfactory,1004.6,48.7
2025-06-10,Bengaluru,Karnataka,31.3,21.4,26.4,70.9,0.0,12.4,15,Good,1000.5,41.8
2025-06-11,Bengaluru,Karnataka,30.5,22.5,26.5,71.4,14.2,10.6,15,Good,1002.0,45.9
2025-06-12,Bengaluru,Karnataka,30.5,22.3,26.4,87.7,0.0,9.8,15,Good,1003.7,67.7
2025-06-13,Bengaluru,Karnataka,31.4,23.5,27.4,69.9,15.6,14.5,15,Good,1000.5,60.7
2025-06-14,Bengaluru,Karnataka,31.3,22.4,26.8,70.2,0.0,14.0,15,Good,998.2,60.1
2025-06-15,Bengaluru,Karnataka,28.4,21.6,25.0,75.6,0.0,10.2,15,Good,999.4,60.9
2025-06-16,Bengaluru,Karnataka,30.3,21.5,25.9,81.0,0.0,14.2,15,Good,999.1,38.6
2025-06-17,Bengaluru,Karnataka,30.0,22.6,26.3,74.3,26.4,12.9,15,Good,999.7,59.7
2025-06-18,Bengaluru,Karnataka,27.9,22.4,25.1,83.7,0.0,12.1,17,Good,999.3,72.5
2025-06-19,Bengaluru,Karnataka,29.5,20.3,24.9,83.8,0.0,16.7,15,Good,1002.8,55.1
2025-06-20,Bengaluru,Karnataka,26.9,21.8,24.3,87.5,26.4,12.6,15,Good,1000.2,73.7
2025-06-21,Bengaluru,Karnataka,30.4,22.2,26.3,86.4,0.0,10.8,15,Good,1002.7,67.5
2025-06-22,Bengaluru,Karnataka,27.5,20.5,24.0,92.1,16.4,11.4,15,Good,998.4,73.7
2025-06-23,Bengaluru,Karnataka,27.2,20.1,23.6,85.3,7.0,10.1,15,Good,1000.0,64.1
2025-06-24,Bengaluru,Karnataka,25.4,18.7,22.0,86.3,5.0,13.4,22,Good,1001.2,77.6
2025-06-25,Bengaluru,Karnataka,26.7,17.8,22.2,82.6,7.2,17.1,15,Good,1002.5,45.5
2025-06-26,Bengaluru,Karnataka,26.3,19.7,23.0,84.9,0.0,13.0,15,Good,1002.9,67.0
2025-06-27,Bengaluru,Karnataka,26.4,19.9,23.1,100.0,14.4,12.8,15,Good,999.4,77.3
2025-06-28,Bengaluru,Karnataka,26.4,19.1,22.7,86.5,8.8,14.5,15,Good,1002.5,72.6
2025-06-29,Bengaluru,Karnataka,25.3,20.6,23.0,94.5,2.2,14.1,15,Good,997.0,84.5
2025-06-30,Bengaluru,Karnataka,27.1,19.9,23.5,81.0,5.5,15.9,15,Good,1001.8,67.5
2025-07-01,Bengaluru,Karnataka,25.3,20.9,23.1,89.0,26.7,12.6,15,Good,997.5,63.1
2025-07-02,Bengaluru,Karnataka,27.3,21.1,24.2,83.3,15.5,13.7,15,Good,1000.7,48.0
2025-07-03,Bengaluru,Karnataka,28.9,21.6,25.2,92.0,5.0,12.6,15,Good,1001.7,67.2
2025-07-04,Bengaluru,Karnataka,29.2,23.7,26.5,94.1,39.5,11.1,15,Good,1000.8,78.3
2025-07-05,Bengaluru,Karnataka,29.5,24.7,27.1,98.5,14.3,11.4,15,Good,995.5,82.0
2025-07-06,Bengaluru,Karnataka,30.2,22.6,26.4,92.7,3.3,11.9,15,Good,998.0,52.9
2025-07-07,Bengaluru,Karnataka,29.3,24.6,26.9,93.6,8.3,11.3,15,Good,1000.2,89.3
2025-07-08,Bengaluru,Karnataka,31.2,25.1,28.2,82.1,0.0,13.4,28,Good,999.7,59.1
2025-07-09,Bengaluru,Karnataka,28.7,24.1,26.4,87.4,33.9,15.4,15,Good,999.4,72.7
2025-07-10,Bengaluru,Karnataka,27.5,22.9,25.2,93.2,22.6,12.3,15,Good,994.7,67.8
2025-07-11,Bengaluru,Karnataka,26.9,20.7,23.8,97.2,5.6,11.1,15,Good,1001.9,83.0
2025-07-12,Bengaluru,Karnataka,26.2,20.9,23.6,97.3,22.6,12.1,15,Good,1002.3,79.1
2025-07-13,Bengaluru,Karnataka,26.0,20.0,23.0,96.0,14.7,12.8,15,Good,1000.0,88.0
2025-07-14,Bengaluru,Karnataka,24.3,20.5,22.4,100.0,31.2,15.4,15,Good,1000.3,100.0
2025-07-15,Bengaluru,Karnataka,25.5,20.0,22.8,91.4,0.0,13.5,15,Good,1000.8,85.1
2025-07-16,Bengaluru,Karnataka,26.0,20.0,23.0,92.9,21.3,13.5,15,Good,1002.7,71.7
2025-07-17,Bengaluru,Karnataka,25.5,20.4,23.0,93.9,11.3,14.5,15,Good,1000.2,86.5
2025-07-18,Bengaluru,Karnataka,26.2,22.0,24.1,100.0,0.0,16.0,15,Good,999.1,100.0
2025-07-19,Bengaluru,Karnataka,26.3,21.8,24.1,100.0,0.0,18.1,15,Good,1000.3,89.1
2025-07-20,Bengaluru,Karnataka,25.8,22.5,24.1,98.9,25.3,12.6,15,Good,999.5,93.3
2025-07-21,Bengaluru,Karnataka,26.9,19.2,23.1,94.1,22.1,13.4,15,Good,999.8,58.5
2025-07-22,Bengaluru,Karnataka,27.0,20.3,23.7,100.0,2.5,12.6,15,Good,996.2,86.0
2025-07-23,Bengaluru,Karnataka,27.9,20.5,24.2,95.2,0.0,14.4,15,Good,1000.7,76.6
2025-07-24,Bengaluru,Karnataka,27.1,21.5,24.3,97.4,19.8,11.4,15,Good,1002.0,70.8
2025-07-25,Bengaluru,Karnataka,26.7,21.9,24.3,98.7,5.9,19.5,15,Good,1001.7,79.9
2025-07-26,Bengaluru,Karnataka,27.2,22.4,24.8,91.8,6.1,14.7,15,Good,1001.5,81.4
2025-07-27,Bengaluru,Karnataka,27.6,21.7,24.7,92.9,27.7,14.3,15,Good,999.6,71.1
2025-07-28,Bengaluru,Karnataka,26.9,21.6,24.2,99.7,47.9,12.3,15,Good,1000.2,82.6
2025-07-29,Bengaluru,Karnataka,26.8,22.1,24.4,100.0,25.8,12.8,15,Good,1002.4,77.2
2025-07-30,Bengaluru,Karnataka,27.1,23.6,25.4,100.0,2.7,11.7,15,Good,1001.5,88.7
2025-07-31,Bengaluru,Karnataka,29.2,23.7,26.5,100.0,0.1,12.2,15,Good,1002.6,81.1
2025-08-01,Bengaluru,Karnataka,27.3,24.3,25.8,98.7,3.8,15.9,15,Good,998.5,83.3
2025-08-02,Bengaluru,Karnataka,28.5,23.8,26.1,95.5,21.1,11.4,15,Good,998.5,91.2
2025-08-03,Bengaluru,Karnataka,27.3,23.0,25.1,96.5,0.0,20.5,15,Good,999.6,85.4
2025-08-04,Bengaluru,Karnataka,28.2,21.6,24.9,94.3,8.2,16.5,15,Good,998.6,77.3
2025-08-05,Bengaluru,Karnataka,29.1,20.2,24.6,86.3,3.7,14.0,26,Good,998.0,47.9
2025-08-06,Bengaluru,Karnataka,26.9,20.5,23.7,98.7,8.9,11.9,15,Good,1002.0,84.3
2025-08-07,Bengaluru,Karnataka,27.0,20.6,23.8,94.0,1.5,14.9,15,Good,1002.0,63.8
2025-08-08,Bengaluru,Karnataka,28.1,23.1,25.6,86.4,15.2,14.5,15,Good,1001.3,73.7
2025-08-09,Bengaluru,Karnataka,27.8,22.9,25.4,98.9,13.7,12.1,15,Good,1001.7,79.6
2025-08-10,Bengaluru,Karnataka,27.4,22.3,24.8,87.1,3.3,14.2,15,Good,998.4,92.8
2025-08-11,Bengaluru,Karnataka,26.5,23.5,25.0,96.0,24.3,12.5,15,Good,1000.4,99.1
2025-08-12,Bengaluru,Karnataka,30.6,22.0,26.3,92.7,0.0,10.8,15,Good,1000.6,59.0
2025-08-13,Bengaluru,Karnataka,28.0,20.7,24.3,89.9,4.9,11.2,15,Good,1002.0,53.9
2025-08-14,Bengaluru,Karnataka,27.3,20.7,24.0,89.7,0.0,15.9,52,Satisfactory,999.2,76.3
2025-08-15,Bengaluru,Karnataka,27.1,22.6,24.8,99.8,0.0,12.0,15,Good,1000.3,73.9
2025-08-16,Bengaluru,Karnataka,27.1,20.3,23.7,83.6,0.0,11.6,40,Good,1001.7,53.5
2025-08-17,Bengaluru,Karnataka,24.6,19.9,22.2,80.0,51.3,12.9,15,Good,1005.3,70.2
2025-08-18,Bengaluru,Karnataka,26.0,18.9,22.4,93.3,10.9,10.3,15,Good,1003.8,77.8
2025-08-19,Bengaluru,Karnataka,27.1,19.2,23.1,75.2,0.0,12.5,15,Good,1005.3,50.9
2025-08-20,Bengaluru,Karnataka,29.4,20.8,25.1,78.2,17.7,12.8,38,Good,1002.7,52.2
2025-08-21,Bengaluru,Karnataka,28.7,20.9,24.8,86.1,4.6,13.9,27,Good,1003.2,56.4
2025-08-22,Bengaluru,Karnataka,26.8,19.0,22.9,82.9,6.8,10.7,15,Good,1004.9,62.6
2025-08-23,Bengaluru,Karnataka,26.1,19.9,23.0,90.0,27.7,11.2,15,Good,1003.8,74.3
2025-08-24,Bengaluru,Karnataka,27.7,20.3,24.0,76.5,31.1,12.5,26,Good,1002.8,58.5
2025-08-25,Bengaluru,Karnataka,29.1,21.8,25.4,85.7,8.1,10.6,15,Good,1000.8,62.0
2025-08-26,Bengaluru,Karnataka,28.7,22.8,25.8,78.6,0.0,12.5,39,Good,1002.7,91.5
2025-08-27,Bengaluru,Karnataka,29.6,20.5,25.0,83.6,8.7,12.2,39,Good,1006.0,46.2
2025-08-28,Bengaluru,Karnataka,31.9,20.6,26.3,73.6,18.1,9.5,15,Good,1006.7,48.7
2025-08-29,Bengaluru,Karnataka,30.5,21.5,26.0,87.2,0.0,14.2,36,Good,1002.9,66.5
2025-08-30,Bengaluru,Karnataka,29.1,23.8,26.4,75.1,16.6,10.2,40,Good,1001.1,69.6
2025-08-31,Bengaluru,Karnataka,28.2,20.6,24.4,88.2,6.8,11.7,15,Good,1007.2,61.8
2025-09-01,Bengaluru,Karnataka,28.6,22.5,25.5,76.2,47.4,17.5,15,Good,1005.4,79.7
2025-09-02,Bengaluru,Karnataka,28.7,19.4,24.1,67.9,12.0,10.1,44,Good,1003.2,58.7
2025-09-03,Bengaluru,Karnataka,29.5,19.4,24.5,68.8,0.0,12.4,41,Good,999.8,25.4
2025-09-04,Bengaluru,Karnataka,27.4,18.5,23.0,81.7,9.9,18.8,22,Good,1004.7,54.3
2025-09-05,Bengaluru,Karnataka,27.3,20.4,23.8,75.8,0.0,12.6,62,Satisfactory,1005.7,43.4
2025-09-06,Bengaluru,Karnataka,26.5,20.6,23.6,83.1,0.0,14.3,95,Satisfactory,1004.6,70.0
2025-09-07,Bengaluru,Karnataka,27.9,17.9,22.9,79.8,33.8,9.4,41,Good,1008.7,63.6
2025-09-08,Bengaluru,Karnataka,29.8,19.2,24.5,61.6,0.0,15.5,61,Satisfactory,1005.5,25.9
2025-09-09,Bengaluru,Karnataka,28.5,21.7,25.1,77.3,0.0,8.7,67,Satisfactory,1007.2,65.8
2025-09-10,Bengaluru,Karnataka,30.2,21.7,26.0,71.1,0.0,12.1,97,Satisfactory,1011.9,58.6
2025-09-11,Bengaluru,Karnataka,31.6,23.0,27.3,61.3,30.2,10.7,15,Good,1007.2,39.1
2025-09-12,Bengaluru,Karnataka,31.2,21.9,26.5,66.4,0.0,10.1,25,Good,1007.2,42.1
2025-09-13,Bengaluru,Karnataka,29.8,23.0,26.4,69.1,13.4,9.7,57,Satisfactory,1007.5,61.9
2025-09-14,Bengaluru,Karnataka,32.0,21.2,26.6,65.2,19.6,12.0,59,Satisfactory,1009.1,13.8
2025-09-15,Bengaluru,Karnataka,30.5,21.7,26.1,62.7,0.0,9.2,15,Good,1009.3,47.1
2025-09-16,Bengaluru,Karnataka,30.9,21.0,26.0,63.9,0.0,9.6,71,Satisfactory,1006.4,55.4
2025-09-17,Bengaluru,Karnataka,29.9,19.5,24.7,60.0,0.0,11.6,64,Satisfactory,1008.2,38.8
2025-09-18,Bengaluru,Karnataka,29.5,19.5,24.5,74.7,4.3,13.2,77,Satisfactory,1007.9,48.3
2025-09-19,Bengaluru,Karnataka,30.4,20.4,25.4,58.9,0.0,10.0,84,Satisfactory,1008.7,39.4
2025-09-20,Bengaluru,Karnataka,30.2,18.5,24.4,66.1,0.0,14.9,24,Good,1013.4,26.8
2025-09-21,Bengaluru,Karnataka,28.5,18.4,23.4,54.6,6.9,10.4,47,Good,1011.4,26.2
2025-09-22,Bengaluru,Karnataka,29.1,20.2,24.6,65.3,0.0,10.2,62,Satisfactory,1009.9,46.0
2025-09-23,Bengaluru,Karnataka,33.3,21.8,27.6,56.7,0.0,20.9,69,Satisfactory,1012.0,24.7
2025-09-24,Bengaluru,Karnataka,33.7,21.9,27.8,58.0,0.0,10.7,89,Satisfactory,1010.0,11.4
2025-09-25,Bengaluru,Karnataka,30.8,20.4,25.6,63.7,0.0,16.5,54,Satisfactory,1007.2,35.0
2025-09-26,Bengaluru,Karnataka,30.7,19.8,25.3,56.5,0.0,20.0,63,Satisfactory,1014.1,25.6
2025-09-27,Bengaluru,Karnataka,32.0,18.9,25.5,50.5,0.0,8.1,70,Satisfactory,1010.6,15.2
2025-09-28,Bengaluru,Karnataka,30.9,18.9,24.9,65.2,1.5,8.4,137,Moderate,1006.8,32.7
2025-09-29,Bengaluru,Karnataka,29.5,20.0,24.7,55.7,0.0,7.6,110,Moderate,1008.3,41.9
2025-09-30,Bengaluru,Karnataka,29.8,20.7,25.2,44.3,0.0,11.3,107,Moderate,1013.8,30.6
2025-10-01,Bengaluru,Karnataka,31.3,20.0,25.7,42.1,0.0,11.3,121,Moderate,1008.5,14.5
2025-10-02,Bengaluru,Karnataka,29.0,19.4,24.2,48.9,0.0,8.5,122,Moderate,1015.0,36.5
2025-10-03,Bengaluru,Karnataka,30.8,19.9,25.3,60.2,0.0,7.1,106,Moderate,1012.3,43.0
2025-10-04,Bengaluru,Karnataka,31.5,21.6,26.6,70.4,0.0,10.4,94,Satisfactory,1013.4,58.2
2025-10-05,Bengaluru,Karnataka,30.8,22.0,26.4,46.5,0.0,7.3,136,Moderate,1011.7,47.0
2025-10-06,Bengaluru,Karnataka,31.1,19.7,25.4,45.7,0.0,8.9,106,Moderate,1013.8,12.8
2025-10-07,Bengaluru,Karnataka,29.7,20.7,25.2,55.6,0.0,11.2,85,Satisfactory,1013.6,38.5
2025-10-08,Bengaluru,Karnataka,30.5,19.3,24.9,60.9,0.0,9.6,150,Moderate,1013.2,29.8
2025-10-09,Bengaluru,Karnataka,29.9,17.5,23.7,45.6,0.0,12.2,81,Satisfactory,1011.6,10.4
2025-10-10,Bengaluru,Karnataka,29.7,17.8,23.8,56.5,0.0,8.7,74,Satisfactory,1014.7,30.0
2025-10-11,Bengaluru,Karnataka,28.6,18.6,23.6,57.2,0.0,8.0,138,Moderate,1010.5,52.6
2025-10-12,Bengaluru,Karnataka,30.1,19.1,24.6,68.0,3.0,7.7,100,Satisfactory,1015.9,41.4
2025-10-13,Bengaluru,Karnataka,28.5,17.6,23.0,49.9,0.0,10.9,121,Moderate,1015.1,11.1
2025-10-14,Bengaluru,Karnataka,29.9,18.9,24.4,52.7,0.0,8.9,158,Moderate,1015.4,24.2
2025-10-15,Bengaluru,Karnataka,29.4,17.4,23.4,53.4,0.0,7.8,93,Satisfactory,1009.7,31.2
2025-10-16,Bengaluru,Karnataka,30.6,17.9,24.3,43.2,0.0,9.9,118,Moderate,1012.6,0.0
2025-10-17,Bengaluru,Karnataka,30.3,18.6,24.5,49.7,0.0,6.9,161,Moderate,1014.0,0.0
2025-10-18,Bengaluru,Karnataka,30.2,17.9,24.1,44.8,0.0,9.1,139,Moderate,1016.6,25.1
2025-10-19,Bengaluru,Karnataka,29.6,18.6,24.1,40.3,0.0,9.5,121,Moderate,1013.6,24.9
2025-10-20,Bengaluru,Karnataka,32.2,17.8,25.0,43.3,0.0,9.9,178,Moderate,1020.5,0.0
2025-10-21,Bengaluru,Karnataka,30.7,19.3,25.0,53.8,0.0,13.7,115,Moderate,1015.0,26.9
2025-10-22,Bengaluru,Karnataka,30.1,19.5,24.8,49.0,0.0,8.3,141,Moderate,1013.7,36.5
2025-10-23,Bengaluru,Karnataka,31.3,17.9,24.6,48.8,0.0,9.5,167,Moderate,1015.6,18.1
2025-10-24,Bengaluru,Karnataka,29.1,18.6,23.9,43.1,0.0,9.9,153,Moderate,1014.4,22.2
2025-10-25,Bengaluru,Karnataka,30.8,18.0,24.4,55.4,5.8,8.7,160,Moderate,1014.0,28.9
2025-10-26,Bengaluru,Karnataka,29.1,18.2,23.6,53.4,0.0,7.0,122,Moderate,1018.7,27.2
2025-10-27,Bengaluru,Karnataka,29.1,15.5,22.3,45.2,0.0,10.9,160,Moderate,1018.3,0.0
2025-10-28,Bengaluru,Karnataka,28.3,15.4,21.9,48.2,0.0,6.4,150,Moderate,1018.6,9.1
2025-10-29,Bengaluru,Karnataka,28.0,16.2,22.1,41.6,0.0,7.1,130,Moderate,1020.2,15.9
2025-10-30,Bengaluru,Karnataka,28.7,16.7,22.7,39.7,0.0,8.1,150,Moderate,1018.6,8.8
2025-10-31,Bengaluru,Karnataka,26.4,16.3,21.4,54.0,0.0,7.0,153,Moderate,1016.0,42.0
2025-11-01,Bengaluru,Karnataka,28.1,17.7,22.9,53.2,0.0,8.8,187,Moderate,1019.2,29.3
2025-11-02,Bengaluru,Karnataka,30.1,15.0,22.6,48.2,0.0,12.1,147,Moderate,1015.8,4.9
2025-11-03,Bengaluru,Karnataka,27.3,15.6,21.4,47.3,0.0,15.6,114,Moderate,1017.6,18.0
2025-11-04,Bengaluru,Karnataka,26.6,14.6,20.6,57.6,0.0,8.6,128,Moderate,1018.8,37.1
2025-11-05,Bengaluru,Karnataka,28.3,14.7,21.5,54.6,0.0,9.5,148,Moderate,1018.5,11.6
2025-11-06,Bengaluru,Karnataka,26.2,14.7,20.4,52.5,0.0,8.8,123,Moderate,1015.6,33.1
2025-11-07,Bengaluru,Karnataka,26.9,16.3,21.6,55.0,0.0,8.5,139,Moderate,1017.1,39.7
2025-11-08,Bengaluru,Karnataka,27.8,16.7,22.3,51.2,0.0,8.5,151,Moderate,1018.9,36.8
2025-11-09,Bengaluru,Karnataka,29.1,16.6,22.8,47.9,0.0,14.4,133,Moderate,1017.7,21.9
2025-11-10,Bengaluru,Karnataka,28.6,17.6,23.1,52.4,0.0,6.4,180,Moderate,1021.2,36.6
2025-11-11,Bengaluru,Karnataka,30.1,19.0,24.5,53.2,0.0,11.1,137,Moderate,1021.3,10.8
2025-11-12,Bengaluru,Karnataka,28.2,20.2,24.2,58.8,0.0,7.3,110,Moderate,1016.7,53.0
2025-11-13,Bengaluru,Karnataka,31.8,18.3,25.1,50.6,0.0,8.2,126,Moderate,1018.9,21.0
2025-11-14,Bengaluru,Karnataka,28.2,19.8,24.0,47.9,0.0,6.9,167,Moderate,1022.4,34.3
2025-11-15,Bengaluru,Karnataka,30.1,17.3,23.7,41.2,0.0,6.8,156,Moderate,1019.1,13.2
2025-11-16,Bengaluru,Karnataka,27.8,16.4,22.1,51.7,0.0,11.6,131,Moderate,1019.2,26.1
2025-11-17,Bengaluru,Karnataka,28.4,16.7,22.6,55.6,0.0,7.5,213,Poor,1021.7,26.4
2025-11-18,Bengaluru,Karnataka,29.6,17.6,23.6,52.5,0.0,8.6,186,Moderate,1019.2,5.1
2025-11-19,Bengaluru,Karnataka,29.5,16.0,22.7,32.3,0.0,9.8,165,Moderate,1022.7,5.1
2025-11-20,Bengaluru,Karnataka,28.9,16.3,22.6,59.1,0.0,13.4,163,Moderate,1019.1,15.7
2025-11-21,Bengaluru,Karnataka,29.5,15.6,22.6,53.1,0.0,6.8,170,Moderate,1019.4,34.0
2025-11-22,Bengaluru,Karnataka,28.7,15.1,21.9,48.5,0.0,13.7,131,Moderate,1022.2,0.0
2025-11-23,Bengaluru,Karnataka,29.6,15.7,22.7,37.6,0.0,9.1,194,Moderate,1020.7,13.3
2025-11-24,Bengaluru,Karnataka,25.3,16.0,20.7,52.0,0.0,9.0,192,Moderate,1021.4,37.9
2025-11-25,Bengaluru,Karnataka,27.4,13.1,20.2,49.8,0.0,8.0,133,Moderate,1017.6,2.5
2025-11-26,Bengaluru,Karnataka,24.7,13.7,19.2,48.4,0.0,7.7,183,Moderate,1021.1,37.8
2025-11-27,Bengaluru,Karnataka,25.7,12.2,19.0,32.7,0.0,6.5,190,Moderate,1023.7,4.6
2025-11-28,Bengaluru,Karnataka,25.7,12.4,19.0,49.3,0.0,12.3,161,Moderate,1020.4,7.5
2025-11-29,Bengaluru,Karnataka,25.8,11.9,18.9,49.9,0.0,6.7,230,Poor,1023.5,18.3
2025-11-30,Bengaluru,Karnataka,23.7,13.2,18.4,64.0,0.0,7.6,226,Poor,1022.9,46.8
2025-12-01,Bengaluru,Karnataka,29.4,17.4,23.4,44.3,0.0,11.6,164,Moderate,1020.6,10.9
2025-12-02,Bengaluru,Karnataka,30.6,17.7,24.2,41.7,0.0,8.3,177,Moderate,1023.6,0.0
2025-12-03,Bengaluru,Karnataka,31.1,16.8,24.0,45.7,0.0,6.9,179,Moderate,1020.3,0.0
2025-12-04,Bengaluru,Karnataka,30.6,18.9,24.7,53.9,0.0,10.7,164,Moderate,1020.3,32.0
2025-12-05,Bengaluru,Karnataka,32.3,20.4,26.3,36.9,0.0,7.7,165,Moderate,1020.1,0.0
2025-12-06,Bengaluru,Karnataka,31.2,19.7,25.5,53.6,0.0,7.5,198,Moderate,1021.0,35.1
2025-12-07,Bengaluru,Karnataka,26.4,15.4,20.9,46.3,0.0,6.8,233,Poor,1023.7,19.8
2025-12-08,Bengaluru,Karnataka,27.1,14.4,20.7,48.8,0.0,7.6,222,Poor,1019.3,18.5
2025-12-09,Bengaluru,Karnataka,30.4,19.3,24.9,49.9,0.0,7.9,205,Poor,1022.9,22.7
2025-12-10,Bengaluru,Karnataka,32.8,20.0,26.4,46.0,0.0,9.7,131,Moderate,1020.9,6.4
2025-12-11,Bengaluru,Karnataka,32.3,20.7,26.5,46.2,0.0,7.3,149,Moderate,1021.9,19.4
2025-12-12,Bengaluru,Karnataka,33.7,18.7,26.2,35.3,0.0,12.4,201,Poor,1025.7,0.9
2025-12-13,Bengaluru,Karnataka,30.0,18.7,24.3,40.9,0.0,11.7,216,Poor,1020.5,37.6
2025-12-14,Bengaluru,Karnataka,31.6,17.2,24.4,41.9,0.0,11.7,193,Moderate,1019.1,4.3
2025-12-15,Bengaluru,Karnataka,31.5,16.8,24.2,52.4,0.0,8.9,181,Moderate,1022.1,24.9
2025-12-16,Bengaluru,Karnataka,27.6,14.4,21.0,47.6,0.0,10.5,214,Poor,1023.3,4.1
2025-12-17,Bengaluru,Karnataka,26.9,12.7,19.8,49.1,0.0,10.2,202,Poor,1024.7,11.8
2025-12-18,Bengaluru,Karnataka,26.4,14.5,20.4,47.8,0.0,11.2,208,Poor,1021.7,13.6
2025-12-19,Bengaluru,Karnataka,24.8,14.3,19.5,60.5,0.0,11.6,142,Moderate,1021.5,61.1
2025-12-20,Bengaluru,Karnataka,24.1,12.8,18.4,45.7,0.0,10.4,194,Moderate,1020.4,19.8
2025-12-21,Bengaluru,Karnataka,25.2,12.3,18.8,51.8,0.0,10.4,226,Poor,1020.6,8.3
2025-12-22,Bengaluru,Karnataka,26.9,13.8,20.4,51.9,0.0,10.1,199,Moderate,1022.1,12.6
2025-12-23,Bengaluru,Karnataka,26.5,12.3,19.4,43.9,0.0,10.4,208,Poor,1023.0,0.0
2025-12-24,Bengaluru,Karnataka,23.8,12.8,18.3,52.5,0.0,8.7,192,Moderate,1027.7,17.7
2025-12-25,Bengaluru,Karnataka,23.7,14.2,18.9,47.4,0.0,7.6,197,Moderate,1020.0,45.5
2025-12-26,Bengaluru,Karnataka,26.3,13.8,20.1,51.2,0.0,7.0,227,Poor,1023.8,23.6
2025-12-27,Bengaluru,Karnataka,25.2,14.3,19.8,51.6,0.0,6.7,183,Moderate,1021.8,31.7
2025-12-28,Bengaluru,Karnataka,26.3,14.6,20.5,52.4,0.0,7.0,180,Moderate,1023.5,5.9
2025-12-29,Bengaluru,Karnataka,25.4,13.1,19.3,48.4,0.0,11.4,175,Moderate,1022.3,16.5
2025-12-30,Bengaluru,Karnataka,24.7,12.9,18.8,55.3,0.0,13.0,182,Moderate,1025.6,22.5
2025-12-31,Bengaluru,Karnataka,26.4,13.4,19.9,45.2,0.0,10.3,153,Moderate,1025.3,8.8
2024-01-01,Chennai,Tamil Nadu,30.9,20.5,25.7,58.8,0.0,11.0,158,Moderate,1026.0,36.7
2024-01-02,Chennai,Tamil Nadu,30.5,19.7,25.1,47.7,0.0,15.2,169,Moderate,1020.5,24.5
2024-01-03,Chennai,Tamil Nadu,32.5,20.6,26.5,49.0,0.0,13.2,173,Moderate,1023.3,17.9
2024-01-04,Chennai,Tamil Nadu,32.5,21.5,27.0,52.7,0.0,6.4,203,Poor,1022.3,29.3
2024-01-05,Chennai,Tamil Nadu,31.8,19.3,25.6,54.4,0.0,8.4,198,Moderate,1022.3,35.8
2024-01-06,Chennai,Tamil Nadu,30.1,19.5,24.8,51.2,0.0,7.9,206,Poor,1024.6,25.8
2024-01-07,Chennai,Tamil Nadu,30.3,17.9,24.1,48.2,0.0,7.0,238,Poor,1025.9,27.2
2024-01-08,Chennai,Tamil Nadu,30.9,18.9,24.9,57.5,0.0,11.1,166,Moderate,1021.9,41.6
2024-01-09,Chennai,Tamil Nadu,30.8,18.5,24.6,49.7,0.0,8.0,173,Moderate,1026.5,29.1
2024-01-10,Chennai,Tamil Nadu,30.0,16.7,23.4,48.1,0.0,7.1,201,Poor,1020.6,8.0
2024-01-11,Chennai,Tamil Nadu,29.3,18.5,23.9,54.7,0.0,9.4,221,Poor,1024.4,36.6
2024-01-12,Chennai,Tamil Nadu,31.8,17.6,24.7,53.1,0.0,6.9,163,Moderate,1021.2,16.6
2024-01-13,Chennai,Tamil Nadu,31.0,19.1,25.0,58.6,0.0,11.9,189,Moderate,1021.6,18.6
2024-01-14,Chennai,Tamil Nadu,31.9,18.8,25.4,45.2,0.0,12.2,176,Moderate,1022.8,19.5
2024-01-15,Chennai,Tamil Nadu,30.2,19.1,24.6,52.5,0.0,10.4,204,Poor,1022.1,32.0
2024-01-16,Chennai,Tamil Nadu,28.0,19.4,23.7,48.0,0.0,9.7,200,Moderate,1017.4,43.4
2024-01-17,Chennai,Tamil Nadu,30.1,18.2,24.1,57.2,0.0,8.4,190,Moderate,1024.2,19.0
2024-01-18,Chennai,Tamil Nadu,28.6,18.3,23.5,55.8,5.3,9.3,192,Moderate,1024.6,43.3
2024-01-19,Chennai,Tamil Nadu,30.8,18.9,24.9,48.0,0.0,8.4,174,Moderate,1022.3,20.5
2024-01-20,Chennai,Tamil Nadu,29.9,19.7,24.8,53.6,0.0,6.7,210,Poor,1022.1,37.9
2024-01-21,Chennai,Tamil Nadu,31.3,18.6,25.0,50.1,0.0,10.3,213,Poor,1021.8,20.9
2024-01-22,Chennai,Tamil Nadu,31.5,18.0,24.8,43.9,0.0,12.8,177,Moderate,1019.1,11.4
2024-01-23,Chennai,Tamil Nadu,30.2,20.1,25.2,60.6,0.0,7.6,179,Moderate,1018.7,44.9
2024-01-24,Chennai,Tamil Nadu,31.3,18.8,25.1,50.3,0.0,10.8,176,Moderate,1023.9,9.8
2024-01-25,Chennai,Tamil Nadu,30.2,18.4,24.3,51.4,0.0,8.6,201,Poor,1024.6,9.3
2024-01-26,Chennai,Tamil Nadu,31.3,17.6,24.5,42.1,0.0,7.7,185,Moderate,1023.5,0.8
2024-01-27,Chennai,Tamil Nadu,31.1,18.7,24.9,49.2,0.0,6.3,162,Moderate,1022.9,35.9
2024-01-28,Chennai,Tamil Nadu,31.2,19.1,25.1,52.8,0.0,10.4,198,Moderate,1023.6,39.0
2024-01-29,Chennai,Tamil Nadu,30.5,19.2,24.8,54.2,0.0,9.8,156,Moderate,1023.5,23.4
2024-01-30,Chennai,Tamil Nadu,31.6,16.5,24.0,49.2,0.0,7.1,194,Moderate,1020.6,4.9
2024-01-31,Chennai,Tamil Nadu,31.2,19.3,25.2,44.8,0.0,8.1,140,Moderate,1022.2,17.8
2024-02-01,Chennai,Tamil Nadu,30.3,18.8,24.6,51.7,0.0,8.6,181,Moderate,1021.3,14.1
2024-02-02,Chennai,Tamil Nadu,29.6,17.8,23.7,42.0,0.0,9.4,174,Moderate,1021.5,4.4
2024-02-03,Chennai,Tamil Nadu,29.0,17.4,23.2,45.6,0.0,11.5,126,Moderate,1024.4,12.3
2024-02-04,Chennai,Tamil Nadu,29.5,17.5,23.5,52.5,0.0,8.3,184,Moderate,1025.1,26.0
2024-02-05,Chennai,Tamil Nadu,30.9,18.3,24.6,41.5,0.0,6.6,156,Moderate,1016.8,9.8
2024-02-06,Chennai,Tamil Nadu,30.0,18.7,24.3,45.6,0.0,8.7,176,Moderate,1021.0,22.6
2024-02-07,Chennai,Tamil Nadu,29.8,17.1,23.5,53.8,0.0,7.9,166,Moderate,1021.1,0.0
2024-02-08,Chennai,Tamil Nadu,28.2,18.7,23.4,62.3,0.0,7.4,143,Moderate,1023.9,42.5
2024-02-09,Chennai,Tamil Nadu,29.9,18.3,24.1,59.9,0.0,10.9,142,Moderate,1018.4,13.1
2024-02-10,Chennai,Tamil Nadu,30.9,18.5,24.7,54.1,0.0,7.3,152,Moderate,1015.1,30.5
2024-02-11,Chennai,Tamil Nadu,32.0,18.2,25.1,52.6,0.0,6.8,195,Moderate,1022.5,20.7
2024-02-12,Chennai,Tamil Nadu,32.0,18.3,25.1,49.3,0.0,7.8,188,Moderate,1022.6,23.7
2024-02-13,Chennai,Tamil Nadu,31.8,17.7,24.8,43.9,0.0,8.6,215,Poor,1017.1,2.4
2024-02-14,Chennai,Tamil Nadu,31.1,18.6,24.9,51.0,0.0,8.8,154,Moderate,1020.3,7.5
2024-02-15,Chennai,Tamil Nadu,31.2,18.9,25.1,53.4,0.0,12.0,144,Moderate,1023.5,7.7
2024-02-16,Chennai,Tamil Nadu,33.1,20.1,26.6,51.5,0.0,7.5,169,Moderate,1017.7,17.5
2024-02-17,Chennai,Tamil Nadu,31.5,20.7,26.1,47.8,0.0,10.4,150,Moderate,1020.1,36.1
2024-02-18,Chennai,Tamil Nadu,31.0,18.8,24.9,52.3,0.0,7.8,150,Moderate,1021.1,24.3
2024-02-19,Chennai,Tamil Nadu,32.1,17.1,24.6,42.7,0.0,6.4,167,Moderate,1017.2,5.8
2024-02-20,Chennai,Tamil Nadu,31.3,18.9,25.1,47.5,0.0,11.6,166,Moderate,1018.7,19.3
2024-02-21,Chennai,Tamil Nadu,33.4,18.7,26.0,55.9,0.0,6.7,116,Moderate,1016.1,16.4
2024-02-22,Chennai,Tamil Nadu,30.4,19.0,24.7,42.1,0.0,9.1,142,Moderate,1019.4,13.5
2024-02-23,Chennai,Tamil Nadu,31.0,18.3,24.7,60.1,0.0,6.8,129,Moderate,1018.0,18.2
2024-02-24,Chennai,Tamil Nadu,30.1,18.4,24.2,54.7,0.0,9.6,147,Moderate,1020.0,29.4
2024-02-25,Chennai,Tamil Nadu,30.1,18.2,24.2,45.1,0.0,7.0,166,Moderate,1020.7,8.7
2024-02-26,Chennai,Tamil Nadu,31.1,17.8,24.5,48.7,0.0,6.6,181,Moderate,1022.0,13.8
2024-02-27,Chennai,Tamil Nadu,31.8,19.0,25.4,48.2,0.0,8.2,141,Moderate,1023.5,31.8
2024-02-28,Chennai,Tamil Nadu,32.2,18.3,25.3,47.5,0.0,6.3,156,Moderate,1019.2,24.7
2024-02-29,Chennai,Tamil Nadu,31.7,20.3,26.0,52.4,0.0,8.3,110,Moderate,1017.8,35.6
2024-03-01,Chennai,Tamil Nadu,29.6,20.7,25.2,51.6,0.0,10.4,122,Moderate,1017.8,38.4
2024-03-02,Chennai,Tamil Nadu,31.5,17.6,24.6,40.6,0.0,15.4,131,Moderate,1016.6,0.0
2024-03-03,Chennai,Tamil Nadu,32.2,19.5,25.9,48.0,0.0,9.0,111,Moderate,1019.0,21.9
2024-03-04,Chennai,Tamil Nadu,32.2,19.7,26.0,40.0,0.0,8.5,168,Moderate,1016.9,10.7
2024-03-05,Chennai,Tamil Nadu,33.1,19.5,26.3,37.8,0.0,11.7,143,Moderate,1018.7,0.9
2024-03-06,Chennai,Tamil Nadu,32.0,19.5,25.7,39.5,0.0,6.9,122,Moderate,1015.8,7.0
2024-03-07,Chennai,Tamil Nadu,30.8,18.4,24.6,56.8,2.1,7.3,105,Moderate,1016.9,14.5
2024-03-08,Chennai,Tamil Nadu,31.1,17.6,24.3,50.8,0.0,10.3,115,Moderate,1018.7,14.8
2024-03-09,Chennai,Tamil Nadu,33.0,18.8,25.9,49.4,0.0,7.7,116,Moderate,1017.0,9.5
2024-03-10,Chennai,Tamil Nadu,31.4,20.4,25.9,48.3,0.0,8.0,107,Moderate,1013.2,17.9
2024-03-11,Chennai,Tamil Nadu,29.9,20.7,25.3,58.9,0.0,8.7,99,Satisfactory,1017.1,52.7
2024-03-12,Chennai,Tamil Nadu,30.7,18.8,24.7,51.1,0.0,7.0,128,Moderate,1015.5,0.0
2024-03-13,Chennai,Tamil Nadu,31.7,18.8,25.3,54.4,0.0,6.6,149,Moderate,1019.2,34.5
2024-03-14,Chennai,Tamil Nadu,32.8,19.7,26.3,56.2,8.0,7.2,106,Moderate,1018.3,17.7
2024-03-15,Chennai,Tamil Nadu,31.5,20.9,26.2,46.6,0.0,7.9,136,Moderate,1011.7,11.9
2024-03-16,Chennai,Tamil Nadu,33.7,20.3,27.0,46.5,0.0,9.6,113,Moderate,1017.5,0.0
2024-03-17,Chennai,Tamil Nadu,32.0,20.8,26.4,53.8,0.0,8.6,135,Moderate,1016.7,28.7
2024-03-18,Chennai,Tamil Nadu,32.7,20.0,26.4,39.4,0.0,10.2,98,Satisfactory,1012.8,0.0
2024-03-19,Chennai,Tamil Nadu,32.1,19.6,25.8,51.3,3.1,8.5,121,Moderate,1017.5,30.0
2024-03-20,Chennai,Tamil Nadu,31.3,19.8,25.6,44.9,0.0,10.7,114,Moderate,1013.1,43.0
2024-03-21,Chennai,Tamil Nadu,33.9,20.2,27.1,42.9,0.0,8.1,146,Moderate,1017.4,0.0
2024-03-22,Chennai,Tamil Nadu,32.5,22.0,27.3,49.5,0.0,6.3,131,Moderate,1013.6,34.1
2024-03-23,Chennai,Tamil Nadu,31.9,20.4,26.2,46.7,0.0,7.5,120,Moderate,1012.0,18.8
2024-03-24,Chennai,Tamil Nadu,32.3,18.8,25.6,42.7,0.0,8.8,77,Satisfactory,1019.3,0.0
2024-03-25,Chennai,Tamil Nadu,30.8,18.0,24.4,48.8,0.0,10.0,93,Satisfactory,1012.1,2.8
2024-03-26,Chennai,Tamil Nadu,31.1,19.2,25.1,45.5,0.0,7.7,91,Satisfactory,1013.3,21.8
2024-03-27,Chennai,Tamil Nadu,31.6,19.3,25.4,59.7,0.0,9.0,86,Satisfactory,1013.4,24.8
2024-03-28,Chennai,Tamil Nadu,31.6,19.6,25.6,47.7,0.0,7.9,106,Moderate,1013.5,0.0
2024-03-29,Chennai,Tamil Nadu,31.5,20.1,25.8,45.0,0.0,7.3,110,Moderate,1015.6,19.6
2024-03-30,Chennai,Tamil Nadu,32.1,20.7,26.4,54.2,0.0,10.0,103,Moderate,1014.0,30.4
2024-03-31,Chennai,Tamil Nadu,33.4,20.7,27.1,55.9,1.2,9.4,123,Moderate,1015.5,32.5
2024-04-01,Chennai,Tamil Nadu,32.9,19.5,26.2,49.2,0.0,17.5,84,Satisfactory,1014.4,13.3
2024-04-02,Chennai,Tamil Nadu,31.9,20.2,26.1,45.2,0.0,7.7,71,Satisfactory,1010.2,25.4
2024-04-03,Chennai,Tamil Nadu,32.6,21.1,26.9,62.7,0.0,12.2,89,Satisfactory,1014.2,33.9
2024-04-04,Chennai,Tamil Nadu,31.4,20.3,25.9,55.0,0.0,6.8,110,Moderate,1013.7,31.6
2024-04-05,Chennai,Tamil Nadu,31.1,18.9,25.0,46.5,0.0,12.2,109,Moderate,1012.1,32.7
2024-04-06,Chennai,Tamil Nadu,30.3,18.0,24.1,52.2,0.0,8.6,85,Satisfactory,1017.5,22.5
2024-04-07,Chennai,Tamil Nadu,31.1,17.8,24.4,49.3,0.0,8.0,85,Satisfactory,1014.4,19.5
2024-04-08,Chennai,Tamil Nadu,30.0,19.6,24.8,51.3,0.0,9.5,107,Moderate,1014.8,24.5
2024-04-09,Chennai,Tamil Nadu,31.5,19.5,25.5,41.6,0.0,9.7,85,Satisfactory,1014.5,9.7
2024-04-10,Chennai,Tamil Nadu,31.1,19.9,25.5,53.7,0.0,11.7,39,Good,1011.5,36.1
2024-04-11,Chennai,Tamil Nadu,34.0,20.1,27.0,40.2,0.0,7.2,44,Good,1013.0,0.0
2024-04-12,Chennai,Tamil Nadu,35.0,20.1,27.5,45.1,0.0,6.8,124,Moderate,1012.1,12.6
2024-04-13,Chennai,Tamil Nadu,32.6,22.3,27.4,50.4,0.0,9.6,37,Good,1010.2,19.3
2024-04-14,Chennai,Tamil Nadu,33.3,21.8,27.6,47.6,0.0,9.4,70,Satisfactory,1008.7,26.5
2024-04-15,Chennai,Tamil Nadu,33.5,22.2,27.9,49.0,0.0,11.7,86,Satisfactory,1011.0,29.1
2024-04-16,Chennai,Tamil Nadu,31.7,21.0,26.4,58.6,0.0,7.9,36,Good,1012.3,41.9
2024-04-17,Chennai,Tamil Nadu,33.4,19.8,26.6,45.6,0.0,7.7,50,Good,1011.0,22.2
2024-04-18,Chennai,Tamil Nadu,34.2,20.7,27.5,43.8,0.0,9.5,40,Good,1010.2,10.7
2024-04-19,Chennai,Tamil Nadu,31.4,21.0,26.2,43.8,0.0,8.9,107,Moderate,1010.8,19.7
2024-04-20,Chennai,Tamil Nadu,34.0,20.3,27.1,44.7,0.0,10.1,107,Moderate,1009.7,16.9
2024-04-21,Chennai,Tamil Nadu,33.3,20.4,26.8,52.5,1.9,7.6,50,Good,1013.3,29.1
2024-04-22,Chennai,Tamil Nadu,33.6,20.5,27.1,50.1,0.0,12.4,66,Satisfactory,1010.5,6.9
2024-04-23,Chennai,Tamil Nadu,31.8,21.5,26.7,46.2,0.0,9.5,66,Satisfactory,1009.0,19.9
2024-04-24,Chennai,Tamil Nadu,31.5,21.5,26.5,59.1,2.9,11.8,43,Good,1006.2,45.4
2024-04-25,Chennai,Tamil Nadu,31.6,19.6,25.6,53.2,0.0,8.6,23,Good,1009.5,26.0
2024-04-26,Chennai,Tamil Nadu,33.1,19.4,26.3,41.6,0.0,7.7,111,Moderate,1008.4,8.7
2024-04-27,Chennai,Tamil Nadu,32.2,22.0,27.1,51.0,0.0,9.9,15,Good,1008.0,18.5
2024-04-28,Chennai,Tamil Nadu,35.2,22.7,29.0,50.9,0.0,10.6,54,Satisfactory,1010.4,0.0
2024-04-29,Chennai,Tamil Nadu,35.1,22.3,28.7,40.7,0.0,7.0,43,Good,1008.6,22.1
2024-04-30,Chennai,Tamil Nadu,33.2,21.7,27.4,66.8,0.0,15.3,56,Satisfactory,1005.3,47.1
2024-05-01,Chennai,Tamil Nadu,34.2,21.0,27.6,45.1,0.0,7.9,71,Satisfactory,1009.6,7.6
2024-05-02,Chennai,Tamil Nadu,35.2,21.0,28.1,38.9,0.0,9.4,25,Good,1004.9,3.9
2024-05-03,Chennai,Tamil Nadu,35.0,22.3,28.7,50.1,0.0,10.6,25,Good,1009.2,15.2
2024-05-04,Chennai,Tamil Nadu,34.3,22.7,28.5,58.9,0.0,9.2,15,Good,1006.7,37.8
2024-05-05,Chennai,Tamil Nadu,33.3,23.4,28.4,56.2,0.0,9.4,47,Good,1007.7,49.2
2024-05-06,Chennai,Tamil Nadu,35.1,23.7,29.4,54.7,8.3,9.4,49,Good,1007.1,31.4
2024-05-07,Chennai,Tamil Nadu,33.6,22.2,27.9,60.1,0.0,7.0,36,Good,1007.1,8.5
2024-05-08,Chennai,Tamil Nadu,34.7,22.6,28.6,54.1,0.0,9.6,33,Good,1007.4,26.2
2024-05-09,Chennai,Tamil Nadu,31.6,23.4,27.5,75.0,5.3,8.4,77,Satisfactory,1007.3,52.7
2024-05-10,Chennai,Tamil Nadu,33.8,21.6,27.7,60.1,0.0,12.1,49,Good,1010.7,23.7
2024-05-11,Chennai,Tamil Nadu,31.8,21.3,26.6,56.9,0.0,11.5,59,Satisfactory,1007.5,31.2
2024-05-12,Chennai,Tamil Nadu,33.3,22.1,27.7,57.8,0.0,7.5,15,Good,1007.1,32.5
2024-05-13,Chennai,Tamil Nadu,33.6,22.0,27.8,49.6,0.0,7.5,49,Good,1005.0,8.0
2024-05-14,Chennai,Tamil Nadu,32.1,22.6,27.4,61.1,6.6,16.0,15,Good,1007.2,44.4
2024-05-15,Chennai,Tamil Nadu,33.0,22.6,27.8,62.4,0.0,7.1,15,Good,1004.1,42.7
2024-05-16,Chennai,Tamil Nadu,35.2,21.6,28.4,48.7,0.0,8.5,15,Good,1008.1,3.1
2024-05-17,Chennai,Tamil Nadu,35.6,22.4,29.0,45.9,0.0,8.0,26,Good,1002.5,12.7
2024-05-18,Chennai,Tamil Nadu,35.8,25.2,30.5,59.7,9.0,13.1,15,Good,1003.2,17.5
2024-05-19,Chennai,Tamil Nadu,36.2,27.6,31.9,62.5,0.0,9.5,15,Good,1001.1,41.3
2024-05-20,Chennai,Tamil Nadu,36.4,26.0,31.2,47.1,0.0,8.7,16,Good,1005.2,21.4
2024-05-21,Chennai,Tamil Nadu,34.4,25.3,29.9,60.3,0.0,10.0,34,Good,1003.7,39.1
2024-05-22,Chennai,Tamil Nadu,34.8,22.7,28.7,64.4,3.9,15.9,15,Good,1006.1,32.3
2024-05-23,Chennai,Tamil Nadu,35.2,23.6,29.4,64.7,0.0,11.1,15,Good,1002.5,36.2
2024-05-24,Chennai,Tamil Nadu,33.6,24.8,29.2,58.7,0.0,11.1,38,Good,1005.4,43.0
2024-05-25,Chennai,Tamil Nadu,34.0,22.4,28.2,67.9,0.0,8.0,15,Good,1005.6,41.2
2024-05-26,Chennai,Tamil Nadu,34.0,22.6,28.3,62.7,0.0,13.1,15,Good,1004.7,37.9
2024-05-27,Chennai,Tamil Nadu,33.2,25.1,29.1,65.6,0.0,8.7,28,Good,1003.9,43.1
2024-05-28,Chennai,Tamil Nadu,33.8,25.1,29.5,59.1,6.5,11.2,15,Good,1003.9,42.1
2024-05-29,Chennai,Tamil Nadu,33.3,24.9,29.1,42.1,0.0,9.1,15,Good,1001.8,37.2
2024-05-30,Chennai,Tamil Nadu,33.7,23.7,28.7,59.8,0.0,10.5,15,Good,1001.4,35.2
2024-05-31,Chennai,Tamil Nadu,32.6,24.8,28.7,74.3,0.0,10.5,44,Good,1004.5,68.5
2024-06-01,Chennai,Tamil Nadu,33.5,23.5,28.5,64.3,7.4,21.3,15,Good,1002.6,36.9
2024-06-02,Chennai,Tamil Nadu,31.9,25.8,28.8,74.6,0.0,9.9,15,Good,1004.0,63.0
2024-06-03,Chennai,Tamil Nadu,33.5,24.8,29.2,71.0,0.0,11.3,15,Good,1005.9,35.0
2024-06-04,Chennai,Tamil Nadu,35.0,26.2,30.6,67.9,3.5,10.5,15,Good,1001.4,56.0
2024-06-05,Chennai,Tamil Nadu,35.2,27.1,31.1,70.7,0.0,9.1,34,Good,1000.8,70.2
2024-06-06,Chennai,Tamil Nadu,35.4,27.9,31.7,55.7,0.0,11.8,15,Good,1001.1,41.1
2024-06-07,Chennai,Tamil Nadu,35.5,27.1,31.3,59.0,0.0,13.3,24,Good,1001.8,37.7
2024-06-08,Chennai,Tamil Nadu,34.3,24.0,29.1,63.5,0.0,9.5,18,Good,1003.4,43.3
2024-06-09,Chennai,Tamil Nadu,32.3,24.8,28.6,75.6,0.0,10.7,15,Good,1002.1,50.4
2024-06-10,Chennai,Tamil Nadu,33.1,24.8,28.9,72.7,0.0,11.4,26,Good,1006.1,55.9
2024-06-11,Chennai,Tamil Nadu,33.5,26.2,29.8,70.6,0.0,13.3,15,Good,1002.4,51.3
2024-06-12,Chennai,Tamil Nadu,35.6,25.9,30.7,68.8,0.0,13.5,15,Good,1002.7,46.4
2024-06-13,Chennai,Tamil Nadu,33.2,28.7,30.9,76.1,0.0,9.4,17,Good,1000.9,80.5
2024-06-14,Chennai,Tamil Nadu,34.7,26.5,30.6,79.1,0.0,18.0,15,Good,1003.0,51.6
2024-06-15,Chennai,Tamil Nadu,35.5,25.7,30.6,74.5,10.0,12.8,15,Good,1000.4,46.7
2024-06-16,Chennai,Tamil Nadu,34.2,26.4,30.3,84.6,14.5,11.7,15,Good,999.5,68.2
2024-06-17,Chennai,Tamil Nadu,34.1,27.4,30.8,69.1,7.7,13.7,15,Good,1002.4,69.1
2024-06-18,Chennai,Tamil Nadu,33.6,27.8,30.7,85.4,16.0,15.9,15,Good,1000.3,78.1
2024-06-19,Chennai,Tamil Nadu,32.9,27.3,30.1,83.2,10.1,11.6,15,Good,1001.0,86.6
2024-06-20,Chennai,Tamil Nadu,33.8,27.8,30.8,79.5,0.0,11.5,15,Good,1002.2,65.0
2024-06-21,Chennai,Tamil Nadu,34.1,26.4,30.2,87.1,5.8,10.4,15,Good,1000.5,57.5
2024-06-22,Chennai,Tamil Nadu,33.8,24.6,29.2,75.1,0.0,11.7,15,Good,1000.1,36.5
2024-06-23,Chennai,Tamil Nadu,32.1,24.4,28.3,84.1,2.3,13.6,15,Good,999.5,51.5
2024-06-24,Chennai,Tamil Nadu,32.8,24.8,28.8,80.4,10.9,11.8,15,Good,1002.5,68.2
2024-06-25,Chennai,Tamil Nadu,34.2,27.0,30.6,80.5,7.6,11.8,15,Good,999.1,48.6
2024-06-26,Chennai,Tamil Nadu,34.7,27.8,31.3,71.3,31.9,17.7,15,Good,999.4,43.4
2024-06-27,Chennai,Tamil Nadu,34.3,27.9,31.1,85.0,18.7,13.2,15,Good,1000.0,67.6
2024-06-28,Chennai,Tamil Nadu,35.2,28.9,32.1,89.3,2.7,13.2,15,Good,999.7,77.8
2024-06-29,Chennai,Tamil Nadu,35.8,28.9,32.3,90.2,16.7,14.1,15,Good,1001.0,64.2
2024-06-30,Chennai,Tamil Nadu,34.8,29.2,32.0,85.1,7.9,15.3,15,Good,998.8,81.2
2024-07-01,Chennai,Tamil Nadu,34.0,29.2,31.6,86.7,11.0,13.0,15,Good,1001.8,78.3
2024-07-02,Chennai,Tamil Nadu,34.8,30.3,32.6,87.6,8.2,11.5,17,Good,998.2,86.0
2024-07-03,Chennai,Tamil Nadu,34.2,30.3,32.3,93.3,35.3,14.1,15,Good,999.4,100.0
2024-07-04,Chennai,Tamil Nadu,34.9,31.1,33.0,89.7,33.6,16.0,15,Good,998.1,100.0
2024-07-05,Chennai,Tamil Nadu,35.0,28.3,31.7,81.3,5.8,14.2,15,Good,1003.0,82.9
2024-07-06,Chennai,Tamil Nadu,34.8,27.9,31.3,84.1,24.8,15.0,15,Good,998.1,67.1
2024-07-07,Chennai,Tamil Nadu,32.1,26.7,29.4,92.9,6.8,12.6,15,Good,998.8,76.2
2024-07-08,Chennai,Tamil Nadu,33.1,27.5,30.3,96.8,0.0,12.1,21,Good,999.3,97.5
2024-07-09,Chennai,Tamil Nadu,35.6,28.3,31.9,91.8,0.0,13.7,15,Good,998.0,62.6
2024-07-10,Chennai,Tamil Nadu,33.8,30.6,32.2,100.0,11.4,12.5,15,Good,999.1,95.7
2024-07-11,Chennai,Tamil Nadu,33.1,30.1,31.6,90.1,4.8,17.5,15,Good,1001.1,73.9
2024-07-12,Chennai,Tamil Nadu,34.1,29.8,32.0,85.7,0.0,14.6,15,Good,998.8,79.8
2024-07-13,Chennai,Tamil Nadu,34.5,27.3,30.9,93.8,12.1,12.7,15,Good,999.2,66.4
2024-07-14,Chennai,Tamil Nadu,33.5,25.6,29.6,91.7,4.9,11.9,15,Good,998.7,60.3
2024-07-15,Chennai,Tamil Nadu,33.0,28.7,30.9,92.8,9.5,16.4,15,Good,997.8,74.5
2024-07-16,Chennai,Tamil Nadu,33.2,28.2,30.7,100.0,28.3,12.1,15,Good,999.1,97.1
2024-07-17,Chennai,Tamil Nadu,34.0,27.2,30.6,95.8,10.2,13.6,15,Good,998.9,69.4
2024-07-18,Chennai,Tamil Nadu,33.0,27.5,30.2,100.0,2.0,14.2,26,Good,1001.4,100.0
2024-07-19,Chennai,Tamil Nadu,34.0,27.0,30.5,95.2,26.2,12.2,15,Good,997.1,71.7
2024-07-20,Chennai,Tamil Nadu,35.8,27.9,31.8,96.0,17.3,13.4,15,Good,1001.6,64.1
2024-07-21,Chennai,Tamil Nadu,35.1,29.3,32.2,92.2,23.2,17.1,15,Good,998.3,82.5
2024-07-22,Chennai,Tamil Nadu,34.6,29.2,31.9,92.8,11.7,11.7,15,Good,999.0,88.7
2024-07-23,Chennai,Tamil Nadu,32.7,27.8,30.3,96.0,11.6,16.4,15,Good,997.1,82.9
2024-07-24,Chennai,Tamil Nadu,33.6,27.4,30.5,91.0,51.3,14.1,15,Good,1000.4,82.2
2024-07-25,Chennai,Tamil Nadu,32.2,29.2,30.7,100.0,17.5,12.6,15,Good,997.3,100.0
2024-07-26,Chennai,Tamil Nadu,32.2,26.9,29.5,97.9,0.0,11.7,15,Good,1000.4,81.8
2024-07-27,Chennai,Tamil Nadu,32.6,26.1,29.3,95.4,81.5,13.4,15,Good,1000.3,73.9
2024-07-28,Chennai,Tamil Nadu,33.5,25.5,29.5,91.6,49.9,12.6,15,Good,999.2,64.4
2024-07-29,Chennai,Tamil Nadu,32.5,28.6,30.5,100.0,3.7,13.3,15,Good,995.5,97.2
2024-07-30,Chennai,Tamil Nadu,33.0,26.0,29.5,99.8,4.7,15.0,15,Good,1004.3,73.7
2024-07-31,Chennai,Tamil Nadu,32.3,26.5,29.4,94.8,3.0,11.5,36,Good,998.0,74.9
2024-08-01,Chennai,Tamil Nadu,31.7,26.1,28.9,100.0,11.2,13.8,15,Good,1000.9,94.1
2024-08-02,Chennai,Tamil Nadu,30.9,27.5,29.2,100.0,0.0,18.9,15,Good,998.9,100.0
2024-08-03,Chennai,Tamil Nadu,33.3,27.0,30.2,92.5,0.1,12.6,15,Good,1002.4,81.4
2024-08-04,Chennai,Tamil Nadu,33.2,27.4,30.3,88.9,6.9,14.4,15,Good,999.6,75.4
2024-08-05,Chennai,Tamil Nadu,33.3,28.6,31.0,94.2,0.0,11.1,37,Good,998.8,76.3
2024-08-06,Chennai,Tamil Nadu,34.2,27.9,31.1,93.2,4.1,11.3,15,Good,1001.6,69.4
2024-08-07,Chennai,Tamil Nadu,34.1,26.5,30.3,94.1,8.9,12.1,15,Good,998.2,70.7
2024-08-08,Chennai,Tamil Nadu,32.6,27.2,29.9,95.6,9.3,16.9,15,Good,1000.2,70.4
2024-08-09,Chennai,Tamil Nadu,32.1,28.4,30.2,90.9,2.5,12.2,15,Good,1002.4,87.3
2024-08-10,Chennai,Tamil Nadu,32.7,26.1,29.4,84.6,20.9,14.2,15,Good,1004.4,73.1
2024-08-11,Chennai,Tamil Nadu,30.8,27.6,29.2,92.8,0.0,12.1,56,Satisfactory,999.7,92.8
2024-08-12,Chennai,Tamil Nadu,33.7,25.7,29.7,93.0,3.6,11.2,15,Good,1000.4,71.1
2024-08-13,Chennai,Tamil Nadu,33.6,25.3,29.5,84.3,10.6,12.5,15,Good,1002.6,67.0
2024-08-14,Chennai,Tamil Nadu,34.2,27.8,31.0,82.3,19.5,14.2,32,Good,997.6,88.3
2024-08-15,Chennai,Tamil Nadu,35.3,28.6,31.9,87.3,9.6,15.6,15,Good,1004.3,69.4
2024-08-16,Chennai,Tamil Nadu,36.0,27.5,31.8,82.8,0.0,12.5,15,Good,999.8,66.6
2024-08-17,Chennai,Tamil Nadu,35.4,27.3,31.3,77.1,11.8,13.7,15,Good,1001.2,68.2
2024-08-18,Chennai,Tamil Nadu,33.5,28.5,31.0,90.1,40.4,12.7,15,Good,1002.9,87.6
2024-08-19,Chennai,Tamil Nadu,34.9,26.7,30.8,83.7,5.8,12.8,16,Good,1002.7,70.6
2024-08-20,Chennai,Tamil Nadu,33.3,28.3,30.8,96.1,0.0,11.0,15,Good,1000.8,82.9
2024-08-21,Chennai,Tamil Nadu,35.0,27.8,31.4,82.3,6.5,11.1,34,Good,1006.2,60.8
2024-08-22,Chennai,Tamil Nadu,33.8,29.4,31.6,88.0,4.4,10.6,27,Good,997.8,78.3
2024-08-23,Chennai,Tamil Nadu,34.5,27.2,30.9,82.2,0.0,11.4,46,Good,1001.1,65.9
2024-08-24,Chennai,Tamil Nadu,33.8,27.5,30.6,80.7,2.7,14.4,43,Good,1002.3,74.1
2024-08-25,Chennai,Tamil Nadu,33.7,27.5,30.6,80.7,0.0,16.8,15,Good,1001.9,74.3
2024-08-26,Chennai,Tamil Nadu,34.5,26.1,30.3,82.1,0.0,14.3,51,Satisfactory,1006.5,46.9
2024-08-27,Chennai,Tamil Nadu,33.9,26.7,30.3,82.8,0.0,12.9,28,Good,1001.0,60.1
2024-08-28,Chennai,Tamil Nadu,33.2,26.2,29.7,74.0,0.0,11.9,56,Satisfactory,1007.8,71.8
2024-08-29,Chennai,Tamil Nadu,33.9,25.7,29.8,74.8,0.0,14.0,44,Good,1004.3,73.0
2024-08-30,Chennai,Tamil Nadu,31.7,25.9,28.8,75.6,9.6,24.4,40,Good,1002.6,74.6
2024-08-31,Chennai,Tamil Nadu,32.6,23.7,28.2,83.0,0.0,12.1,41,Good,1001.5,57.9
2024-09-01,Chennai,Tamil Nadu,34.0,26.9,30.5,70.6,0.0,12.8,32,Good,1004.9,75.6
2024-09-02,Chennai,Tamil Nadu,35.0,25.5,30.2,75.8,12.0,12.0,22,Good,1004.2,44.0
2024-09-03,Chennai,Tamil Nadu,34.8,24.8,29.8,70.9,0.0,17.4,15,Good,1006.4,31.6
2024-09-04,Chennai,Tamil Nadu,35.5,27.2,31.3,71.2,0.0,11.0,67,Satisfactory,1004.8,46.7
2024-09-05,Chennai,Tamil Nadu,37.6,29.4,33.5,70.0,0.0,9.9,30,Good,1007.3,65.1
2024-09-06,Chennai,Tamil Nadu,37.7,27.1,32.4,71.4,10.7,12.8,56,Satisfactory,1005.6,32.8
2024-09-07,Chennai,Tamil Nadu,36.5,26.8,31.6,64.7,2.6,9.7,50,Satisfactory,1005.4,26.9
2024-09-08,Chennai,Tamil Nadu,36.7,27.2,32.0,55.1,0.0,11.7,15,Good,1008.4,22.3
2024-09-09,Chennai,Tamil Nadu,36.9,28.2,32.6,62.5,0.0,11.0,90,Satisfactory,1006.9,55.4
2024-09-10,Chennai,Tamil Nadu,37.1,25.7,31.4,53.8,1.8,11.8,15,Good,1008.6,24.6
2024-09-11,Chennai,Tamil Nadu,35.1,25.3,30.2,74.5,6.2,10.9,53,Satisfactory,1009.9,52.3
2024-09-12,Chennai,Tamil Nadu,36.0,25.0,30.5,72.0,0.0,8.5,73,Satisfactory,1007.1,39.0
2024-09-13,Chennai,Tamil Nadu,35.9,25.2,30.5,68.1,0.1,12.0,15,Good,1008.0,31.8
2024-09-14,Chennai,Tamil Nadu,37.2,26.8,32.0,59.2,0.0,11.3,74,Satisfactory,1009.4,26.9
2024-09-15,Chennai,Tamil Nadu,37.1,27.5,32.3,55.6,0.0,13.6,45,Good,1003.0,42.7
2024-09-16,Chennai,Tamil Nadu,36.4,27.0,31.7,54.3,0.0,9.2,67,Satisfactory,1008.1,28.8
2024-09-17,Chennai,Tamil Nadu,36.0,26.7,31.4,56.5,0.0,8.1,107,Moderate,1008.1,38.6
2024-09-18,Chennai,Tamil Nadu,35.2,25.6,30.4,62.7,0.0,11.9,72,Satisfactory,1009.8,44.1
2024-09-19,Chennai,Tamil Nadu,35.1,25.8,30.5,69.8,0.0,11.7,63,Satisfactory,1007.6,46.2
2024-09-20,Chennai,Tamil Nadu,35.2,25.8,30.5,70.1,0.0,11.5,69,Satisfactory,1011.6,49.9
2024-09-21,Chennai,Tamil Nadu,35.2,26.5,30.8,57.4,0.0,17.1,99,Satisfactory,1008.1,38.2
2024-09-22,Chennai,Tamil Nadu,36.5,26.2,31.4,43.9,0.0,7.5,96,Satisfactory,1008.7,20.1
2024-09-23,Chennai,Tamil Nadu,37.0,26.2,31.6,53.1,0.0,7.7,68,Satisfactory,1008.4,40.5
2024-09-24,Chennai,Tamil Nadu,35.4,26.3,30.8,65.5,0.0,8.1,78,Satisfactory,1012.6,42.9
2024-09-25,Chennai,Tamil Nadu,35.3,25.2,30.3,58.1,4.7,11.8,50,Good,1006.4,30.8
2024-09-26,Chennai,Tamil Nadu,37.4,26.3,31.8,52.9,0.0,13.2,68,Satisfactory,1013.9,27.7
2024-09-27,Chennai,Tamil Nadu,34.2,26.8,30.5,61.7,0.0,9.9,124,Moderate,1013.9,66.5
2024-09-28,Chennai,Tamil Nadu,37.9,24.7,31.3,47.3,0.0,11.1,83,Satisfactory,1009.8,12.7
2024-09-29,Chennai,Tamil Nadu,36.4,27.2,31.8,49.6,2.7,8.4,64,Satisfactory,1013.0,36.8
2024-09-30,Chennai,Tamil Nadu,38.0,27.9,33.0,66.1,0.0,8.0,108,Moderate,1011.1,43.2
2024-10-01,Chennai,Tamil Nadu,37.9,27.3,32.6,59.9,0.0,7.5,93,Satisfactory,1014.4,23.4
2024-10-02,Chennai,Tamil Nadu,38.5,27.0,32.8,47.1,0.0,10.9,106,Moderate,1013.2,25.1
2024-10-03,Chennai,Tamil Nadu,38.1,27.0,32.5,41.5,0.0,12.6,86,Satisfactory,1015.9,21.5
2024-10-04,Chennai,Tamil Nadu,37.1,25.9,31.5,52.9,7.0,7.6,132,Moderate,1008.9,27.2
2024-10-05,Chennai,Tamil Nadu,37.9,26.3,32.1,53.1,0.0,8.1,86,Satisfactory,1012.4,38.9
2024-10-06,Chennai,Tamil Nadu,36.8,25.9,31.3,53.9,0.0,8.5,81,Satisfactory,1009.0,23.5
2024-10-07,Chennai,Tamil Nadu,35.4,27.8,31.6,64.6,0.0,7.6,132,Moderate,1011.5,69.2
2024-10-08,Chennai,Tamil Nadu,35.9,24.4,30.2,44.4,0.0,10.0,62,Satisfactory,1017.7,19.7
2024-10-09,Chennai,Tamil Nadu,36.9,25.4,31.2,61.1,0.0,8.6,108,Moderate,1014.0,44.3
2024-10-10,Chennai,Tamil Nadu,37.3,26.4,31.9,49.4,0.4,13.1,119,Moderate,1015.0,31.8
2024-10-11,Chennai,Tamil Nadu,36.8,24.2,30.5,53.7,0.0,7.9,68,Satisfactory,1014.6,26.1
2024-10-12,Chennai,Tamil Nadu,35.2,25.3,30.3,53.5,0.0,11.5,110,Moderate,1014.8,44.9
2024-10-13,Chennai,Tamil Nadu,37.3,23.0,30.2,49.7,0.0,7.1,89,Satisfactory,1013.0,1.6
2024-10-14,Chennai,Tamil Nadu,36.0,24.4,30.2,39.3,0.0,8.0,80,Satisfactory,1012.8,29.6
2024-10-15,Chennai,Tamil Nadu,35.4,22.5,29.0,52.0,0.0,9.4,96,Satisfactory,1013.7,14.0
2024-10-16,Chennai,Tamil Nadu,34.4,23.7,29.1,44.7,0.0,9.8,115,Moderate,1009.5,17.5
2024-10-17,Chennai,Tamil Nadu,34.3,23.7,29.0,48.9,0.0,13.5,96,Satisfactory,1014.9,16.6
2024-10-18,Chennai,Tamil Nadu,35.9,22.2,29.1,52.9,0.0,9.7,147,Moderate,1015.7,9.5
2024-10-19,Chennai,Tamil Nadu,37.6,23.2,30.4,39.5,0.0,9.7,126,Moderate,1013.8,0.0
2024-10-20,Chennai,Tamil Nadu,35.5,21.7,28.6,46.0,4.6,7.4,117,Moderate,1015.5,28.1
2024-10-21,Chennai,Tamil Nadu,33.2,22.8,28.0,47.9,0.0,7.6,104,Moderate,1017.1,21.8
2024-10-22,Chennai,Tamil Nadu,34.2,21.6,27.9,46.8,0.0,8.0,138,Moderate,1018.0,18.4
2024-10-23,Chennai,Tamil Nadu,34.1,24.0,29.1,45.8,0.0,8.8,178,Moderate,1013.7,32.2
2024-10-24,Chennai,Tamil Nadu,34.5,23.8,29.2,50.3,0.0,8.6,119,Moderate,1014.6,27.6
2024-10-25,Chennai,Tamil Nadu,33.6,22.0,27.8,49.4,0.0,9.7,121,Moderate,1018.3,18.2
2024-10-26,Chennai,Tamil Nadu,32.9,23.6,28.2,60.6,0.0,12.8,104,Moderate,1018.0,64.1
2024-10-27,Chennai,Tamil Nadu,34.6,24.3,29.5,46.7,0.0,8.9,165,Moderate,1019.3,34.7
2024-10-28,Chennai,Tamil Nadu,34.8,25.1,29.9,49.9,0.0,10.7,156,Moderate,1019.2,54.2
2024-10-29,Chennai,Tamil Nadu,36.7,23.5,30.1,44.9,0.0,7.4,136,Moderate,1021.5,13.9
2024-10-30,Chennai,Tamil Nadu,36.1,23.2,29.6,46.6,0.0,13.5,118,Moderate,1016.4,23.3
2024-10-31,Chennai,Tamil Nadu,37.0,23.0,30.0,41.7,0.0,8.7,124,Moderate,1020.2,2.1
2024-11-01,Chennai,Tamil Nadu,36.5,23.6,30.0,41.9,0.0,13.4,128,Moderate,1015.3,14.6
2024-11-02,Chennai,Tamil Nadu,35.0,22.6,28.8,47.3,0.0,8.2,171,Moderate,1022.4,11.6
2024-11-03,Chennai,Tamil Nadu,34.3,25.7,30.0,50.8,0.0,8.0,152,Moderate,1018.4,60.8
2024-11-04,Chennai,Tamil Nadu,37.3,23.9,30.6,42.9,0.0,7.6,181,Moderate,1018.5,8.7
2024-11-05,Chennai,Tamil Nadu,36.6,25.3,31.0,43.0,0.0,7.1,140,Moderate,1019.4,14.8
2024-11-06,Chennai,Tamil Nadu,38.6,25.0,31.8,40.4,0.0,11.3,95,Satisfactory,1014.7,0.0
2024-11-07,Chennai,Tamil Nadu,36.6,26.0,31.3,52.3,0.0,7.4,215,Poor,1015.5,25.0
2024-11-08,Chennai,Tamil Nadu,38.2,25.1,31.7,35.0,0.0,9.4,158,Moderate,1017.9,4.6
2024-11-09,Chennai,Tamil Nadu,35.4,25.2,30.3,36.4,0.0,6.9,179,Moderate,1018.9,30.8
2024-11-10,Chennai,Tamil Nadu,36.2,23.1,29.6,39.1,0.0,14.7,125,Moderate,1022.6,0.0
2024-11-11,Chennai,Tamil Nadu,34.5,22.9,28.7,40.6,0.0,11.4,123,Moderate,1017.0,17.0
2024-11-12,Chennai,Tamil Nadu,35.3,22.6,29.0,27.4,0.0,11.1,158,Moderate,1022.0,0.0
2024-11-13,Chennai,Tamil Nadu,33.8,21.3,27.5,54.9,0.0,9.0,117,Moderate,1018.9,12.3
2024-11-14,Chennai,Tamil Nadu,32.0,22.1,27.1,50.0,0.0,8.4,158,Moderate,1019.1,15.4
2024-11-15,Chennai,Tamil Nadu,32.0,21.2,26.6,49.9,0.0,7.7,189,Moderate,1019.6,11.2
2024-11-16,Chennai,Tamil Nadu,34.3,20.8,27.5,44.6,0.0,13.2,164,Moderate,1019.2,11.9
2024-11-17,Chennai,Tamil Nadu,33.8,22.4,28.1,52.1,0.0,6.6,177,Moderate,1020.7,32.1
2024-11-18,Chennai,Tamil Nadu,33.4,24.0,28.7,51.0,0.0,10.2,202,Poor,1018.9,48.5
2024-11-19,Chennai,Tamil Nadu,35.2,22.4,28.8,51.4,0.0,7.4,180,Moderate,1016.9,22.7
2024-11-20,Chennai,Tamil Nadu,35.5,23.0,29.2,44.2,0.0,6.9,133,Moderate,1019.2,5.6
2024-11-21,Chennai,Tamil Nadu,34.6,23.0,28.8,46.2,0.0,8.0,169,Moderate,1020.9,18.7
2024-11-22,Chennai,Tamil Nadu,33.8,22.1,28.0,46.0,0.0,8.0,216,Poor,1017.5,13.3
2024-11-23,Chennai,Tamil Nadu,35.2,21.9,28.5,56.5,0.0,9.5,164,Moderate,1021.4,30.3
2024-11-24,Chennai,Tamil Nadu,33.8,21.6,27.7,48.8,0.0,11.7,207,Poor,1022.9,22.3
2024-11-25,Chennai,Tamil Nadu,33.7,20.0,26.9,38.5,0.0,8.3,198,Moderate,1023.8,0.0
2024-11-26,Chennai,Tamil Nadu,33.3,21.7,27.5,52.3,0.0,6.4,173,Moderate,1021.5,33.6
2024-11-27,Chennai,Tamil Nadu,32.0,22.6,27.3,52.8,0.0,7.3,157,Moderate,1017.3,31.9
2024-11-28,Chennai,Tamil Nadu,32.2,22.1,27.1,51.4,0.0,8.3,186,Moderate,1022.4,39.3
2024-11-29,Chennai,Tamil Nadu,33.2,20.1,26.7,46.0,0.0,7.8,209,Poor,1023.2,11.4
2024-11-30,Chennai,Tamil Nadu,32.1,20.2,26.1,43.9,0.0,10.1,141,Moderate,1020.1,23.1
2024-12-01,Chennai,Tamil Nadu,33.9,18.4,26.2,45.1,0.0,9.4,181,Moderate,1021.4,2.2
2024-12-02,Chennai,Tamil Nadu,32.1,20.4,26.3,42.0,0.0,10.7,131,Moderate,1022.6,18.0
2024-12-03,Chennai,Tamil Nadu,32.8,20.0,26.4,48.0,0.0,6.2,181,Moderate,1025.2,24.1
2024-12-04,Chennai,Tamil Nadu,33.6,19.9,26.7,42.4,0.0,11.4,139,Moderate,1021.1,9.4
2024-12-05,Chennai,Tamil Nadu,33.5,21.4,27.5,53.0,0.0,6.5,201,Poor,1023.3,22.6
2024-12-06,Chennai,Tamil Nadu,31.6,19.3,25.5,57.1,0.0,9.9,165,Moderate,1022.8,21.3
2024-12-07,Chennai,Tamil Nadu,32.8,20.5,26.6,40.7,0.0,12.3,200,Poor,1022.3,11.9
2024-12-08,Chennai,Tamil Nadu,30.8,21.9,26.3,52.3,0.0,6.2,180,Moderate,1024.7,37.9
2024-12-09,Chennai,Tamil Nadu,32.9,20.1,26.5,45.6,0.0,8.4,173,Moderate,1020.4,14.9
2024-12-10,Chennai,Tamil Nadu,33.1,20.6,26.9,50.2,0.0,7.8,153,Moderate,1022.4,19.8
2024-12-11,Chennai,Tamil Nadu,32.6,18.6,25.6,45.0,0.0,6.8,200,Poor,1022.4,0.0
2024-12-12,Chennai,Tamil Nadu,32.0,20.2,26.1,47.8,0.0,6.2,205,Poor,1019.3,25.6
2024-12-13,Chennai,Tamil Nadu,34.1,20.4,27.2,46.2,0.0,11.4,201,Poor,1024.5,11.0
2024-12-14,Chennai,Tamil Nadu,31.3,20.8,26.1,50.1,0.0,6.8,208,Poor,1024.1,31.7
2024-12-15,Chennai,Tamil Nadu,34.1,19.1,26.6,51.7,0.0,19.4,170,Moderate,1022.4,0.0
2024-12-16,Chennai,Tamil Nadu,32.8,21.9,27.3,44.4,0.0,6.9,207,Poor,1021.6,23.5
2024-12-17,Chennai,Tamil Nadu,34.4,21.0,27.7,44.2,0.0,6.9,210,Poor,1022.1,0.0
2024-12-18,Chennai,Tamil Nadu,32.8,20.4,26.6,52.1,0.0,6.1,217,Poor,1023.8,26.5
2024-12-19,Chennai,Tamil Nadu,32.6,20.6,26.6,49.3,0.0,6.8,162,Moderate,1022.6,15.4
2024-12-20,Chennai,Tamil Nadu,33.6,21.0,27.3,46.8,0.0,7.1,185,Moderate,1021.0,23.0
2024-12-21,Chennai,Tamil Nadu,33.2,20.7,26.9,52.4,0.0,8.5,156,Moderate,1021.4,9.2
2024-12-22,Chennai,Tamil Nadu,33.5,20.2,26.9,34.0,0.0,9.9,195,Moderate,1022.4,4.3
2024-12-23,Chennai,Tamil Nadu,33.1,20.6,26.8,40.6,0.0,7.5,230,Poor,1020.6,11.5
2024-12-24,Chennai,Tamil Nadu,31.8,20.4,26.1,52.0,0.0,9.9,208,Poor,1023.4,20.7
2024-12-25,Chennai,Tamil Nadu,32.4,18.5,25.5,46.0,0.0,13.9,165,Moderate,1021.3,26.4
2024-12-26,Chennai,Tamil Nadu,31.3,20.2,25.8,44.6,0.0,8.0,205,Poor,1020.9,22.4
2024-12-27,Chennai,Tamil Nadu,31.1,20.3,25.7,43.2,0.0,7.6,203,Poor,1029.3,5.0
2024-12-28,Chennai,Tamil Nadu,30.6,20.9,25.7,50.1,0.0,6.9,202,Poor,1026.7,43.8
2024-12-29,Chennai,Tamil Nadu,30.0,18.0,24.0,54.1,0.0,8.5,164,Moderate,1023.6,23.8
2024-12-30,Chennai,Tamil Nadu,31.0,18.6,24.8,51.8,0.0,13.1,210,Poor,1024.9,9.9
2024-12-31,Chennai,Tamil Nadu,32.6,19.8,26.2,49.7,0.0,8.4,167,Moderate,1024.8,23.7
2025-01-01,Chennai,Tamil Nadu,31.5,18.6,25.0,55.0,0.0,10.0,181,Moderate,1022.9,22.0
2025-01-02,Chennai,Tamil Nadu,30.7,18.6,24.7,41.8,0.0,8.5,214,Poor,1023.7,16.2
2025-01-03,Chennai,Tamil Nadu,30.3,19.5,24.9,48.5,0.0,8.4,185,Moderate,1022.6,14.4
2025-01-04,Chennai,Tamil Nadu,30.0,20.0,25.0,58.7,0.0,17.9,170,Moderate,1025.6,32.2
2025-01-05,Chennai,Tamil Nadu,31.4,20.8,26.1,58.2,0.0,9.3,193,Moderate,1025.3,41.9
2025-01-06,Chennai,Tamil Nadu,32.7,20.8,26.8,50.8,0.0,10.9,187,Moderate,1025.7,0.0
2025-01-07,Chennai,Tamil Nadu,32.6,21.9,27.2,47.8,0.0,9.7,192,Moderate,1022.9,34.2
2025-01-08,Chennai,Tamil Nadu,34.7,20.9,27.8,51.1,0.0,8.5,197,Moderate,1026.6,16.9
2025-01-09,Chennai,Tamil Nadu,33.4,21.0,27.2,45.6,0.0,7.5,196,Moderate,1022.2,20.3
2025-01-10,Chennai,Tamil Nadu,33.7,22.6,28.1,53.3,0.0,12.9,160,Moderate,1026.2,35.3
2025-01-11,Chennai,Tamil Nadu,33.8,21.3,27.5,49.6,0.0,6.4,163,Moderate,1021.3,0.0
2025-01-12,Chennai,Tamil Nadu,31.4,19.7,25.5,47.0,0.0,7.3,216,Poor,1020.2,29.3
2025-01-13,Chennai,Tamil Nadu,31.8,21.1,26.4,42.3,0.0,7.3,217,Poor,1026.5,35.3
2025-01-14,Chennai,Tamil Nadu,33.1,19.9,26.5,54.8,0.0,11.2,191,Moderate,1023.7,7.7
2025-01-15,Chennai,Tamil Nadu,33.3,19.1,26.2,46.4,0.0,13.2,185,Moderate,1023.5,0.0
2025-01-16,Chennai,Tamil Nadu,32.8,21.2,27.0,51.6,0.0,6.6,174,Moderate,1021.5,39.9
2025-01-17,Chennai,Tamil Nadu,33.4,19.8,26.6,42.9,0.0,8.2,136,Moderate,1020.6,0.0
2025-01-18,Chennai,Tamil Nadu,32.0,19.7,25.9,39.0,0.0,11.1,176,Moderate,1020.9,23.5
2025-01-19,Chennai,Tamil Nadu,30.7,20.0,25.3,52.8,0.0,7.4,149,Moderate,1022.8,32.3
2025-01-20,Chennai,Tamil Nadu,31.2,18.2,24.7,47.8,0.0,9.9,188,Moderate,1022.3,23.9
2025-01-21,Chennai,Tamil Nadu,30.9,20.0,25.4,50.5,0.0,8.1,217,Poor,1018.5,25.8
2025-01-22,Chennai,Tamil Nadu,31.8,19.5,25.6,47.7,0.0,15.9,153,Moderate,1025.7,14.0
2025-01-23,Chennai,Tamil Nadu,31.9,18.9,25.4,33.1,0.0,7.5,176,Moderate,1021.4,24.4
2025-01-24,Chennai,Tamil Nadu,31.7,19.2,25.5,48.8,0.0,10.4,158,Moderate,1024.7,7.9
2025-01-25,Chennai,Tamil Nadu,30.0,18.5,24.3,48.7,0.0,7.7,187,Moderate,1021.1,10.5
2025-01-26,Chennai,Tamil Nadu,30.4,18.6,24.5,51.1,0.0,8.9,182,Moderate,1022.7,18.9
2025-01-27,Chennai,Tamil Nadu,31.9,17.0,24.4,44.4,0.0,6.7,165,Moderate,1024.2,0.0
2025-01-28,Chennai,Tamil Nadu,30.9,21.4,26.1,49.9,0.0,10.0,198,Moderate,1023.4,25.5
2025-01-29,Chennai,Tamil Nadu,33.3,19.7,26.5,44.7,0.0,11.8,232,Poor,1021.0,0.0
2025-01-30,Chennai,Tamil Nadu,31.5,20.3,25.9,50.6,0.0,6.6,212,Poor,1022.7,22.6
2025-01-31,Chennai,Tamil Nadu,31.9,20.3,26.1,51.7,0.0,7.2,181,Moderate,1022.9,23.8
2025-02-01,Chennai,Tamil Nadu,32.7,20.0,26.4,46.7,0.0,11.4,169,Moderate,1021.1,6.1
2025-02-02,Chennai,Tamil Nadu,33.3,18.9,26.1,53.4,0.0,7.9,168,Moderate,1019.1,0.2
2025-02-03,Chennai,Tamil Nadu,32.0,19.2,25.6,43.5,0.0,8.3,166,Moderate,1020.2,12.0
2025-02-04,Chennai,Tamil Nadu,31.5,18.9,25.2,48.8,0.0,6.9,201,Poor,1020.7,26.9
2025-02-05,Chennai,Tamil Nadu,31.8,18.6,25.2,58.3,0.0,11.9,189,Moderate,1021.4,22.8
2025-02-06,Chennai,Tamil Nadu,33.3,19.9,26.6,43.3,0.0,6.7,153,Moderate,1024.1,1.6
2025-02-07,Chennai,Tamil Nadu,32.6,20.7,26.6,52.4,0.0,8.3,182,Moderate,1022.6,18.6
2025-02-08,Chennai,Tamil Nadu,32.7,20.3,26.5,49.1,0.0,7.5,199,Moderate,1019.1,20.9
2025-02-09,Chennai,Tamil Nadu,32.4,19.8,26.1,47.5,0.0,10.6,158,Moderate,1024.4,20.5
2025-02-10,Chennai,Tamil Nadu,32.4,20.3,26.4,49.6,0.0,18.0,141,Moderate,1020.4,3.5
2025-02-11,Chennai,Tamil Nadu,32.5,20.2,26.4,50.8,0.0,6.4,190,Moderate,1021.8,19.5
2025-02-12,Chennai,Tamil Nadu,30.6,19.5,25.1,44.0,0.0,7.4,187,Moderate,1018.8,30.9
2025-02-13,Chennai,Tamil Nadu,30.4,19.1,24.7,51.7,0.0,7.8,178,Moderate,1019.8,25.8
2025-02-14,Chennai,Tamil Nadu,28.7,17.7,23.2,46.8,0.0,6.7,176,Moderate,1023.1,25.0
2025-02-15,Chennai,Tamil Nadu,27.3,17.4,22.3,62.7,0.0,8.5,173,Moderate,1019.4,42.7
2025-02-16,Chennai,Tamil Nadu,29.1,15.9,22.5,60.4,0.0,10.9,151,Moderate,1021.1,22.0
2025-02-17,Chennai,Tamil Nadu,29.4,16.8,23.1,57.4,0.0,9.1,136,Moderate,1021.7,7.5
2025-02-18,Chennai,Tamil Nadu,30.0,15.9,22.9,50.0,0.0,10.0,123,Moderate,1018.6,7.7
2025-02-19,Chennai,Tamil Nadu,29.9,17.8,23.8,48.2,0.0,7.3,176,Moderate,1016.7,21.4
2025-02-20,Chennai,Tamil Nadu,30.5,18.2,24.4,47.0,0.0,10.1,157,Moderate,1021.8,0.0
2025-02-21,Chennai,Tamil Nadu,32.8,20.0,26.4,42.0,0.0,9.0,166,Moderate,1025.0,13.0
2025-02-22,Chennai,Tamil Nadu,32.1,21.5,26.8,60.5,0.0,6.8,142,Moderate,1020.0,23.7
2025-02-23,Chennai,Tamil Nadu,32.4,20.6,26.5,57.2,4.6,8.6,153,Moderate,1020.4,33.7
2025-02-24,Chennai,Tamil Nadu,32.8,19.5,26.1,45.6,0.0,7.5,158,Moderate,1017.3,0.0
2025-02-25,Chennai,Tamil Nadu,31.9,18.9,25.4,53.9,0.0,21.9,145,Moderate,1022.0,19.4
2025-02-26,Chennai,Tamil Nadu,32.6,18.8,25.7,45.7,0.0,11.1,163,Moderate,1018.1,16.9
2025-02-27,Chennai,Tamil Nadu,29.7,19.3,24.5,44.0,0.0,8.9,132,Moderate,1021.4,19.2
2025-02-28,Chennai,Tamil Nadu,29.8,18.2,24.0,39.2,0.0,12.6,149,Moderate,1020.3,20.9
2025-03-01,Chennai,Tamil Nadu,28.9,18.0,23.4,50.7,0.0,10.2,126,Moderate,1020.4,18.9
2025-03-02,Chennai,Tamil Nadu,31.1,18.1,24.6,52.6,0.0,6.8,92,Satisfactory,1019.9,38.1
2025-03-03,Chennai,Tamil Nadu,31.3,20.7,26.0,54.6,0.0,14.0,167,Moderate,1019.3,35.2
2025-03-04,Chennai,Tamil Nadu,29.7,20.9,25.3,55.4,0.0,6.6,139,Moderate,1018.8,48.3
2025-03-05,Chennai,Tamil Nadu,32.6,18.2,25.4,51.0,0.0,13.3,151,Moderate,1020.0,18.1
2025-03-06,Chennai,Tamil Nadu,31.4,19.5,25.4,51.4,0.0,9.1,123,Moderate,1016.4,12.5
2025-03-07,Chennai,Tamil Nadu,30.5,18.9,24.7,39.0,0.0,8.5,120,Moderate,1017.5,5.1
2025-03-08,Chennai,Tamil Nadu,30.7,19.1,24.9,51.9,0.0,7.3,128,Moderate,1020.7,11.3
2025-03-09,Chennai,Tamil Nadu,29.7,18.1,23.9,50.2,0.0,9.2,139,Moderate,1018.2,29.2
2025-03-10,Chennai,Tamil Nadu,31.3,19.9,25.6,53.8,0.0,10.0,133,Moderate,1016.6,30.4
2025-03-11,Chennai,Tamil Nadu,31.0,20.3,25.7,55.7,0.0,9.7,140,Moderate,1019.2,27.7
2025-03-12,Chennai,Tamil Nadu,31.9,19.5,25.7,51.6,0.0,9.0,118,Moderate,1018.6,8.9
2025-03-13,Chennai,Tamil Nadu,31.7,18.8,25.2,47.5,0.0,8.2,130,Moderate,1014.3,9.3
2025-03-14,Chennai,Tamil Nadu,31.7,20.1,25.9,55.3,0.0,10.3,104,Moderate,1018.1,45.6
2025-03-15,Chennai,Tamil Nadu,32.6,19.3,25.9,50.2,0.0,7.8,160,Moderate,1016.7,6.6
2025-03-16,Chennai,Tamil Nadu,30.7,20.5,25.6,45.5,0.0,8.4,95,Satisfactory,1017.8,38.3
2025-03-17,Chennai,Tamil Nadu,30.9,19.3,25.1,45.6,0.0,9.5,102,Moderate,1016.4,24.5
2025-03-18,Chennai,Tamil Nadu,32.8,19.1,25.9,44.8,0.0,8.6,111,Moderate,1016.9,8.1
2025-03-19,Chennai,Tamil Nadu,33.8,18.8,26.3,37.8,0.0,6.7,177,Moderate,1012.1,1.6
2025-03-20,Chennai,Tamil Nadu,33.1,21.3,27.2,43.9,0.0,9.1,133,Moderate,1013.6,8.0
2025-03-21,Chennai,Tamil Nadu,32.1,19.2,25.6,48.4,0.0,9.1,96,Satisfactory,1017.1,24.5
2025-03-22,Chennai,Tamil Nadu,33.6,20.7,27.1,45.1,0.0,8.9,132,Moderate,1020.3,5.1
2025-03-23,Chennai,Tamil Nadu,30.5,21.4,26.0,53.0,0.0,8.3,125,Moderate,1016.0,40.3
2025-03-24,Chennai,Tamil Nadu,32.3,21.7,27.0,52.3,0.0,8.0,119,Moderate,1013.4,15.1
2025-03-25,Chennai,Tamil Nadu,34.1,21.2,27.7,52.1,0.0,8.7,125,Moderate,1014.7,27.5
2025-03-26,Chennai,Tamil Nadu,33.6,20.5,27.0,49.2,0.0,7.3,112,Moderate,1012.7,26.8
2025-03-27,Chennai,Tamil Nadu,32.8,22.7,27.7,50.4,0.0,12.9,99,Satisfactory,1016.6,40.5
2025-03-28,Chennai,Tamil Nadu,35.3,22.8,29.0,44.4,0.0,9.6,68,Satisfactory,1013.7,10.9
2025-03-29,Chennai,Tamil Nadu,34.4,24.0,29.2,46.0,0.0,9.3,133,Moderate,1015.5,18.5
2025-03-30,Chennai,Tamil Nadu,35.5,21.2,28.4,55.4,0.0,11.7,83,Satisfactory,1013.1,0.0
2025-03-31,Chennai,Tamil Nadu,34.3,22.2,28.3,39.8,0.0,7.2,76,Satisfactory,1015.6,19.2
2025-04-01,Chennai,Tamil Nadu,33.4,23.9,28.7,45.4,0.0,7.8,89,Satisfactory,1009.8,33.6
2025-04-02,Chennai,Tamil Nadu,34.7,22.5,28.6,41.9,0.0,7.6,89,Satisfactory,1013.0,20.8
2025-04-03,Chennai,Tamil Nadu,32.7,24.1,28.4,55.3,0.0,9.5,75,Satisfactory,1013.9,50.3
2025-04-04,Chennai,Tamil Nadu,34.2,22.0,28.1,49.9,0.0,7.2,114,Moderate,1012.2,25.5
2025-04-05,Chennai,Tamil Nadu,34.5,22.8,28.7,42.2,0.0,10.7,108,Moderate,1013.1,10.4
2025-04-06,Chennai,Tamil Nadu,33.9,21.8,27.8,53.4,0.0,9.4,45,Good,1013.2,25.0
2025-04-07,Chennai,Tamil Nadu,33.2,20.4,26.8,46.1,0.0,7.6,80,Satisfactory,1014.7,0.0
2025-04-08,Chennai,Tamil Nadu,31.2,20.7,25.9,51.6,0.0,6.8,81,Satisfactory,1013.9,8.8
2025-04-09,Chennai,Tamil Nadu,32.8,18.6,25.7,51.9,0.0,9.4,79,Satisfactory,1013.4,3.2
2025-04-10,Chennai,Tamil Nadu,33.2,20.1,26.6,38.3,0.0,6.6,126,Moderate,1013.9,20.0
2025-04-11,Chennai,Tamil Nadu,32.6,21.0,26.8,52.1,0.0,7.5,67,Satisfactory,1009.3,19.0
2025-04-12,Chennai,Tamil Nadu,33.8,22.6,28.2,44.9,0.0,8.5,115,Moderate,1009.9,36.0
2025-04-13,Chennai,Tamil Nadu,35.8,23.1,29.4,47.7,0.0,8.4,76,Satisfactory,1008.1,17.1
2025-04-14,Chennai,Tamil Nadu,35.6,22.1,28.9,43.9,0.0,7.7,114,Moderate,1012.0,5.0
2025-04-15,Chennai,Tamil Nadu,34.5,22.2,28.3,52.6,0.0,10.6,63,Satisfactory,1011.7,41.3
2025-04-16,Chennai,Tamil Nadu,35.5,21.7,28.6,37.5,0.0,7.4,67,Satisfactory,1013.4,0.0
2025-04-17,Chennai,Tamil Nadu,33.7,22.1,27.9,53.8,0.0,7.7,74,Satisfactory,1011.4,20.7
2025-04-18,Chennai,Tamil Nadu,33.6,21.4,27.5,43.2,0.0,9.0,98,Satisfactory,1009.4,23.6
2025-04-19,Chennai,Tamil Nadu,33.9,22.3,28.1,52.3,0.0,9.0,71,Satisfactory,1010.6,20.2
2025-04-20,Chennai,Tamil Nadu,33.5,23.1,28.3,43.0,0.0,7.1,76,Satisfactory,1006.3,27.5
2025-04-21,Chennai,Tamil Nadu,35.8,22.8,29.3,48.2,0.0,9.0,79,Satisfactory,1008.8,21.6
2025-04-22,Chennai,Tamil Nadu,34.4,22.5,28.4,59.4,0.0,7.9,47,Good,1005.0,27.8
2025-04-23,Chennai,Tamil Nadu,33.5,22.9,28.2,59.2,6.1,7.8,67,Satisfactory,1010.3,12.8
2025-04-24,Chennai,Tamil Nadu,35.9,23.3,29.6,35.6,0.0,9.5,45,Good,1008.5,0.2
2025-04-25,Chennai,Tamil Nadu,36.0,23.3,29.6,44.7,0.0,7.4,95,Satisfactory,1008.6,20.2
2025-04-26,Chennai,Tamil Nadu,35.8,24.5,30.1,42.3,0.0,8.4,68,Satisfactory,1006.7,6.5
2025-04-27,Chennai,Tamil Nadu,35.6,23.8,29.7,57.7,1.3,8.8,70,Satisfactory,1007.2,11.2
2025-04-28,Chennai,Tamil Nadu,36.0,22.7,29.4,52.5,0.0,9.6,15,Good,1009.9,38.2
2025-04-29,Chennai,Tamil Nadu,34.7,24.8,29.7,59.3,10.6,7.8,62,Satisfactory,1005.4,43.8
2025-04-30,Chennai,Tamil Nadu,35.0,23.3,29.1,55.0,0.0,10.2,45,Good,1009.3,38.7
2025-05-01,Chennai,Tamil Nadu,34.9,22.7,28.8,47.4,0.0,10.9,15,Good,1006.6,36.6
2025-05-02,Chennai,Tamil Nadu,34.3,23.7,29.0,41.5,0.0,10.9,46,Good,1004.6,24.3
2025-05-03,Chennai,Tamil Nadu,34.3,23.4,28.9,51.0,0.0,7.3,18,Good,1010.3,38.1
2025-05-04,Chennai,Tamil Nadu,35.6,22.4,29.0,63.9,0.0,10.9,54,Satisfactory,1010.3,29.2
2025-05-05,Chennai,Tamil Nadu,34.6,24.5,29.6,58.2,0.0,11.0,71,Satisfactory,1006.2,51.5
2025-05-06,Chennai,Tamil Nadu,37.6,22.8,30.2,53.2,0.0,14.4,15,Good,1005.9,11.4
2025-05-07,Chennai,Tamil Nadu,34.6,24.4,29.5,46.7,0.0,7.5,45,Good,1006.5,34.6
2025-05-08,Chennai,Tamil Nadu,37.4,22.9,30.2,45.9,0.0,13.0,26,Good,1005.1,7.5
2025-05-09,Chennai,Tamil Nadu,34.9,24.2,29.6,58.3,0.0,7.1,15,Good,1005.4,35.5
2025-05-10,Chennai,Tamil Nadu,35.8,23.2,29.5,42.0,0.0,11.3,52,Satisfactory,1007.4,2.5
2025-05-11,Chennai,Tamil Nadu,35.3,22.2,28.7,49.8,0.0,12.0,43,Good,1010.8,10.5
2025-05-12,Chennai,Tamil Nadu,34.3,22.0,28.2,46.4,0.0,11.3,74,Satisfactory,1005.9,10.4
2025-05-13,Chennai,Tamil Nadu,31.9,21.2,26.5,61.6,0.0,7.5,49,Good,1009.0,33.4
2025-05-14,Chennai,Tamil Nadu,31.9,20.9,26.4,60.3,0.0,12.9,15,Good,1007.5,35.5
2025-05-15,Chennai,Tamil Nadu,31.1,24.3,27.7,67.5,0.0,18.2,19,Good,1002.9,64.6
2025-05-16,Chennai,Tamil Nadu,34.0,23.8,28.9,60.0,0.0,8.0,61,Satisfactory,1005.7,28.9
2025-05-17,Chennai,Tamil Nadu,33.6,22.8,28.2,58.3,0.0,9.0,19,Good,1005.5,42.0
2025-05-18,Chennai,Tamil Nadu,33.2,21.7,27.4,63.7,0.0,8.5,48,Good,1008.8,34.5
2025-05-19,Chennai,Tamil Nadu,32.7,22.4,27.5,57.8,0.0,11.1,15,Good,1008.7,42.5
2025-05-20,Chennai,Tamil Nadu,33.1,22.3,27.7,62.6,0.0,8.9,59,Satisfactory,1006.2,35.4
2025-05-21,Chennai,Tamil Nadu,34.0,24.0,29.0,52.0,0.0,11.3,36,Good,1007.4,48.7
2025-05-22,Chennai,Tamil Nadu,35.5,23.0,29.2,51.8,0.0,9.5,15,Good,1004.4,19.1
2025-05-23,Chennai,Tamil Nadu,35.1,23.7,29.4,63.3,4.5,10.2,24,Good,1006.8,0.2
2025-05-24,Chennai,Tamil Nadu,33.5,24.1,28.8,64.7,0.0,9.9,15,Good,1004.8,41.4
2025-05-25,Chennai,Tamil Nadu,34.0,22.1,28.1,59.2,10.7,7.9,15,Good,1006.8,11.5
2025-05-26,Chennai,Tamil Nadu,33.6,24.5,29.0,61.3,14.0,10.2,19,Good,1006.6,55.3
2025-05-27,Chennai,Tamil Nadu,33.1,24.6,28.8,55.1,0.0,8.2,18,Good,1005.5,30.2
2025-05-28,Chennai,Tamil Nadu,33.6,23.8,28.7,58.5,0.0,8.4,47,Good,1002.5,24.2
2025-05-29,Chennai,Tamil Nadu,32.4,25.2,28.8,71.6,0.0,13.8,15,Good,1003.0,77.3
2025-05-30,Chennai,Tamil Nadu,35.1,24.2,29.7,73.0,11.8,11.6,15,Good,1004.9,39.6
2025-05-31,Chennai,Tamil Nadu,34.9,25.3,30.1,68.3,3.7,11.5,30,Good,1004.9,37.5
2025-06-01,Chennai,Tamil Nadu,34.7,26.4,30.6,67.0,0.0,10.7,15,Good,1003.2,51.5
2025-06-02,Chennai,Tamil Nadu,35.9,26.6,31.2,67.1,0.0,17.9,15,Good,1001.9,52.9
2025-06-03,Chennai,Tamil Nadu,35.3,27.2,31.2,72.3,0.0,10.7,15,Good,1002.8,58.4
2025-06-04,Chennai,Tamil Nadu,35.4,23.8,29.6,56.5,0.0,10.5,15,Good,1002.1,25.7
2025-06-05,Chennai,Tamil Nadu,34.1,25.6,29.9,59.8,29.1,10.5,15,Good,1001.9,52.6
2025-06-06,Chennai,Tamil Nadu,34.8,26.4,30.6,70.7,0.0,13.7,15,Good,1006.1,41.5
2025-06-07,Chennai,Tamil Nadu,37.1,25.6,31.3,65.5,0.0,10.9,15,Good,1000.8,33.2
2025-06-08,Chennai,Tamil Nadu,37.7,27.4,32.5,61.3,0.0,11.6,15,Good,1002.3,47.0
2025-06-09,Chennai,Tamil Nadu,35.3,25.6,30.5,54.3,0.0,14.2,15,Good,1002.0,23.2
2025-06-10,Chennai,Tamil Nadu,34.9,26.6,30.8,78.2,0.0,12.3,32,Good,999.1,62.3
2025-06-11,Chennai,Tamil Nadu,33.5,24.9,29.2,69.6,0.0,13.4,15,Good,999.3,47.2
2025-06-12,Chennai,Tamil Nadu,33.9,24.3,29.1,74.5,0.0,10.1,15,Good,1001.6,45.6
2025-06-13,Chennai,Tamil Nadu,33.4,25.7,29.6,72.6,0.0,9.7,39,Good,997.6,51.1
2025-06-14,Chennai,Tamil Nadu,34.1,24.7,29.4,74.7,0.0,15.9,15,Good,1005.1,51.8
2025-06-15,Chennai,Tamil Nadu,33.6,25.3,29.5,76.7,17.5,13.7,15,Good,1000.5,71.1
2025-06-16,Chennai,Tamil Nadu,33.5,25.2,29.4,73.3,1.1,13.1,15,Good,1000.3,40.8
2025-06-17,Chennai,Tamil Nadu,34.9,26.4,30.7,78.4,3.2,12.5,23,Good,1003.1,51.0
2025-06-18,Chennai,Tamil Nadu,34.4,25.1,29.8,76.3,16.2,11.8,15,Good,1000.5,54.9
2025-06-19,Chennai,Tamil Nadu,33.6,25.8,29.7,74.3,11.1,10.7,15,Good,1002.0,44.0
2025-06-20,Chennai,Tamil Nadu,33.2,26.4,29.8,83.5,0.0,10.8,15,Good,999.4,62.1
2025-06-21,Chennai,Tamil Nadu,35.2,26.2,30.7,81.1,0.0,10.4,37,Good,1000.3,50.1
2025-06-22,Chennai,Tamil Nadu,33.9,25.2,29.5,71.8,0.0,10.2,15,Good,1002.4,42.3
2025-06-23,Chennai,Tamil Nadu,31.8,26.5,29.1,84.4,0.0,10.8,15,Good,998.7,70.6
2025-06-24,Chennai,Tamil Nadu,31.6,26.1,28.9,86.2,13.8,11.6,15,Good,1001.5,86.0
2025-06-25,Chennai,Tamil Nadu,33.7,24.8,29.2,84.7,10.7,16.7,15,Good,995.4,65.7
2025-06-26,Chennai,Tamil Nadu,35.2,25.9,30.6,90.9,4.1,10.4,15,Good,1002.3,63.7
2025-06-27,Chennai,Tamil Nadu,34.5,28.0,31.3,85.6,0.0,12.7,15,Good,998.4,63.9
2025-06-28,Chennai,Tamil Nadu,35.1,28.5,31.8,93.7,7.4,17.4,15,Good,999.1,59.0
2025-06-29,Chennai,Tamil Nadu,34.6,29.3,31.9,89.8,7.4,15.5,15,Good,998.9,83.4
2025-06-30,Chennai,Tamil Nadu,35.7,27.2,31.5,85.7,8.9,12.7,15,Good,997.2,69.5
2025-07-01,Chennai,Tamil Nadu,35.5,25.8,30.6,80.8,3.0,11.6,38,Good,997.2,39.0
2025-07-02,Chennai,Tamil Nadu,34.8,28.0,31.4,92.0,0.0,10.6,15,Good,1000.1,86.7
2025-07-03,Chennai,Tamil Nadu,34.9,28.3,31.6,92.7,0.0,13.2,20,Good,1000.1,83.9
2025-07-04,Chennai,Tamil Nadu,33.7,29.2,31.5,85.8,4.2,14.6,15,Good,997.2,79.8
2025-07-05,Chennai,Tamil Nadu,36.4,28.3,32.4,79.0,32.2,11.9,15,Good,999.7,33.0
2025-07-06,Chennai,Tamil Nadu,35.0,29.4,32.2,85.8,6.8,16.2,15,Good,999.7,72.3
2025-07-07,Chennai,Tamil Nadu,35.4,30.6,33.0,97.2,0.0,12.9,15,Good,997.6,85.1
2025-07-08,Chennai,Tamil Nadu,34.9,29.8,32.3,81.9,6.9,13.8,15,Good,995.9,79.0
2025-07-09,Chennai,Tamil Nadu,34.6,29.3,31.9,92.7,29.0,13.3,15,Good,998.5,77.4
2025-07-10,Chennai,Tamil Nadu,33.4,27.7,30.6,88.1,25.8,16.3,15,Good,999.7,88.4
2025-07-11,Chennai,Tamil Nadu,33.4,27.6,30.5,96.1,10.1,16.5,15,Good,998.8,78.5
2025-07-12,Chennai,Tamil Nadu,33.7,27.8,30.7,95.4,0.0,14.6,15,Good,997.7,93.7
2025-07-13,Chennai,Tamil Nadu,33.3,27.4,30.3,85.9,20.7,12.9,15,Good,999.9,79.9
2025-07-14,Chennai,Tamil Nadu,32.0,27.1,29.5,100.0,0.0,13.4,15,Good,1001.7,79.7
2025-07-15,Chennai,Tamil Nadu,31.9,27.0,29.5,86.1,11.6,21.1,15,Good,997.7,91.5
2025-07-16,Chennai,Tamil Nadu,32.8,28.3,30.6,93.8,11.9,18.6,15,Good,998.3,73.1
2025-07-17,Chennai,Tamil Nadu,32.0,27.7,29.9,96.2,22.0,13.7,15,Good,1004.6,64.0
2025-07-18,Chennai,Tamil Nadu,33.3,27.1,30.2,100.0,2.1,11.9,15,Good,999.6,79.5
2025-07-19,Chennai,Tamil Nadu,34.0,28.0,31.0,89.3,0.0,16.0,15,Good,996.3,87.5
2025-07-20,Chennai,Tamil Nadu,34.2,29.5,31.8,95.2,15.4,12.8,15,Good,997.7,91.9
2025-07-21,Chennai,Tamil Nadu,33.2,29.0,31.1,100.0,30.8,17.7,15,Good,997.4,92.6
2025-07-22,Chennai,Tamil Nadu,32.6,28.4,30.5,100.0,17.4,12.5,15,Good,999.9,79.1
2025-07-23,Chennai,Tamil Nadu,34.1,27.2,30.6,100.0,0.0,12.8,15,Good,999.7,77.6
2025-07-24,Chennai,Tamil Nadu,33.3,26.7,30.0,100.0,6.6,11.9,15,Good,998.1,72.1
2025-07-25,Chennai,Tamil Nadu,32.9,27.4,30.2,94.9,7.1,19.7,15,Good,1003.1,83.8
2025-07-26,Chennai,Tamil Nadu,34.0,26.9,30.4,93.2,16.0,12.2,15,Good,999.5,57.1
2025-07-27,Chennai,Tamil Nadu,32.5,27.5,30.0,95.0,1.1,15.7,15,Good,998.6,80.5
2025-07-28,Chennai,Tamil Nadu,30.9,27.9,29.4,91.5,0.0,13.3,15,Good,997.4,100.0
2025-07-29,Chennai,Tamil Nadu,32.9,25.6,29.3,92.0,3.7,12.8,15,Good,998.1,59.3
2025-07-30,Chennai,Tamil Nadu,32.9,28.0,30.4,86.4,0.0,12.7,60,Satisfactory,997.2,81.6
2025-07-31,Chennai,Tamil Nadu,33.7,28.9,31.3,93.4,1.5,17.6,15,Good,999.2,83.9
2025-08-01,Chennai,Tamil Nadu,33.5,26.7,30.1,89.9,4.1,25.1,15,Good,998.2,86.2
2025-08-02,Chennai,Tamil Nadu,33.9,27.3,30.6,94.2,27.9,17.0,15,Good,1001.5,64.9
2025-08-03,Chennai,Tamil Nadu,30.0,27.0,28.5,94.1,3.8,11.3,15,Good,999.5,86.5
2025-08-04,Chennai,Tamil Nadu,31.0,25.4,28.2,85.8,5.3,15.5,15,Good,1002.5,71.6
2025-08-05,Chennai,Tamil Nadu,31.4,25.3,28.3,95.8,7.7,13.1,28,Good,1001.9,58.5
2025-08-06,Chennai,Tamil Nadu,31.3,26.6,29.0,94.8,18.2,13.1,22,Good,1002.2,91.0
2025-08-07,Chennai,Tamil Nadu,31.5,27.7,29.6,93.8,0.0,13.8,19,Good,1002.6,86.0
2025-08-08,Chennai,Tamil Nadu,34.7,27.3,31.0,84.3,0.0,13.3,15,Good,1004.6,61.8
2025-08-09,Chennai,Tamil Nadu,33.1,26.8,30.0,96.6,1.2,14.4,39,Good,999.3,67.7
2025-08-10,Chennai,Tamil Nadu,33.2,27.0,30.1,91.5,8.5,12.7,15,Good,1002.8,66.5
2025-08-11,Chennai,Tamil Nadu,35.3,27.3,31.3,82.1,9.3,15.6,15,Good,1001.8,50.2
2025-08-12,Chennai,Tamil Nadu,34.5,29.0,31.8,82.0,0.0,13.2,15,Good,1003.1,82.9
2025-08-13,Chennai,Tamil Nadu,33.7,28.2,31.0,100.0,0.0,13.2,15,Good,1001.6,83.2
2025-08-14,Chennai,Tamil Nadu,34.1,27.5,30.8,97.7,30.0,12.9,18,Good,1003.9,66.7
2025-08-15,Chennai,Tamil Nadu,35.4,28.8,32.1,94.2,0.0,15.0,27,Good,998.8,69.4
2025-08-16,Chennai,Tamil Nadu,34.0,27.2,30.6,84.6,2.0,12.1,15,Good,1000.0,71.5
2025-08-17,Chennai,Tamil Nadu,34.3,27.6,31.0,85.0,7.7,14.0,33,Good,1000.9,72.2
2025-08-18,Chennai,Tamil Nadu,35.3,26.0,30.6,84.2,0.0,12.9,15,Good,1002.2,49.3
2025-08-19,Chennai,Tamil Nadu,33.1,27.3,30.2,83.0,12.0,16.7,24,Good,1002.7,74.4
2025-08-20,Chennai,Tamil Nadu,34.5,26.2,30.3,76.5,3.5,11.9,25,Good,1001.3,50.2
2025-08-21,Chennai,Tamil Nadu,34.6,25.7,30.1,93.9,38.1,15.0,15,Good,1001.0,75.4
2025-08-22,Chennai,Tamil Nadu,33.7,25.5,29.6,80.7,11.2,13.1,16,Good,1002.1,50.3
2025-08-23,Chennai,Tamil Nadu,34.8,26.3,30.6,73.0,0.0,16.0,15,Good,999.9,45.5
2025-08-24,Chennai,Tamil Nadu,33.7,27.6,30.6,86.4,16.7,12.4,15,Good,1002.9,62.3
2025-08-25,Chennai,Tamil Nadu,34.9,28.0,31.4,77.2,11.8,11.4,43,Good,1003.3,60.6
2025-08-26,Chennai,Tamil Nadu,34.5,27.1,30.8,70.4,5.8,11.3,39,Good,1004.7,62.2
2025-08-27,Chennai,Tamil Nadu,34.5,25.4,30.0,71.5,28.0,12.5,42,Good,1004.6,47.8
2025-08-28,Chennai,Tamil Nadu,34.5,26.2,30.4,76.8,23.2,11.9,15,Good,1008.0,61.9
2025-08-29,Chennai,Tamil Nadu,35.0,27.0,31.0,79.4,0.0,11.2,19,Good,1006.0,61.8
2025-08-30,Chennai,Tamil Nadu,35.5,27.8,31.6,80.4,0.0,12.3,53,Satisfactory,1005.9,72.6
2025-08-31,Chennai,Tamil Nadu,34.2,27.2,30.7,82.7,0.0,9.2,30,Good,1005.6,58.5
2025-09-01,Chennai,Tamil Nadu,35.9,26.6,31.3,71.6,0.0,11.3,37,Good,1006.0,46.2
2025-09-02,Chennai,Tamil Nadu,35.7,26.0,30.9,67.7,8.2,11.6,49,Good,1004.9,35.0
2025-09-03,Chennai,Tamil Nadu,35.9,25.8,30.9,74.9,0.0,9.4,49,Good,1005.7,31.4
2025-09-04,Chennai,Tamil Nadu,33.9,26.0,29.9,79.3,2.0,9.8,40,Good,1009.8,56.9
2025-09-05,Chennai,Tamil Nadu,33.8,26.9,30.3,73.6,25.7,9.8,15,Good,1006.0,62.3
2025-09-06,Chennai,Tamil Nadu,33.6,25.2,29.4,70.9,0.0,11.1,72,Satisfactory,1003.9,38.3
2025-09-07,Chennai,Tamil Nadu,33.4,24.5,29.0,70.2,0.0,10.7,46,Good,1008.3,53.6
2025-09-08,Chennai,Tamil Nadu,34.6,25.0,29.8,63.9,0.0,10.6,70,Satisfactory,1008.7,46.2
2025-09-09,Chennai,Tamil Nadu,33.9,25.7,29.8,82.7,7.1,8.9,66,Satisfactory,1007.4,57.7
2025-09-10,Chennai,Tamil Nadu,33.1,24.8,28.9,69.4,0.0,13.8,75,Satisfactory,1003.8,59.4
2025-09-11,Chennai,Tamil Nadu,35.6,24.9,30.2,62.1,0.0,14.7,45,Good,1010.0,13.8
2025-09-12,Chennai,Tamil Nadu,35.4,26.5,30.9,61.8,0.0,8.9,59,Satisfactory,1007.9,58.7
2025-09-13,Chennai,Tamil Nadu,35.7,26.4,31.0,69.8,0.0,10.1,41,Good,1007.0,46.8
2025-09-14,Chennai,Tamil Nadu,36.0,26.2,31.1,56.9,0.0,10.1,55,Satisfactory,1010.2,34.9
2025-09-15,Chennai,Tamil Nadu,37.0,25.9,31.5,70.3,2.3,11.5,70,Satisfactory,1003.9,34.2
2025-09-16,Chennai,Tamil Nadu,37.6,27.1,32.4,71.1,0.0,9.7,53,Satisfactory,1008.2,40.2
2025-09-17,Chennai,Tamil Nadu,35.6,26.8,31.2,63.6,0.0,12.9,71,Satisfactory,1007.4,32.6
2025-09-18,Chennai,Tamil Nadu,36.7,25.8,31.3,59.3,0.0,8.7,109,Moderate,1011.7,25.7
2025-09-19,Chennai,Tamil Nadu,36.5,26.7,31.6,57.5,0.0,11.9,60,Satisfactory,1009.3,27.9
2025-09-20,Chennai,Tamil Nadu,36.6,25.3,30.9,57.1,0.0,11.1,45,Good,1007.5,22.8
2025-09-21,Chennai,Tamil Nadu,32.4,26.7,29.6,67.3,9.1,8.4,65,Satisfactory,1012.1,56.3
2025-09-22,Chennai,Tamil Nadu,35.7,25.3,30.5,60.3,0.0,9.5,50,Good,1004.8,36.9
2025-09-23,Chennai,Tamil Nadu,36.3,27.4,31.8,69.7,0.0,8.3,115,Moderate,1010.6,66.1
2025-09-24,Chennai,Tamil Nadu,36.8,26.8,31.8,53.8,0.0,16.4,68,Satisfactory,1007.3,39.0
2025-09-25,Chennai,Tamil Nadu,35.7,26.9,31.3,66.6,0.0,9.6,70,Satisfactory,1009.3,41.7
2025-09-26,Chennai,Tamil Nadu,38.4,24.8,31.6,51.0,0.0,9.0,76,Satisfactory,1009.8,17.7
2025-09-27,Chennai,Tamil Nadu,37.7,25.6,31.7,51.3,0.0,7.6,68,Satisfactory,1012.3,28.8
2025-09-28,Chennai,Tamil Nadu,36.6,26.4,31.5,57.4,2.1,10.5,109,Moderate,1015.1,32.3
2025-09-29,Chennai,Tamil Nadu,36.2,25.0,30.6,55.8,0.0,9.0,134,Moderate,1007.6,22.3
2025-09-30,Chennai,Tamil Nadu,34.8,25.5,30.1,45.4,0.0,11.3,57,Satisfactory,1012.4,24.3
2025-10-01,Chennai,Tamil Nadu,36.0,25.0,30.5,53.6,0.0,14.2,106,Moderate,1016.0,35.9
2025-10-02,Chennai,Tamil Nadu,34.0,24.9,29.5,45.6,0.0,11.6,86,Satisfactory,1011.0,36.2
2025-10-03,Chennai,Tamil Nadu,36.5,23.5,30.0,46.7,0.0,8.0,131,Moderate,1010.9,10.5
2025-10-04,Chennai,Tamil Nadu,38.1,26.2,32.2,49.6,0.0,8.7,62,Satisfactory,1012.2,31.3
2025-10-05,Chennai,Tamil Nadu,37.2,26.6,31.9,54.9,0.9,7.6,111,Moderate,1013.7,34.7
2025-10-06,Chennai,Tamil Nadu,37.5,26.7,32.1,45.3,5.3,8.2,93,Satisfactory,1013.5,18.1
2025-10-07,Chennai,Tamil Nadu,38.3,25.1,31.7,46.2,0.0,12.0,113,Moderate,1011.7,16.4
2025-10-08,Chennai,Tamil Nadu,36.8,25.9,31.4,58.9,0.0,8.3,112,Moderate,1011.1,32.0
2025-10-09,Chennai,Tamil Nadu,36.5,23.2,29.8,56.5,0.0,10.9,106,Moderate,1016.0,0.0
2025-10-10,Chennai,Tamil Nadu,34.7,24.3,29.5,47.3,0.0,8.3,111,Moderate,1012.1,26.0
2025-10-11,Chennai,Tamil Nadu,34.0,24.0,29.0,62.1,12.5,11.2,131,Moderate,1010.1,48.8
2025-10-12,Chennai,Tamil Nadu,37.0,24.0,30.5,46.9,0.0,7.6,115,Moderate,1010.8,0.0
2025-10-13,Chennai,Tamil Nadu,34.4,25.0,29.7,44.6,0.0,7.4,140,Moderate,1013.0,36.2
2025-10-14,Chennai,Tamil Nadu,37.0,24.5,30.7,47.2,0.0,15.5,115,Moderate,1017.0,31.3
2025-10-15,Chennai,Tamil Nadu,37.6,22.8,30.2,30.1,0.0,7.6,143,Moderate,1012.0,3.5
2025-10-16,Chennai,Tamil Nadu,36.0,23.8,29.9,52.9,0.0,11.9,91,Satisfactory,1017.7,30.7
2025-10-17,Chennai,Tamil Nadu,35.0,23.5,29.3,47.7,0.0,10.2,135,Moderate,1017.6,37.5
2025-10-18,Chennai,Tamil Nadu,35.7,21.1,28.4,47.5,8.4,7.8,127,Moderate,1015.8,7.2
2025-10-19,Chennai,Tamil Nadu,34.5,23.1,28.8,60.6,0.0,7.8,103,Moderate,1010.3,13.2
2025-10-20,Chennai,Tamil Nadu,34.8,24.1,29.4,57.2,0.0,8.4,124,Moderate,1013.1,22.8
2025-10-21,Chennai,Tamil Nadu,35.2,24.7,29.9,47.7,0.0,11.8,172,Moderate,1014.2,35.5
2025-10-22,Chennai,Tamil Nadu,35.1,22.5,28.8,42.6,0.0,8.1,124,Moderate,1019.4,14.7
2025-10-23,Chennai,Tamil Nadu,35.0,23.4,29.2,55.1,0.0,10.6,120,Moderate,1014.9,21.2
2025-10-24,Chennai,Tamil Nadu,34.6,23.1,28.8,41.8,0.0,9.7,142,Moderate,1014.7,12.4
2025-10-25,Chennai,Tamil Nadu,34.7,22.8,28.7,53.8,0.0,9.8,121,Moderate,1016.8,21.9
2025-10-26,Chennai,Tamil Nadu,34.1,23.3,28.7,65.5,0.0,15.4,123,Moderate,1013.8,36.0
2025-10-27,Chennai,Tamil Nadu,39.2,26.6,32.9,49.0,0.0,10.2,125,Moderate,1015.5,22.8
2025-10-28,Chennai,Tamil Nadu,37.6,25.4,31.5,51.3,0.0,9.7,147,Moderate,1014.5,17.0
2025-10-29,Chennai,Tamil Nadu,38.7,28.6,33.7,49.6,0.0,6.7,146,Moderate,1021.0,20.0
2025-10-30,Chennai,Tamil Nadu,34.5,21.4,27.9,43.5,0.0,12.7,176,Moderate,1015.6,9.8
2025-10-31,Chennai,Tamil Nadu,34.0,19.6,26.8,48.0,0.0,10.9,140,Moderate,1021.8,7.6
2025-11-01,Chennai,Tamil Nadu,32.6,21.8,27.2,48.0,0.0,9.6,139,Moderate,1015.6,37.9
2025-11-02,Chennai,Tamil Nadu,33.4,22.0,27.7,60.1,0.0,8.2,171,Moderate,1018.5,43.5
2025-11-03,Chennai,Tamil Nadu,33.8,20.9,27.4,38.8,0.0,6.7,124,Moderate,1019.2,0.0
2025-11-04,Chennai,Tamil Nadu,33.0,21.0,27.0,54.3,0.0,10.1,184,Moderate,1018.7,28.9
2025-11-05,Chennai,Tamil Nadu,33.7,23.2,28.5,55.9,0.0,8.8,130,Moderate,1018.3,31.7
2025-11-06,Chennai,Tamil Nadu,35.0,22.0,28.5,41.3,0.0,14.9,163,Moderate,1020.0,2.6
2025-11-07,Chennai,Tamil Nadu,35.5,23.1,29.3,41.6,0.0,10.4,182,Moderate,1019.0,12.3
2025-11-08,Chennai,Tamil Nadu,36.0,22.8,29.4,43.8,0.0,9.1,143,Moderate,1017.9,10.6
2025-11-09,Chennai,Tamil Nadu,34.7,25.2,29.9,47.3,0.0,16.7,127,Moderate,1016.9,44.9
2025-11-10,Chennai,Tamil Nadu,33.7,24.6,29.2,52.4,0.0,8.8,155,Moderate,1018.3,41.8
2025-11-11,Chennai,Tamil Nadu,36.4,22.9,29.6,38.6,0.0,14.3,158,Moderate,1018.2,5.3
2025-11-12,Chennai,Tamil Nadu,35.9,22.0,28.9,38.3,0.0,6.5,144,Moderate,1018.5,0.0
2025-11-13,Chennai,Tamil Nadu,35.6,24.1,29.9,50.8,0.0,18.0,135,Moderate,1018.9,28.7
2025-11-14,Chennai,Tamil Nadu,35.2,22.6,28.9,51.3,0.0,11.5,149,Moderate,1016.3,26.0
2025-11-15,Chennai,Tamil Nadu,33.8,23.1,28.4,49.2,0.0,7.4,142,Moderate,1017.3,36.0
2025-11-16,Chennai,Tamil Nadu,35.4,21.9,28.6,35.1,0.0,15.9,124,Moderate,1021.1,3.5
2025-11-17,Chennai,Tamil Nadu,34.4,23.3,28.9,54.4,0.0,6.3,175,Moderate,1015.0,28.2
2025-11-18,Chennai,Tamil Nadu,35.5,22.9,29.2,41.5,0.0,7.0,174,Moderate,1021.9,7.6
2025-11-19,Chennai,Tamil Nadu,33.8,21.9,27.8,59.4,0.0,9.9,149,Moderate,1018.9,27.3
2025-11-20,Chennai,Tamil Nadu,34.3,19.9,27.1,47.0,0.0,12.6,161,Moderate,1023.7,18.4
2025-11-21,Chennai,Tamil Nadu,33.4,22.4,27.9,53.6,0.0,9.5,154,Moderate,1022.6,45.0
2025-11-22,Chennai,Tamil Nadu,34.1,21.8,27.9,46.2,0.0,6.6,206,Poor,1019.6,24.6
2025-11-23,Chennai,Tamil Nadu,35.4,22.0,28.7,46.5,0.0,7.4,174,Moderate,1019.7,13.4
2025-11-24,Chennai,Tamil Nadu,31.7,22.0,26.9,65.7,0.0,7.8,200,Poor,1024.0,20.7
2025-11-25,Chennai,Tamil Nadu,32.8,20.2,26.5,46.1,0.0,9.8,135,Moderate,1023.5,17.5
2025-11-26,Chennai,Tamil Nadu,33.0,18.8,25.9,51.5,0.0,8.5,183,Moderate,1023.2,3.1
2025-11-27,Chennai,Tamil Nadu,30.5,20.1,25.3,55.5,0.0,12.2,181,Moderate,1023.8,46.5
2025-11-28,Chennai,Tamil Nadu,30.5,20.0,25.2,60.0,0.0,6.5,180,Moderate,1019.4,41.9
2025-11-29,Chennai,Tamil Nadu,30.5,19.1,24.8,39.4,0.0,10.3,162,Moderate,1022.2,17.3
2025-11-30,Chennai,Tamil Nadu,30.5,19.5,25.0,61.2,0.0,7.0,180,Moderate,1020.3,29.3
2025-12-01,Chennai,Tamil Nadu,31.6,22.2,26.9,55.7,0.0,13.4,184,Moderate,1019.1,47.1
2025-12-02,Chennai,Tamil Nadu,31.5,19.6,25.5,51.3,0.0,10.4,150,Moderate,1022.2,36.5
2025-12-03,Chennai,Tamil Nadu,32.4,18.4,25.4,52.5,0.0,8.5,198,Moderate,1021.1,14.9
2025-12-04,Chennai,Tamil Nadu,33.6,19.3,26.5,48.4,0.0,8.0,191,Moderate,1021.4,17.3
2025-12-05,Chennai,Tamil Nadu,33.4,20.8,27.1,37.7,0.0,9.6,175,Moderate,1020.6,0.0
2025-12-06,Chennai,Tamil Nadu,31.3,20.5,25.9,38.7,0.0,12.1,170,Moderate,1019.5,29.6
2025-12-07,Chennai,Tamil Nadu,31.3,21.0,26.2,61.2,0.0,9.5,184,Moderate,1025.4,35.9
2025-12-08,Chennai,Tamil Nadu,30.9,20.9,25.9,51.2,0.0,8.5,222,Poor,1022.4,36.2
2025-12-09,Chennai,Tamil Nadu,30.9,20.4,25.6,47.7,0.0,7.2,197,Moderate,1019.4,28.6
2025-12-10,Chennai,Tamil Nadu,31.3,20.0,25.7,47.0,0.0,8.4,166,Moderate,1022.7,23.7
2025-12-11,Chennai,Tamil Nadu,33.5,19.4,26.5,52.1,0.0,12.1,168,Moderate,1025.2,4.2
2025-12-12,Chennai,Tamil Nadu,32.9,21.7,27.3,45.6,0.0,10.8,157,Moderate,1023.9,22.1
2025-12-13,Chennai,Tamil Nadu,33.3,19.4,26.3,49.2,0.0,12.7,136,Moderate,1021.2,9.4
2025-12-14,Chennai,Tamil Nadu,32.2,19.2,25.7,48.5,0.0,7.1,167,Moderate,1021.5,25.9
2025-12-15,Chennai,Tamil Nadu,32.3,19.1,25.7,39.9,0.0,6.6,197,Moderate,1020.6,7.8
2025-12-16,Chennai,Tamil Nadu,31.0,18.1,24.6,55.6,0.0,10.5,212,Poor,1021.4,26.4
2025-12-17,Chennai,Tamil Nadu,29.7,20.1,24.9,58.8,0.0,6.7,217,Poor,1021.5,37.5
2025-12-18,Chennai,Tamil Nadu,30.8,19.6,25.2,46.7,0.0,12.7,154,Moderate,1019.9,24.0
2025-12-19,Chennai,Tamil Nadu,30.7,18.6,24.7,50.2,0.0,10.6,168,Moderate,1022.1,23.6
2025-12-20,Chennai,Tamil Nadu,30.0,18.5,24.2,53.1,0.0,9.4,168,Moderate,1023.8,32.0
2025-12-21,Chennai,Tamil Nadu,31.1,19.2,25.2,56.6,0.0,7.0,139,Moderate,1022.1,43.4
2025-12-22,Chennai,Tamil Nadu,31.6,20.3,25.9,57.8,0.0,8.7,188,Moderate,1023.2,16.7
2025-12-23,Chennai,Tamil Nadu,30.0,18.9,24.4,49.5,0.0,8.4,210,Poor,1026.4,26.3
2025-12-24,Chennai,Tamil Nadu,30.0,19.4,24.7,52.3,0.0,9.5,184,Moderate,1026.8,40.0
2025-12-25,Chennai,Tamil Nadu,30.7,19.7,25.2,50.0,0.0,14.1,150,Moderate,1022.8,27.9
2025-12-26,Chennai,Tamil Nadu,32.6,20.2,26.4,39.2,0.0,7.1,177,Moderate,1024.4,0.0
2025-12-27,Chennai,Tamil Nadu,32.4,19.9,26.1,37.2,0.0,8.1,187,Moderate,1022.4,7.9
2025-12-28,Chennai,Tamil Nadu,32.2,20.9,26.6,50.6,0.0,8.5,210,Poor,1021.7,28.1
2025-12-29,Chennai,Tamil Nadu,32.3,18.3,25.3,50.1,0.0,12.9,177,Moderate,1020.8,12.8
2025-12-30,Chennai,Tamil Nadu,29.2,19.4,24.3,54.1,0.0,8.9,206,Poor,1023.5,39.1
2025-12-31,Chennai,Tamil Nadu,30.9,19.7,25.3,54.1,0.0,10.3,186,Moderate,1025.2,44.3
2024-01-01,Kolkata,West Bengal,26.3,14.5,20.4,49.6,0.0,8.2,235,Poor,1026.8,8.4
2024-01-02,Kolkata,West Bengal,26.6,13.8,20.2,46.1,0.0,10.3,156,Moderate,1025.8,0.5
2024-01-03,Kolkata,West Bengal,27.1,16.1,21.6,50.5,0.0,9.1,193,Moderate,1024.0,25.7
2024-01-04,Kolkata,West Bengal,27.5,14.1,20.8,57.4,0.0,7.5,202,Poor,1026.0,13.6
2024-01-05,Kolkata,West Bengal,26.3,12.3,19.3,41.6,0.0,8.3,168,Moderate,1022.3,0.0
2024-01-06,Kolkata,West Bengal,24.4,12.9,18.7,52.3,1.8,11.2,242,Poor,1022.8,25.7
2024-01-07,Kolkata,West Bengal,24.2,13.7,19.0,63.7,0.0,7.1,175,Moderate,1026.1,32.4
2024-01-08,Kolkata,West Bengal,26.6,12.8,19.7,47.5,0.0,8.5,193,Moderate,1022.1,6.9
2024-01-09,Kolkata,West Bengal,26.8,13.3,20.0,53.1,0.0,6.8,233,Poor,1021.2,24.8
2024-01-10,Kolkata,West Bengal,25.6,13.2,19.4,50.3,0.0,11.5,176,Moderate,1023.4,15.5
2024-01-11,Kolkata,West Bengal,25.6,13.7,19.6,51.1,0.0,17.6,171,Moderate,1022.2,0.0
2024-01-12,Kolkata,West Bengal,25.4,15.7,20.6,46.5,0.0,12.5,173,Moderate,1027.4,45.1
2024-01-13,Kolkata,West Bengal,27.0,14.0,20.5,49.2,0.0,7.7,192,Moderate,1025.2,14.9
2024-01-14,Kolkata,West Bengal,27.7,16.0,21.9,50.5,0.0,7.7,216,Poor,1022.0,19.8
2024-01-15,Kolkata,West Bengal,26.5,14.5,20.5,43.9,0.0,11.3,173,Moderate,1021.5,9.0
2024-01-16,Kolkata,West Bengal,25.8,14.1,19.9,52.2,0.0,10.8,125,Moderate,1024.3,14.0
2024-01-17,Kolkata,West Bengal,27.1,14.9,21.0,54.8,0.0,13.1,176,Moderate,1025.7,19.7
2024-01-18,Kolkata,West Bengal,27.4,15.6,21.5,49.0,0.0,8.6,190,Moderate,1023.7,2.6
2024-01-19,Kolkata,West Bengal,28.0,17.4,22.7,63.0,0.0,7.0,196,Moderate,1020.9,40.2
2024-01-20,Kolkata,West Bengal,29.3,17.6,23.4,48.7,0.0,8.6,183,Moderate,1019.6,27.7
2024-01-21,Kolkata,West Bengal,28.7,17.3,23.0,52.7,0.0,8.3,168,Moderate,1021.8,23.5
2024-01-22,Kolkata,West Bengal,27.3,15.9,21.6,51.8,0.0,16.1,161,Moderate,1023.5,15.1
2024-01-23,Kolkata,West Bengal,30.3,16.2,23.2,44.9,0.0,10.1,220,Poor,1021.5,5.5
2024-01-24,Kolkata,West Bengal,26.5,16.5,21.5,58.8,0.0,6.5,189,Moderate,1024.8,31.6
2024-01-25,Kolkata,West Bengal,26.1,14.3,20.2,54.5,0.0,10.2,194,Moderate,1024.2,26.5
2024-01-26,Kolkata,West Bengal,27.0,13.7,20.3,43.8,0.0,11.5,153,Moderate,1023.5,12.3
2024-01-27,Kolkata,West Bengal,27.7,14.2,21.0,50.9,0.0,10.9,170,Moderate,1023.8,2.3
2024-01-28,Kolkata,West Bengal,28.7,14.0,21.3,43.8,0.0,10.7,154,Moderate,1019.8,0.0
2024-01-29,Kolkata,West Bengal,26.3,15.2,20.7,49.1,0.0,9.1,208,Poor,1021.7,18.1
2024-01-30,Kolkata,West Bengal,26.6,14.9,20.7,48.7,0.0,8.2,147,Moderate,1020.5,14.2
2024-01-31,Kolkata,West Bengal,27.6,16.9,22.3,56.6,0.0,6.9,192,Moderate,1022.9,33.4
2024-02-01,Kolkata,West Bengal,28.3,13.7,21.0,58.9,0.0,13.4,174,Moderate,1020.3,31.5
2024-02-02,Kolkata,West Bengal,27.9,15.1,21.5,49.3,0.0,9.8,181,Moderate,1022.3,17.8
2024-02-03,Kolkata,West Bengal,27.1,14.1,20.6,49.5,0.0,7.7,128,Moderate,1022.0,16.7
2024-02-04,Kolkata,West Bengal,28.2,14.2,21.2,36.5,0.0,8.9,131,Moderate,1023.3,1.4
2024-02-05,Kolkata,West Bengal,27.3,16.0,21.7,49.6,0.0,6.9,182,Moderate,1019.5,32.1
2024-02-06,Kolkata,West Bengal,28.9,15.5,22.2,44.5,0.0,8.8,153,Moderate,1022.5,16.2
2024-02-07,Kolkata,West Bengal,26.6,16.8,21.7,53.3,0.0,12.0,150,Moderate,1019.5,25.7
2024-02-08,Kolkata,West Bengal,26.6,15.2,20.9,53.6,0.0,10.2,159,Moderate,1019.9,34.2
2024-02-09,Kolkata,West Bengal,27.8,14.6,21.2,44.0,0.0,11.4,141,Moderate,1021.3,9.7
2024-02-10,Kolkata,West Bengal,29.6,15.5,22.6,47.3,0.0,11.1,137,Moderate,1023.5,5.2
2024-02-11,Kolkata,West Bengal,27.5,18.7,23.1,55.9,0.0,9.6,166,Moderate,1019.2,51.1
2024-02-12,Kolkata,West Bengal,27.5,16.9,22.2,38.6,0.0,8.4,127,Moderate,1017.5,25.4
2024-02-13,Kolkata,West Bengal,27.3,15.8,21.5,54.7,0.0,8.0,157,Moderate,1019.2,13.6
2024-02-14,Kolkata,West Bengal,26.1,14.6,20.4,59.9,0.0,13.1,139,Moderate,1020.6,35.6
2024-02-15,Kolkata,West Bengal,26.2,13.2,19.7,49.5,0.0,9.9,161,Moderate,1025.1,14.4
2024-02-16,Kolkata,West Bengal,27.6,16.6,22.1,52.4,0.0,9.7,213,Poor,1021.4,21.9
2024-02-17,Kolkata,West Bengal,28.9,14.2,21.6,46.7,0.0,9.9,137,Moderate,1019.2,9.7
2024-02-18,Kolkata,West Bengal,27.3,14.8,21.1,42.4,0.0,8.1,171,Moderate,1020.4,17.7
2024-02-19,Kolkata,West Bengal,27.9,15.2,21.5,60.1,0.0,9.5,162,Moderate,1023.6,13.9
2024-02-20,Kolkata,West Bengal,27.6,14.8,21.2,51.8,0.0,7.6,173,Moderate,1019.9,7.5
2024-02-21,Kolkata,West Bengal,28.2,15.3,21.8,55.4,0.0,7.8,155,Moderate,1019.7,21.1
2024-02-22,Kolkata,West Bengal,26.8,13.5,20.2,47.9,0.0,10.3,183,Moderate,1019.7,9.8
2024-02-23,Kolkata,West Bengal,26.9,13.4,20.1,58.8,0.0,9.8,167,Moderate,1021.7,26.8
2024-02-24,Kolkata,West Bengal,25.7,14.5,20.1,43.6,0.0,10.4,164,Moderate,1019.2,14.5
2024-02-25,Kolkata,West Bengal,26.1,14.2,20.1,46.0,0.0,10.9,115,Moderate,1021.8,0.0
2024-02-26,Kolkata,West Bengal,26.3,15.4,20.9,56.4,0.0,8.2,154,Moderate,1021.9,27.1
2024-02-27,Kolkata,West Bengal,26.6,14.4,20.5,49.9,0.0,8.7,138,Moderate,1021.0,27.6
2024-02-28,Kolkata,West Bengal,26.2,16.6,21.4,61.8,0.0,10.2,125,Moderate,1018.9,49.8
2024-02-29,Kolkata,West Bengal,29.8,16.2,23.0,50.5,0.0,7.4,136,Moderate,1016.0,17.6
2024-03-01,Kolkata,West Bengal,28.7,17.0,22.8,50.7,0.0,6.1,150,Moderate,1018.2,20.0
2024-03-02,Kolkata,West Bengal,30.5,17.6,24.1,45.9,0.0,6.6,159,Moderate,1016.9,23.5
2024-03-03,Kolkata,West Bengal,29.4,18.9,24.1,53.1,0.0,7.8,166,Moderate,1016.5,31.1
2024-03-04,Kolkata,West Bengal,30.8,18.2,24.5,60.3,0.0,8.2,162,Moderate,1017.3,30.0
2024-03-05,Kolkata,West Bengal,31.6,18.2,24.9,49.2,0.0,9.5,144,Moderate,1018.5,20.9
2024-03-06,Kolkata,West Bengal,31.0,19.2,25.1,49.8,0.0,11.6,131,Moderate,1016.1,15.9
2024-03-07,Kolkata,West Bengal,31.6,19.6,25.6,52.8,0.0,8.3,130,Moderate,1014.3,27.9
2024-03-08,Kolkata,West Bengal,31.5,18.8,25.1,41.2,0.0,7.7,132,Moderate,1015.2,15.4
2024-03-09,Kolkata,West Bengal,31.7,17.7,24.7,43.2,0.0,6.9,121,Moderate,1020.4,0.0
2024-03-10,Kolkata,West Bengal,31.0,16.2,23.6,43.9,0.0,7.5,125,Moderate,1018.3,0.0
2024-03-11,Kolkata,West Bengal,29.2,15.7,22.4,38.1,0.0,7.5,141,Moderate,1015.5,14.2
2024-03-12,Kolkata,West Bengal,28.2,15.6,21.9,54.4,0.0,9.0,162,Moderate,1020.0,20.4
2024-03-13,Kolkata,West Bengal,26.6,16.2,21.4,53.5,0.0,7.5,127,Moderate,1016.9,53.7
2024-03-14,Kolkata,West Bengal,27.8,16.7,22.2,52.9,0.0,8.1,109,Moderate,1021.6,16.9
2024-03-15,Kolkata,West Bengal,28.5,16.4,22.5,46.0,0.0,7.9,147,Moderate,1017.3,19.2
2024-03-16,Kolkata,West Bengal,28.4,16.9,22.7,58.5,0.0,8.8,78,Satisfactory,1017.7,12.8
2024-03-17,Kolkata,West Bengal,27.6,16.0,21.8,50.8,0.0,10.0,140,Moderate,1018.4,27.8
2024-03-18,Kolkata,West Bengal,29.2,16.2,22.7,60.0,0.0,9.6,85,Satisfactory,1019.3,22.6
2024-03-19,Kolkata,West Bengal,30.0,17.2,23.6,46.0,0.0,7.3,136,Moderate,1015.0,9.3
2024-03-20,Kolkata,West Bengal,29.5,18.8,24.2,44.9,0.0,7.8,108,Moderate,1018.4,3.8
2024-03-21,Kolkata,West Bengal,29.6,18.1,23.8,55.2,0.0,10.6,117,Moderate,1014.3,12.6
2024-03-22,Kolkata,West Bengal,30.0,16.5,23.2,42.0,0.0,11.4,152,Moderate,1014.8,6.9
2024-03-23,Kolkata,West Bengal,28.7,16.8,22.8,49.2,0.0,6.9,98,Satisfactory,1015.5,15.8
2024-03-24,Kolkata,West Bengal,28.8,16.0,22.4,53.2,0.0,6.7,93,Satisfactory,1017.3,21.4
2024-03-25,Kolkata,West Bengal,26.7,15.3,21.0,51.8,0.0,13.3,98,Satisfactory,1015.0,13.3
2024-03-26,Kolkata,West Bengal,26.5,15.5,21.0,56.0,0.0,7.0,144,Moderate,1018.8,40.8
2024-03-27,Kolkata,West Bengal,27.4,16.1,21.8,53.8,0.0,7.4,112,Moderate,1017.8,36.3
2024-03-28,Kolkata,West Bengal,29.9,16.8,23.4,52.9,0.0,8.2,105,Moderate,1014.6,16.0
2024-03-29,Kolkata,West Bengal,30.7,18.2,24.5,46.4,0.0,7.4,109,Moderate,1012.1,5.2
2024-03-30,Kolkata,West Bengal,32.2,19.2,25.7,52.1,0.0,7.5,81,Satisfactory,1015.6,17.6
2024-03-31,Kolkata,West Bengal,33.8,19.9,26.9,48.0,0.0,7.5,105,Moderate,1008.9,15.6
2024-04-01,Kolkata,West Bengal,31.5,21.5,26.5,49.9,0.0,9.0,87,Satisfactory,1014.5,16.9
2024-04-02,Kolkata,West Bengal,31.2,18.6,24.9,52.8,0.0,6.6,129,Moderate,1011.7,13.3
2024-04-03,Kolkata,West Bengal,30.1,18.8,24.5,44.0,0.0,10.6,106,Moderate,1015.8,4.6
2024-04-04,Kolkata,West Bengal,27.8,16.7,22.3,56.4,0.0,6.8,68,Satisfactory,1011.0,21.2
2024-04-05,Kolkata,West Bengal,28.1,16.6,22.3,48.9,0.0,12.8,73,Satisfactory,1012.2,15.9
2024-04-06,Kolkata,West Bengal,28.4,16.3,22.4,43.0,0.0,7.9,102,Moderate,1014.3,17.3
2024-04-07,Kolkata,West Bengal,29.8,17.5,23.7,48.4,0.0,7.8,68,Satisfactory,1014.1,21.6
2024-04-08,Kolkata,West Bengal,31.1,18.1,24.6,45.2,0.0,6.6,67,Satisfactory,1011.2,19.0
2024-04-09,Kolkata,West Bengal,30.4,18.2,24.3,51.5,0.0,6.5,79,Satisfactory,1011.7,21.3
2024-04-10,Kolkata,West Bengal,31.6,18.5,25.1,46.2,0.0,8.6,90,Satisfactory,1013.9,14.4
2024-04-11,Kolkata,West Bengal,31.1,20.5,25.8,50.0,0.0,6.6,109,Moderate,1013.6,24.7
2024-04-12,Kolkata,West Bengal,33.1,19.2,26.1,50.9,0.0,7.5,87,Satisfactory,1010.7,9.6
2024-04-13,Kolkata,West Bengal,31.6,21.8,26.7,51.8,5.9,10.0,123,Moderate,1009.8,4.3
2024-04-14,Kolkata,West Bengal,33.4,19.0,26.2,47.0,0.0,9.1,60,Satisfactory,1008.3,7.6
2024-04-15,Kolkata,West Bengal,34.1,20.0,27.1,51.0,0.0,8.2,92,Satisfactory,1011.1,10.3
2024-04-16,Kolkata,West Bengal,33.1,19.1,26.1,43.8,0.0,8.9,48,Good,1012.4,2.5
2024-04-17,Kolkata,West Bengal,32.5,16.9,24.7,37.4,0.0,10.1,103,Moderate,1011.3,0.0
2024-04-18,Kolkata,West Bengal,30.4,20.7,25.6,45.1,0.0,8.0,101,Moderate,1008.7,28.4
2024-04-19,Kolkata,West Bengal,30.8,19.4,25.1,52.9,0.0,10.7,78,Satisfactory,1014.1,39.7
2024-04-20,Kolkata,West Bengal,31.7,20.2,26.0,55.1,0.0,8.7,28,Good,1005.9,29.4
2024-04-21,Kolkata,West Bengal,31.3,18.8,25.1,47.9,0.0,11.4,73,Satisfactory,1012.0,15.6
2024-04-22,Kolkata,West Bengal,30.8,18.6,24.7,51.8,0.0,8.9,44,Good,1010.6,0.0
2024-04-23,Kolkata,West Bengal,30.3,18.3,24.3,61.1,0.0,7.0,76,Satisfactory,1011.0,26.0
2024-04-24,Kolkata,West Bengal,30.6,17.0,23.8,42.6,0.0,7.7,31,Good,1008.5,1.4
2024-04-25,Kolkata,West Bengal,30.0,18.9,24.5,62.0,7.8,8.7,57,Satisfactory,1009.4,22.6
2024-04-26,Kolkata,West Bengal,31.2,18.8,25.0,40.8,0.0,17.6,26,Good,1010.0,12.7
2024-04-27,Kolkata,West Bengal,30.9,18.9,24.9,55.7,0.0,7.6,41,Good,1009.1,0.0
2024-04-28,Kolkata,West Bengal,29.6,19.8,24.7,56.6,0.0,15.9,48,Good,1005.6,45.4
2024-04-29,Kolkata,West Bengal,31.3,17.6,24.4,47.6,0.0,11.2,45,Good,1012.5,7.6
2024-04-30,Kolkata,West Bengal,32.1,19.2,25.6,50.7,0.0,11.4,40,Good,1009.9,19.9
2024-05-01,Kolkata,West Bengal,31.3,18.9,25.1,48.2,0.0,10.4,62,Satisfactory,1008.7,23.7
2024-05-02,Kolkata,West Bengal,31.8,18.9,25.3,58.8,5.7,15.5,68,Satisfactory,1008.6,19.2
2024-05-03,Kolkata,West Bengal,33.4,21.4,27.4,49.1,0.0,8.0,55,Satisfactory,1011.0,31.5
2024-05-04,Kolkata,West Bengal,34.7,23.1,28.9,45.1,0.0,11.2,15,Good,1005.6,14.1
2024-05-05,Kolkata,West Bengal,34.7,23.3,29.0,44.7,0.0,7.4,15,Good,1004.9,30.2
2024-05-06,Kolkata,West Bengal,36.5,24.3,30.4,46.9,0.0,8.1,46,Good,1008.0,29.0
2024-05-07,Kolkata,West Bengal,35.7,24.3,30.0,42.5,0.0,10.8,59,Satisfactory,1007.2,5.9
2024-05-08,Kolkata,West Bengal,34.3,24.6,29.4,48.0,0.0,11.7,36,Good,1004.2,29.3
2024-05-09,Kolkata,West Bengal,33.1,22.3,27.7,48.9,0.0,10.1,47,Good,1008.8,12.9
2024-05-10,Kolkata,West Bengal,33.5,23.0,28.2,43.8,0.0,7.1,41,Good,1006.9,11.5
2024-05-11,Kolkata,West Bengal,31.6,21.9,26.7,63.6,0.0,8.0,59,Satisfactory,1004.8,33.3
2024-05-12,Kolkata,West Bengal,33.7,22.7,28.2,51.8,0.0,7.6,52,Satisfactory,1007.0,23.2
2024-05-13,Kolkata,West Bengal,34.3,22.1,28.2,57.3,0.0,9.2,15,Good,1006.5,34.7
2024-05-14,Kolkata,West Bengal,31.5,21.4,26.5,61.8,0.0,7.6,45,Good,1006.0,36.4
2024-05-15,Kolkata,West Bengal,32.3,21.6,26.9,62.1,0.0,8.5,15,Good,1006.6,11.4
2024-05-16,Kolkata,West Bengal,33.4,23.2,28.3,62.5,0.0,8.5,41,Good,1006.6,41.6
2024-05-17,Kolkata,West Bengal,34.1,23.8,28.9,55.2,3.7,12.9,15,Good,1006.8,35.5
2024-05-18,Kolkata,West Bengal,35.8,25.2,30.5,47.6,0.0,8.7,32,Good,1004.6,23.0
2024-05-19,Kolkata,West Bengal,37.9,27.6,32.8,54.5,0.0,16.5,15,Good,1003.1,28.6
2024-05-20,Kolkata,West Bengal,37.8,26.8,32.3,61.9,0.0,9.0,31,Good,1004.1,42.3
2024-05-21,Kolkata,West Bengal,35.3,25.8,30.6,56.1,0.0,11.0,50,Satisfactory,1006.3,28.8
2024-05-22,Kolkata,West Bengal,32.6,25.9,29.3,64.9,0.0,10.4,20,Good,1005.4,64.4
2024-05-23,Kolkata,West Bengal,35.2,25.8,30.5,63.2,0.0,10.1,23,Good,1002.9,55.6
2024-05-24,Kolkata,West Bengal,34.7,25.1,29.9,49.8,0.0,12.2,42,Good,1003.7,37.6
2024-05-25,Kolkata,West Bengal,35.7,23.7,29.7,59.6,0.0,9.9,59,Satisfactory,1006.9,33.6
2024-05-26,Kolkata,West Bengal,33.1,23.0,28.0,64.7,0.0,9.1,19,Good,1005.3,36.0
2024-05-27,Kolkata,West Bengal,33.4,23.0,28.2,60.1,6.0,11.8,15,Good,1003.9,30.9
2024-05-28,Kolkata,West Bengal,34.8,24.2,29.5,67.7,0.0,8.7,15,Good,1005.4,41.1
2024-05-29,Kolkata,West Bengal,33.8,26.2,30.0,69.8,0.0,9.6,25,Good,1001.8,49.6
2024-05-30,Kolkata,West Bengal,35.0,23.6,29.3,56.6,0.0,12.5,15,Good,1003.6,22.3
2024-05-31,Kolkata,West Bengal,32.6,24.0,28.3,69.1,0.0,10.2,15,Good,1006.8,51.7
2024-06-01,Kolkata,West Bengal,31.4,21.9,26.7,70.1,0.0,11.5,32,Good,1004.6,57.6
2024-06-02,Kolkata,West Bengal,31.8,23.6,27.7,58.5,0.0,11.2,25,Good,1006.1,52.9
2024-06-03,Kolkata,West Bengal,30.9,21.3,26.1,67.7,3.5,9.7,33,Good,1003.0,44.9
2024-06-04,Kolkata,West Bengal,32.9,24.5,28.7,64.0,0.0,10.5,37,Good,1001.4,53.5
2024-06-05,Kolkata,West Bengal,34.0,25.7,29.9,71.9,0.0,9.3,15,Good,1004.2,64.5
2024-06-06,Kolkata,West Bengal,34.9,26.0,30.4,70.7,0.0,13.6,15,Good,997.9,46.1
2024-06-07,Kolkata,West Bengal,35.0,25.8,30.4,67.3,1.0,10.3,27,Good,1001.8,48.3
2024-06-08,Kolkata,West Bengal,34.2,25.6,29.9,71.6,0.0,14.0,15,Good,1003.5,79.1
2024-06-09,Kolkata,West Bengal,33.5,25.3,29.4,72.9,0.0,10.7,15,Good,1002.6,54.8
2024-06-10,Kolkata,West Bengal,33.4,23.5,28.5,81.6,11.1,12.4,15,Good,997.4,37.9
2024-06-11,Kolkata,West Bengal,34.0,24.1,29.1,64.6,0.0,9.7,26,Good,998.6,64.9
2024-06-12,Kolkata,West Bengal,34.0,25.6,29.8,75.3,10.6,13.8,15,Good,1000.7,58.8
2024-06-13,Kolkata,West Bengal,32.2,25.7,29.0,69.7,0.0,11.1,15,Good,1002.0,45.5
2024-06-14,Kolkata,West Bengal,32.5,24.0,28.2,70.4,0.0,10.7,15,Good,1002.1,40.7
2024-06-15,Kolkata,West Bengal,32.0,25.4,28.7,76.6,0.0,9.9,15,Good,1000.8,60.2
2024-06-16,Kolkata,West Bengal,32.7,23.8,28.3,75.6,0.0,22.0,15,Good,1002.3,57.3
2024-06-17,Kolkata,West Bengal,34.2,25.1,29.7,76.3,0.0,9.9,15,Good,1001.2,40.9
2024-06-18,Kolkata,West Bengal,35.1,26.2,30.7,75.6,11.1,18.4,15,Good,999.7,57.4
2024-06-19,Kolkata,West Bengal,33.7,25.3,29.5,67.6,0.0,16.7,15,Good,1001.2,58.2
2024-06-20,Kolkata,West Bengal,36.1,27.8,32.0,83.8,0.0,10.1,15,Good,998.1,59.0
2024-06-21,Kolkata,West Bengal,34.4,28.5,31.4,86.0,0.0,11.9,15,Good,1000.7,68.0
2024-06-22,Kolkata,West Bengal,34.6,25.0,29.8,72.6,0.3,11.8,15,Good,998.1,38.4
2024-06-23,Kolkata,West Bengal,33.9,24.2,29.1,79.3,0.0,12.1,15,Good,1000.8,48.9
2024-06-24,Kolkata,West Bengal,32.6,26.4,29.5,87.5,0.0,12.8,15,Good,1000.6,58.3
2024-06-25,Kolkata,West Bengal,35.3,29.8,32.5,90.3,0.0,15.4,15,Good,998.1,82.8
2024-06-26,Kolkata,West Bengal,35.5,30.4,32.9,95.5,5.1,10.8,15,Good,999.8,98.0
2024-06-27,Kolkata,West Bengal,35.5,28.5,32.0,84.9,0.0,12.2,29,Good,1001.8,66.4
2024-06-28,Kolkata,West Bengal,36.6,28.3,32.4,87.3,6.3,11.7,15,Good,996.4,67.6
2024-06-29,Kolkata,West Bengal,38.8,28.9,33.8,82.3,20.7,11.7,15,Good,999.9,32.8
2024-06-30,Kolkata,West Bengal,36.1,29.9,33.0,85.3,0.0,12.7,15,Good,1000.4,81.0
2024-07-01,Kolkata,West Bengal,35.5,28.5,32.0,89.4,7.5,12.3,15,Good,998.0,76.0
2024-07-02,Kolkata,West Bengal,35.4,28.4,31.9,76.7,4.4,10.5,15,Good,1000.0,74.5
2024-07-03,Kolkata,West Bengal,36.1,28.4,32.3,75.1,4.6,13.5,15,Good,997.7,53.6
2024-07-04,Kolkata,West Bengal,35.9,31.8,33.8,94.7,2.5,10.8,15,Good,1000.2,98.6
2024-07-05,Kolkata,West Bengal,35.6,29.8,32.7,95.6,27.1,15.7,15,Good,992.5,93.5
2024-07-06,Kolkata,West Bengal,33.3,28.2,30.7,88.9,10.8,13.3,15,Good,1001.4,78.2
2024-07-07,Kolkata,West Bengal,31.7,26.7,29.2,91.9,21.6,12.5,15,Good,996.7,89.6
2024-07-08,Kolkata,West Bengal,33.1,28.3,30.7,89.4,8.7,11.3,15,Good,998.6,76.1
2024-07-09,Kolkata,West Bengal,35.8,29.9,32.9,93.1,0.0,13.9,15,Good,996.2,86.1
2024-07-10,Kolkata,West Bengal,36.4,27.9,32.2,75.1,19.4,13.1,15,Good,1001.0,57.3
2024-07-11,Kolkata,West Bengal,34.7,27.6,31.1,87.3,14.5,13.3,35,Good,997.8,44.9
2024-07-12,Kolkata,West Bengal,35.7,28.8,32.3,87.7,0.0,13.6,15,Good,996.8,58.8
2024-07-13,Kolkata,West Bengal,34.4,28.3,31.3,91.3,0.0,14.8,15,Good,1000.4,66.2
2024-07-14,Kolkata,West Bengal,34.3,26.9,30.6,91.0,7.3,14.0,15,Good,999.8,69.3
2024-07-15,Kolkata,West Bengal,35.1,28.4,31.8,87.3,22.4,17.9,15,Good,997.4,84.3
2024-07-16,Kolkata,West Bengal,33.8,28.4,31.1,87.4,11.7,14.9,15,Good,996.3,75.1
2024-07-17,Kolkata,West Bengal,32.5,29.5,31.0,100.0,18.3,14.0,15,Good,996.0,78.6
2024-07-18,Kolkata,West Bengal,34.5,26.6,30.6,87.7,0.0,13.6,15,Good,1001.0,62.9
2024-07-19,Kolkata,West Bengal,34.0,27.1,30.6,94.9,0.0,12.1,15,Good,999.3,61.9
2024-07-20,Kolkata,West Bengal,35.3,29.7,32.5,87.9,27.7,11.6,15,Good,998.3,79.3
2024-07-21,Kolkata,West Bengal,34.8,27.8,31.3,92.5,13.5,11.1,15,Good,999.3,71.9
2024-07-22,Kolkata,West Bengal,33.7,28.6,31.2,92.3,0.0,14.8,15,Good,994.5,79.7
2024-07-23,Kolkata,West Bengal,33.5,29.1,31.3,94.6,0.0,13.5,44,Good,997.8,87.2
2024-07-24,Kolkata,West Bengal,33.1,29.3,31.2,97.2,8.1,15.0,15,Good,998.0,100.0
2024-07-25,Kolkata,West Bengal,33.9,27.9,30.9,100.0,9.5,17.6,15,Good,1000.7,79.5
2024-07-26,Kolkata,West Bengal,32.4,27.5,29.9,100.0,11.9,13.3,15,Good,996.1,100.0
2024-07-27,Kolkata,West Bengal,32.4,25.7,29.0,98.5,28.8,11.7,15,Good,1001.5,86.3
2024-07-28,Kolkata,West Bengal,31.6,26.4,29.0,96.0,12.0,15.8,15,Good,1003.0,90.1
2024-07-29,Kolkata,West Bengal,32.2,27.8,30.0,91.5,24.8,13.1,15,Good,995.8,94.3
2024-07-30,Kolkata,West Bengal,31.2,25.5,28.3,91.3,5.0,12.4,15,Good,999.9,90.4
2024-07-31,Kolkata,West Bengal,32.6,27.2,29.9,99.2,16.5,12.3,15,Good,1000.5,67.8
2024-08-01,Kolkata,West Bengal,31.8,25.8,28.8,91.1,1.4,14.6,15,Good,1001.7,94.5
2024-08-02,Kolkata,West Bengal,30.4,24.3,27.3,92.7,5.8,14.5,15,Good,996.1,74.6
2024-08-03,Kolkata,West Bengal,31.6,26.4,29.0,96.0,6.0,16.5,15,Good,1000.8,82.6
2024-08-04,Kolkata,West Bengal,31.2,26.6,28.9,81.4,7.3,11.7,15,Good,999.8,79.8
2024-08-05,Kolkata,West Bengal,33.0,27.6,30.3,89.6,0.0,11.6,38,Good,999.4,92.6
2024-08-06,Kolkata,West Bengal,34.3,28.9,31.6,85.2,0.0,13.5,16,Good,1003.9,80.8
2024-08-07,Kolkata,West Bengal,35.1,27.8,31.5,82.7,25.8,13.8,15,Good,999.5,55.4
2024-08-08,Kolkata,West Bengal,30.7,27.7,29.2,98.5,1.3,15.8,15,Good,1001.6,100.0
2024-08-09,Kolkata,West Bengal,32.2,27.4,29.8,98.5,8.0,16.0,15,Good,1000.4,86.2
2024-08-10,Kolkata,West Bengal,32.5,26.3,29.4,85.5,8.3,13.3,15,Good,1001.4,66.4
2024-08-11,Kolkata,West Bengal,31.5,23.8,27.7,85.7,31.0,16.1,15,Good,1002.7,58.5
2024-08-12,Kolkata,West Bengal,31.1,26.0,28.6,92.4,0.0,12.7,36,Good,1003.3,86.5
2024-08-13,Kolkata,West Bengal,31.2,26.5,28.8,82.0,37.8,12.7,15,Good,1000.0,58.0
2024-08-14,Kolkata,West Bengal,33.3,27.9,30.6,91.6,0.0,12.3,49,Good,1001.5,81.6
2024-08-15,Kolkata,West Bengal,33.8,29.6,31.7,90.9,0.0,11.0,37,Good,1001.5,83.9
2024-08-16,Kolkata,West Bengal,33.5,27.2,30.4,70.2,5.0,10.6,25,Good,998.4,59.8
2024-08-17,Kolkata,West Bengal,34.5,25.9,30.2,86.2,0.0,12.9,40,Good,1000.0,57.8
2024-08-18,Kolkata,West Bengal,32.3,26.6,29.5,84.4,10.7,14.9,21,Good,1004.1,61.1
2024-08-19,Kolkata,West Bengal,33.1,24.8,29.0,83.1,0.0,11.3,31,Good,1001.7,53.2
2024-08-20,Kolkata,West Bengal,31.9,25.6,28.7,91.0,0.0,15.2,15,Good,1008.1,69.5
2024-08-21,Kolkata,West Bengal,33.1,26.9,30.0,74.6,2.2,16.2,15,Good,1004.6,69.8
2024-08-22,Kolkata,West Bengal,31.7,26.2,28.9,78.6,4.0,11.5,15,Good,1004.1,74.5
2024-08-23,Kolkata,West Bengal,33.5,25.0,29.3,78.6,0.0,10.0,18,Good,1006.3,51.5
2024-08-24,Kolkata,West Bengal,30.5,23.5,27.0,73.7,3.4,11.6,69,Satisfactory,1005.7,75.3
2024-08-25,Kolkata,West Bengal,31.0,24.3,27.6,77.2,0.0,10.4,19,Good,1004.5,48.4
2024-08-26,Kolkata,West Bengal,31.9,23.9,27.9,87.1,7.7,14.3,15,Good,1001.4,72.8
2024-08-27,Kolkata,West Bengal,32.4,24.4,28.4,76.4,18.7,12.2,38,Good,1005.7,38.9
2024-08-28,Kolkata,West Bengal,30.7,24.0,27.3,84.4,5.4,9.6,44,Good,1007.6,81.4
2024-08-29,Kolkata,West Bengal,31.8,24.5,28.1,74.9,18.4,12.6,27,Good,1003.6,50.6
2024-08-30,Kolkata,West Bengal,30.2,23.2,26.7,77.8,0.0,14.2,31,Good,1001.8,66.2
2024-08-31,Kolkata,West Bengal,29.6,23.4,26.5,77.1,19.7,11.6,45,Good,1003.6,66.4
2024-09-01,Kolkata,West Bengal,32.2,23.2,27.7,72.8,0.0,10.6,80,Satisfactory,1009.1,37.4
2024-09-02,Kolkata,West Bengal,29.9,22.6,26.3,70.8,4.2,12.1,29,Good,1006.4,66.7
2024-09-03,Kolkata,West Bengal,30.9,23.1,27.0,80.1,17.0,16.2,33,Good,1009.1,45.9
2024-09-04,Kolkata,West Bengal,33.4,24.2,28.8,67.5,4.0,14.4,62,Satisfactory,1006.0,47.2
2024-09-05,Kolkata,West Bengal,36.6,26.7,31.6,69.5,0.0,9.3,43,Good,1004.4,39.4
2024-09-06,Kolkata,West Bengal,35.0,25.0,30.0,74.8,0.0,11.4,85,Satisfactory,1010.3,71.4
2024-09-07,Kolkata,West Bengal,35.6,24.5,30.1,59.2,12.7,9.4,71,Satisfactory,1005.5,31.4
2024-09-08,Kolkata,West Bengal,35.5,25.6,30.5,75.1,0.0,10.0,31,Good,1005.8,52.6
2024-09-09,Kolkata,West Bengal,36.0,27.9,32.0,68.8,0.0,14.4,83,Satisfactory,1007.1,36.0
2024-09-10,Kolkata,West Bengal,34.2,27.9,31.0,60.9,0.0,11.1,32,Good,1006.0,59.6
2024-09-11,Kolkata,West Bengal,33.2,26.4,29.8,72.5,16.1,9.2,35,Good,1008.7,76.7
2024-09-12,Kolkata,West Bengal,37.1,25.1,31.1,62.9,0.0,10.1,79,Satisfactory,1007.9,33.7
2024-09-13,Kolkata,West Bengal,37.6,25.5,31.6,52.7,0.0,12.2,83,Satisfactory,1008.1,43.2
2024-09-14,Kolkata,West Bengal,35.9,26.5,31.2,50.4,0.0,9.5,71,Satisfactory,1006.2,35.2
2024-09-15,Kolkata,West Bengal,35.5,27.2,31.4,60.4,0.0,10.8,53,Satisfactory,1004.3,54.1
2024-09-16,Kolkata,West Bengal,35.4,24.8,30.1,54.4,0.0,9.5,66,Satisfactory,1006.5,36.0
2024-09-17,Kolkata,West Bengal,34.0,25.1,29.6,59.1,0.0,9.6,65,Satisfactory,1007.1,51.6
2024-09-18,Kolkata,West Bengal,34.3,24.0,29.2,53.4,0.0,14.1,82,Satisfactory,1009.5,32.8
2024-09-19,Kolkata,West Bengal,31.7,23.2,27.5,68.4,0.0,10.4,65,Satisfactory,1007.9,70.0
2024-09-20,Kolkata,West Bengal,34.0,19.0,26.5,51.0,7.7,11.3,52,Satisfactory,1007.1,7.7
2024-09-21,Kolkata,West Bengal,32.6,21.4,27.0,67.9,0.0,10.2,45,Good,1007.8,42.5
2024-09-22,Kolkata,West Bengal,34.6,22.4,28.5,60.1,0.0,8.0,72,Satisfactory,1010.7,35.4
2024-09-23,Kolkata,West Bengal,33.5,24.8,29.2,61.9,0.8,8.3,83,Satisfactory,1011.3,33.8
2024-09-24,Kolkata,West Bengal,34.2,22.9,28.5,50.5,0.0,13.8,49,Good,1009.3,38.1
2024-09-25,Kolkata,West Bengal,33.5,23.9,28.7,54.4,0.0,13.2,38,Good,1009.7,34.1
2024-09-26,Kolkata,West Bengal,35.0,22.9,29.0,57.9,0.0,9.9,109,Moderate,1011.9,35.5
2024-09-27,Kolkata,West Bengal,34.6,22.9,28.7,59.7,0.0,8.4,70,Satisfactory,1011.2,37.6
2024-09-28,Kolkata,West Bengal,33.6,23.9,28.7,57.8,0.0,7.6,67,Satisfactory,1013.5,55.7
2024-09-29,Kolkata,West Bengal,34.1,21.9,28.0,46.5,0.0,17.0,108,Moderate,1011.2,0.0
2024-09-30,Kolkata,West Bengal,35.5,26.8,31.1,56.3,0.0,7.9,117,Moderate,1009.2,54.3
2024-10-01,Kolkata,West Bengal,36.3,28.1,32.2,57.5,0.0,8.3,122,Moderate,1012.9,63.1
2024-10-02,Kolkata,West Bengal,39.3,25.6,32.4,55.9,0.0,8.5,112,Moderate,1010.2,2.0
2024-10-03,Kolkata,West Bengal,36.7,25.1,30.9,53.1,0.0,8.1,132,Moderate,1009.9,27.5
2024-10-04,Kolkata,West Bengal,36.3,24.9,30.6,55.6,0.0,9.3,121,Moderate,1013.6,45.7
2024-10-05,Kolkata,West Bengal,36.8,24.7,30.8,47.2,0.0,16.0,78,Satisfactory,1014.8,38.7
2024-10-06,Kolkata,West Bengal,35.9,27.0,31.5,48.6,0.0,9.0,82,Satisfactory,1012.3,48.4
2024-10-07,Kolkata,West Bengal,35.9,24.4,30.1,50.5,0.0,9.9,77,Satisfactory,1010.5,30.4
2024-10-08,Kolkata,West Bengal,34.6,21.0,27.8,52.0,0.0,10.6,102,Moderate,1016.4,0.0
2024-10-09,Kolkata,West Bengal,33.3,23.3,28.3,54.3,0.0,11.3,80,Satisfactory,1014.1,43.6
2024-10-10,Kolkata,West Bengal,35.6,23.7,29.7,50.9,0.0,9.3,94,Satisfactory,1013.6,33.0
2024-10-11,Kolkata,West Bengal,32.3,21.7,27.0,52.6,0.0,7.7,114,Moderate,1013.3,45.7
2024-10-12,Kolkata,West Bengal,34.4,21.9,28.1,37.0,0.0,10.5,142,Moderate,1016.2,2.6
2024-10-13,Kolkata,West Bengal,36.2,23.5,29.9,47.1,0.0,13.9,71,Satisfactory,1011.4,5.6
2024-10-14,Kolkata,West Bengal,35.6,24.2,29.9,47.1,0.0,8.0,122,Moderate,1011.4,22.5
2024-10-15,Kolkata,West Bengal,34.5,24.8,29.6,54.6,0.0,9.8,90,Satisfactory,1017.9,40.7
2024-10-16,Kolkata,West Bengal,35.5,25.3,30.4,53.0,0.0,10.5,105,Moderate,1012.3,43.8
2024-10-17,Kolkata,West Bengal,34.1,22.9,28.5,41.6,0.0,8.2,146,Moderate,1016.6,11.8
2024-10-18,Kolkata,West Bengal,33.5,20.9,27.2,49.5,0.0,11.0,101,Moderate,1018.0,16.7
2024-10-19,Kolkata,West Bengal,33.7,23.2,28.5,50.7,0.0,12.0,113,Moderate,1015.5,61.5
2024-10-20,Kolkata,West Bengal,31.1,18.8,24.9,50.5,0.0,9.6,129,Moderate,1014.5,15.4
2024-10-21,Kolkata,West Bengal,32.5,20.4,26.4,51.4,0.0,10.8,140,Moderate,1017.2,31.4
2024-10-22,Kolkata,West Bengal,32.9,20.5,26.7,55.5,0.0,8.5,120,Moderate,1018.9,15.1
2024-10-23,Kolkata,West Bengal,31.4,21.1,26.3,46.5,0.0,7.1,165,Moderate,1017.0,28.1
2024-10-24,Kolkata,West Bengal,33.1,18.4,25.7,40.3,0.0,7.4,128,Moderate,1015.2,9.4
2024-10-25,Kolkata,West Bengal,28.9,18.7,23.8,46.5,0.0,14.6,131,Moderate,1018.0,10.7
2024-10-26,Kolkata,West Bengal,31.6,19.3,25.4,51.5,0.0,12.0,125,Moderate,1014.3,16.0
2024-10-27,Kolkata,West Bengal,32.4,20.6,26.5,32.8,0.0,7.3,159,Moderate,1015.0,12.6
2024-10-28,Kolkata,West Bengal,31.8,18.0,24.9,53.2,0.0,7.2,189,Moderate,1017.0,16.8
2024-10-29,Kolkata,West Bengal,31.1,19.5,25.3,49.8,0.0,10.3,132,Moderate,1017.7,27.9
2024-10-30,Kolkata,West Bengal,32.2,19.5,25.9,48.7,0.0,19.2,116,Moderate,1015.1,46.5
2024-10-31,Kolkata,West Bengal,31.3,18.7,25.0,45.5,0.0,8.9,135,Moderate,1018.4,12.0
2024-11-01,Kolkata,West Bengal,29.5,17.3,23.4,43.8,0.0,7.5,137,Moderate,1019.6,7.3
2024-11-02,Kolkata,West Bengal,28.5,18.2,23.3,44.4,0.0,11.0,126,Moderate,1018.3,21.1
2024-11-03,Kolkata,West Bengal,29.8,15.9,22.8,38.5,0.0,12.4,139,Moderate,1014.6,9.1
2024-11-04,Kolkata,West Bengal,29.5,16.9,23.2,49.5,0.0,10.2,129,Moderate,1019.2,0.0
2024-11-05,Kolkata,West Bengal,30.0,19.3,24.7,49.5,0.0,9.8,133,Moderate,1022.4,34.5
2024-11-06,Kolkata,West Bengal,32.4,19.1,25.7,46.2,0.0,7.1,87,Satisfactory,1019.5,19.9
2024-11-07,Kolkata,West Bengal,30.7,17.7,24.2,54.0,0.0,11.0,179,Moderate,1019.2,22.1
2024-11-08,Kolkata,West Bengal,30.7,17.8,24.3,45.1,0.0,10.2,188,Moderate,1018.5,0.0
2024-11-09,Kolkata,West Bengal,29.9,17.7,23.8,39.8,0.0,8.1,173,Moderate,1020.6,11.3
2024-11-10,Kolkata,West Bengal,30.7,19.0,24.8,47.7,0.0,6.8,144,Moderate,1019.7,0.0
2024-11-11,Kolkata,West Bengal,29.5,19.4,24.5,56.0,0.0,7.9,134,Moderate,1021.0,18.6
2024-11-12,Kolkata,West Bengal,29.6,16.9,23.3,52.6,0.0,8.7,126,Moderate,1017.8,21.3
2024-11-13,Kolkata,West Bengal,31.0,18.1,24.6,44.5,0.0,10.4,172,Moderate,1020.0,20.4
2024-11-14,Kolkata,West Bengal,31.6,18.4,25.0,38.6,0.0,10.9,185,Moderate,1018.8,8.8
2024-11-15,Kolkata,West Bengal,31.0,17.8,24.4,41.3,0.0,8.5,168,Moderate,1020.8,6.5
2024-11-16,Kolkata,West Bengal,30.8,19.1,25.0,47.8,0.0,8.3,185,Moderate,1016.1,15.2
2024-11-17,Kolkata,West Bengal,31.1,17.8,24.5,56.5,0.0,11.5,169,Moderate,1019.5,23.1
2024-11-18,Kolkata,West Bengal,29.2,18.2,23.7,43.3,0.0,9.5,149,Moderate,1021.6,10.4
2024-11-19,Kolkata,West Bengal,29.9,17.3,23.6,42.8,0.0,10.1,187,Moderate,1022.1,5.3
2024-11-20,Kolkata,West Bengal,31.8,18.5,25.1,49.9,0.0,8.0,192,Moderate,1020.3,4.9
2024-11-21,Kolkata,West Bengal,31.3,18.4,24.8,43.6,0.0,11.4,142,Moderate,1016.2,8.3
2024-11-22,Kolkata,West Bengal,29.0,16.4,22.7,56.8,0.0,7.6,192,Moderate,1022.5,12.4
2024-11-23,Kolkata,West Bengal,28.8,16.1,22.5,45.7,0.0,15.2,153,Moderate,1024.6,3.4
2024-11-24,Kolkata,West Bengal,28.1,15.0,21.5,55.0,0.0,7.0,173,Moderate,1020.1,13.0
2024-11-25,Kolkata,West Bengal,25.5,15.9,20.7,57.0,0.0,8.8,183,Moderate,1021.3,37.0
2024-11-26,Kolkata,West Bengal,28.5,16.2,22.4,52.4,0.0,6.9,188,Moderate,1023.3,14.5
2024-11-27,Kolkata,West Bengal,29.7,15.8,22.8,44.7,0.0,9.9,193,Moderate,1023.4,0.9
2024-11-28,Kolkata,West Bengal,29.0,15.8,22.4,45.1,0.0,11.9,151,Moderate,1024.1,0.0
2024-11-29,Kolkata,West Bengal,27.1,16.7,21.9,57.9,0.0,10.1,187,Moderate,1024.1,44.3
2024-11-30,Kolkata,West Bengal,27.0,15.8,21.4,58.0,0.0,7.9,156,Moderate,1019.3,34.8
2024-12-01,Kolkata,West Bengal,25.6,15.5,20.6,54.7,3.4,6.9,178,Moderate,1021.7,23.3
2024-12-02,Kolkata,West Bengal,23.8,14.5,19.1,47.2,0.0,7.9,180,Moderate,1024.4,36.4
2024-12-03,Kolkata,West Bengal,26.4,14.6,20.5,54.2,0.0,10.2,199,Moderate,1022.6,26.6
2024-12-04,Kolkata,West Bengal,27.1,15.4,21.3,47.0,0.0,7.1,187,Moderate,1023.4,17.6
2024-12-05,Kolkata,West Bengal,28.2,15.3,21.8,43.5,0.0,6.6,183,Moderate,1022.3,0.9
2024-12-06,Kolkata,West Bengal,25.0,14.2,19.6,60.2,0.0,8.2,216,Poor,1022.4,46.3
2024-12-07,Kolkata,West Bengal,24.7,13.2,19.0,59.7,0.0,6.9,180,Moderate,1023.0,13.8
2024-12-08,Kolkata,West Bengal,24.2,14.1,19.2,50.0,0.0,9.3,173,Moderate,1021.3,14.3
2024-12-09,Kolkata,West Bengal,27.1,13.3,20.2,61.4,0.0,8.4,145,Moderate,1021.8,19.6
2024-12-10,Kolkata,West Bengal,28.0,14.7,21.3,45.1,0.0,8.2,183,Moderate,1022.9,19.1
2024-12-11,Kolkata,West Bengal,26.4,13.6,20.0,59.5,0.0,15.9,147,Moderate,1023.4,27.1
2024-12-12,Kolkata,West Bengal,24.5,14.0,19.2,55.8,0.0,9.7,179,Moderate,1024.9,25.9
2024-12-13,Kolkata,West Bengal,26.3,13.6,19.9,50.9,0.0,6.2,200,Moderate,1023.0,10.9
2024-12-14,Kolkata,West Bengal,25.4,14.5,19.9,58.6,0.0,15.0,148,Moderate,1027.0,19.3
2024-12-15,Kolkata,West Bengal,27.4,15.8,21.6,48.6,0.0,8.8,171,Moderate,1025.7,25.5
2024-12-16,Kolkata,West Bengal,28.5,15.9,22.2,53.9,0.0,8.0,156,Moderate,1022.1,8.2
2024-12-17,Kolkata,West Bengal,27.5,17.7,22.6,52.6,0.0,9.1,177,Moderate,1023.4,37.5
2024-12-18,Kolkata,West Bengal,28.9,16.1,22.5,46.0,0.0,7.0,174,Moderate,1025.5,17.0
2024-12-19,Kolkata,West Bengal,27.7,17.2,22.4,47.6,0.0,8.4,238,Poor,1021.8,39.6
2024-12-20,Kolkata,West Bengal,30.3,15.0,22.6,53.3,0.0,11.3,217,Poor,1021.6,0.0
2024-12-21,Kolkata,West Bengal,29.5,17.7,23.6,56.0,0.0,8.1,222,Poor,1025.4,25.6
2024-12-22,Kolkata,West Bengal,28.8,18.2,23.5,43.2,0.0,7.7,165,Moderate,1024.3,4.0
2024-12-23,Kolkata,West Bengal,28.7,17.5,23.1,49.4,0.0,7.4,191,Moderate,1025.2,7.8
2024-12-24,Kolkata,West Bengal,28.6,15.1,21.9,53.2,0.0,10.8,160,Moderate,1024.0,30.0
2024-12-25,Kolkata,West Bengal,27.2,15.1,21.2,47.9,0.0,9.4,231,Poor,1023.1,14.6
2024-12-26,Kolkata,West Bengal,25.3,15.4,20.3,63.9,0.0,15.1,194,Moderate,1021.2,54.6
2024-12-27,Kolkata,West Bengal,26.8,15.0,20.9,49.0,0.0,14.1,155,Moderate,1024.0,25.1
2024-12-28,Kolkata,West Bengal,28.2,13.9,21.1,37.3,0.0,8.2,202,Poor,1026.1,8.0
2024-12-29,Kolkata,West Bengal,25.7,15.9,20.8,53.6,0.0,10.0,156,Moderate,1026.2,25.2
2024-12-30,Kolkata,West Bengal,25.9,12.2,19.1,51.8,0.0,7.9,191,Moderate,1026.4,15.6
2024-12-31,Kolkata,West Bengal,26.6,13.9,20.2,50.8,0.0,7.7,191,Moderate,1025.5,29.8
2025-01-01,Kolkata,West Bengal,26.1,13.6,19.8,46.1,0.0,7.6,211,Poor,1028.5,14.2
2025-01-02,Kolkata,West Bengal,26.3,14.1,20.2,44.6,0.0,7.5,217,Poor,1020.8,23.8
2025-01-03,Kolkata,West Bengal,25.6,13.9,19.8,50.4,0.0,11.3,186,Moderate,1024.5,21.2
2025-01-04,Kolkata,West Bengal,26.3,15.8,21.0,46.3,0.0,7.7,190,Moderate,1021.8,18.7
2025-01-05,Kolkata,West Bengal,27.4,15.5,21.5,58.1,0.0,8.0,123,Moderate,1026.7,31.9
2025-01-06,Kolkata,West Bengal,28.3,14.6,21.5,48.8,0.0,9.3,225,Poor,1022.4,0.0
2025-01-07,Kolkata,West Bengal,29.9,17.3,23.6,46.0,0.0,9.1,176,Moderate,1024.9,17.4
2025-01-08,Kolkata,West Bengal,30.7,17.1,23.9,48.3,0.0,8.9,193,Moderate,1021.9,6.0
2025-01-09,Kolkata,West Bengal,30.3,17.5,23.9,43.9,0.0,12.0,232,Poor,1023.6,0.0
2025-01-10,Kolkata,West Bengal,31.8,17.1,24.5,43.5,0.0,7.7,167,Moderate,1022.4,3.7
2025-01-11,Kolkata,West Bengal,28.9,16.0,22.4,47.0,0.0,7.5,194,Moderate,1023.1,8.0
2025-01-12,Kolkata,West Bengal,28.1,15.0,21.5,58.1,0.0,6.1,208,Poor,1024.0,13.9
2025-01-13,Kolkata,West Bengal,29.0,17.3,23.1,52.8,0.0,10.1,210,Poor,1024.7,20.9
2025-01-14,Kolkata,West Bengal,27.7,14.9,21.3,50.3,0.0,10.0,186,Moderate,1023.1,24.9
2025-01-15,Kolkata,West Bengal,27.8,15.0,21.4,53.3,0.0,11.6,208,Poor,1025.1,11.5
2025-01-16,Kolkata,West Bengal,27.5,16.8,22.2,58.6,0.0,8.2,181,Moderate,1025.1,39.0
2025-01-17,Kolkata,West Bengal,28.6,14.7,21.6,50.0,0.0,8.5,201,Poor,1022.3,11.9
2025-01-18,Kolkata,West Bengal,26.3,14.5,20.4,45.4,0.0,11.2,191,Moderate,1027.2,0.0
2025-01-19,Kolkata,West Bengal,25.5,13.3,19.4,48.8,0.0,7.9,187,Moderate,1025.2,13.6
2025-01-20,Kolkata,West Bengal,25.0,13.5,19.3,46.7,0.0,8.7,194,Moderate,1022.8,19.2
2025-01-21,Kolkata,West Bengal,27.3,13.5,20.4,47.9,0.0,11.9,159,Moderate,1024.5,0.0
2025-01-22,Kolkata,West Bengal,26.6,15.2,20.9,51.2,0.0,9.9,176,Moderate,1025.2,34.5
2025-01-23,Kolkata,West Bengal,28.3,15.9,22.1,47.0,0.0,8.1,158,Moderate,1023.9,15.4
2025-01-24,Kolkata,West Bengal,27.2,14.6,20.9,50.1,0.0,11.1,168,Moderate,1023.4,1.4
2025-01-25,Kolkata,West Bengal,24.7,11.6,18.1,58.4,0.0,8.5,209,Poor,1016.8,5.8
2025-01-26,Kolkata,West Bengal,23.9,12.2,18.0,57.3,0.0,11.2,186,Moderate,1021.7,30.0
2025-01-27,Kolkata,West Bengal,23.6,12.5,18.1,55.2,0.0,9.3,187,Moderate,1024.9,31.7
2025-01-28,Kolkata,West Bengal,26.5,12.5,19.5,49.6,0.0,7.8,149,Moderate,1021.1,9.3
2025-01-29,Kolkata,West Bengal,28.2,14.1,21.2,52.1,0.0,7.1,192,Moderate,1023.6,0.0
2025-01-30,Kolkata,West Bengal,26.7,14.5,20.6,53.1,0.0,10.6,174,Moderate,1024.4,19.6
2025-01-31,Kolkata,West Bengal,26.2,16.6,21.4,52.0,0.0,10.9,185,Moderate,1022.1,21.7
2025-02-01,Kolkata,West Bengal,27.5,16.0,21.8,52.8,0.0,12.4,199,Moderate,1018.6,25.0
2025-02-02,Kolkata,West Bengal,29.8,16.3,23.0,39.8,0.0,10.2,165,Moderate,1020.2,8.5
2025-02-03,Kolkata,West Bengal,28.8,16.7,22.8,50.5,0.0,8.3,171,Moderate,1023.1,14.9
2025-02-04,Kolkata,West Bengal,28.4,15.9,22.2,45.1,0.0,9.3,194,Moderate,1024.3,17.2
2025-02-05,Kolkata,West Bengal,27.7,16.6,22.1,54.4,0.0,8.8,161,Moderate,1017.5,30.5
2025-02-06,Kolkata,West Bengal,27.7,16.4,22.0,50.0,0.0,8.3,177,Moderate,1021.8,35.7
2025-02-07,Kolkata,West Bengal,27.8,15.6,21.7,57.7,0.0,6.9,133,Moderate,1018.7,39.7
2025-02-08,Kolkata,West Bengal,28.3,16.5,22.4,52.5,0.0,7.1,169,Moderate,1021.5,35.1
2025-02-09,Kolkata,West Bengal,25.3,16.2,20.8,50.6,0.0,10.7,194,Moderate,1021.4,43.3
2025-02-10,Kolkata,West Bengal,24.8,15.3,20.1,53.0,0.0,7.4,180,Moderate,1026.5,32.5
2025-02-11,Kolkata,West Bengal,26.6,13.3,19.9,60.6,0.0,8.2,190,Moderate,1020.7,10.2
2025-02-12,Kolkata,West Bengal,22.8,11.1,17.0,47.4,0.0,6.6,194,Moderate,1024.6,41.7
2025-02-13,Kolkata,West Bengal,22.2,10.5,16.4,51.2,0.0,6.7,201,Poor,1024.6,1.4
2025-02-14,Kolkata,West Bengal,20.4,10.9,15.7,57.4,0.0,7.4,161,Moderate,1022.2,54.2
2025-02-15,Kolkata,West Bengal,23.3,7.9,15.6,59.2,0.0,10.6,180,Moderate,1022.8,7.5
2025-02-16,Kolkata,West Bengal,22.6,11.6,17.1,60.8,0.0,10.8,207,Poor,1022.0,32.7
2025-02-17,Kolkata,West Bengal,25.2,12.0,18.6,58.0,0.0,9.1,160,Moderate,1020.0,39.7
2025-02-18,Kolkata,West Bengal,24.1,13.2,18.6,58.6,0.0,7.6,134,Moderate,1019.7,25.9
2025-02-19,Kolkata,West Bengal,25.6,12.7,19.1,49.2,0.0,12.9,135,Moderate,1020.3,0.0
2025-02-20,Kolkata,West Bengal,26.6,14.2,20.4,48.2,0.0,8.2,170,Moderate,1018.3,5.2
2025-02-21,Kolkata,West Bengal,27.8,17.2,22.5,47.4,0.0,13.3,108,Moderate,1018.9,22.3
2025-02-22,Kolkata,West Bengal,27.3,17.4,22.3,49.6,0.0,9.6,136,Moderate,1019.4,26.3
2025-02-23,Kolkata,West Bengal,30.2,17.9,24.0,45.1,0.0,11.3,140,Moderate,1019.6,13.9
2025-02-24,Kolkata,West Bengal,29.3,17.0,23.1,49.0,0.0,11.4,148,Moderate,1020.3,18.1
2025-02-25,Kolkata,West Bengal,29.9,17.1,23.5,35.2,0.0,6.5,197,Moderate,1018.7,0.0
2025-02-26,Kolkata,West Bengal,29.2,19.1,24.2,58.5,0.0,7.0,170,Moderate,1017.3,41.3
2025-02-27,Kolkata,West Bengal,29.7,15.6,22.7,57.8,0.0,8.0,126,Moderate,1020.0,12.2
2025-02-28,Kolkata,West Bengal,27.6,15.2,21.4,50.6,0.0,7.4,236,Poor,1020.9,29.3
2025-03-01,Kolkata,West Bengal,26.9,16.3,21.6,60.4,0.0,9.8,143,Moderate,1018.2,37.9
2025-03-02,Kolkata,West Bengal,30.0,16.2,23.1,44.6,0.0,10.0,104,Moderate,1016.6,1.2
2025-03-03,Kolkata,West Bengal,28.4,17.9,23.1,46.2,0.0,7.9,122,Moderate,1017.6,19.2
2025-03-04,Kolkata,West Bengal,27.7,15.5,21.6,49.1,0.0,7.7,122,Moderate,1018.4,22.2
2025-03-05,Kolkata,West Bengal,26.4,14.1,20.3,51.0,0.0,11.1,104,Moderate,1021.3,15.6
2025-03-06,Kolkata,West Bengal,24.3,13.5,18.9,51.8,0.0,7.8,153,Moderate,1020.6,33.1
2025-03-07,Kolkata,West Bengal,27.5,14.6,21.0,51.7,0.0,11.7,71,Satisfactory,1018.5,9.5
2025-03-08,Kolkata,West Bengal,27.3,15.3,21.3,48.1,0.0,9.2,156,Moderate,1022.1,19.5
2025-03-09,Kolkata,West Bengal,26.0,14.8,20.4,44.8,0.0,9.2,151,Moderate,1018.3,14.1
2025-03-10,Kolkata,West Bengal,27.5,15.9,21.7,57.3,0.0,7.2,127,Moderate,1020.7,51.2
2025-03-11,Kolkata,West Bengal,29.3,15.5,22.4,44.1,0.0,10.4,147,Moderate,1020.0,9.0
2025-03-12,Kolkata,West Bengal,27.5,16.5,22.0,50.7,0.0,7.0,110,Moderate,1019.8,29.0
2025-03-13,Kolkata,West Bengal,25.2,16.5,20.9,56.3,0.0,10.4,105,Moderate,1018.3,44.5
2025-03-14,Kolkata,West Bengal,26.6,16.0,21.3,41.1,0.0,10.0,135,Moderate,1017.6,6.3
2025-03-15,Kolkata,West Bengal,30.2,16.0,23.1,56.7,0.0,10.1,117,Moderate,1016.8,19.5
2025-03-16,Kolkata,West Bengal,29.3,16.3,22.8,50.4,0.0,10.0,107,Moderate,1018.4,4.6
2025-03-17,Kolkata,West Bengal,30.5,16.2,23.3,41.8,0.0,11.1,113,Moderate,1014.8,0.0
2025-03-18,Kolkata,West Bengal,29.1,17.1,23.1,46.7,0.0,9.7,147,Moderate,1015.8,7.4
2025-03-19,Kolkata,West Bengal,30.0,17.5,23.8,50.0,0.0,6.5,153,Moderate,1019.3,10.1
2025-03-20,Kolkata,West Bengal,29.6,17.2,23.4,48.4,0.0,9.4,125,Moderate,1017.1,11.2
2025-03-21,Kolkata,West Bengal,28.9,16.2,22.6,58.2,0.0,7.4,111,Moderate,1017.9,14.7
2025-03-22,Kolkata,West Bengal,30.5,18.2,24.4,47.0,0.0,6.8,130,Moderate,1012.9,18.0
2025-03-23,Kolkata,West Bengal,30.2,17.7,23.9,50.9,0.0,7.2,97,Satisfactory,1014.4,1.5
2025-03-24,Kolkata,West Bengal,29.9,18.9,24.4,42.6,0.0,7.6,139,Moderate,1015.7,23.0
2025-03-25,Kolkata,West Bengal,30.5,19.5,25.0,45.6,0.0,10.2,126,Moderate,1014.6,34.8
2025-03-26,Kolkata,West Bengal,29.2,20.1,24.6,60.6,0.0,8.2,151,Moderate,1012.2,36.8
2025-03-27,Kolkata,West Bengal,30.9,19.2,25.0,44.8,0.0,11.0,82,Satisfactory,1015.9,14.4
2025-03-28,Kolkata,West Bengal,31.2,20.0,25.6,44.2,0.0,7.5,87,Satisfactory,1016.2,30.3
2025-03-29,Kolkata,West Bengal,33.7,20.3,27.0,43.8,0.0,8.3,116,Moderate,1012.9,7.5
2025-03-30,Kolkata,West Bengal,32.4,18.3,25.4,52.9,0.0,7.6,98,Satisfactory,1015.4,13.3
2025-03-31,Kolkata,West Bengal,31.4,20.0,25.7,44.8,0.0,6.4,127,Moderate,1017.6,23.6
2025-04-01,Kolkata,West Bengal,33.8,21.2,27.5,44.7,0.0,8.8,126,Moderate,1015.9,12.4
2025-04-02,Kolkata,West Bengal,33.4,21.8,27.6,32.8,0.0,18.0,109,Moderate,1012.2,0.0
2025-04-03,Kolkata,West Bengal,34.1,22.3,28.2,45.6,0.0,6.9,101,Moderate,1010.1,28.6
2025-04-04,Kolkata,West Bengal,34.9,22.7,28.8,47.4,0.0,10.5,108,Moderate,1012.5,5.1
2025-04-05,Kolkata,West Bengal,33.9,21.4,27.6,40.5,0.0,11.2,73,Satisfactory,1016.9,10.3
2025-04-06,Kolkata,West Bengal,32.0,20.4,26.2,44.3,0.0,9.0,94,Satisfactory,1015.1,33.4
2025-04-07,Kolkata,West Bengal,31.5,19.4,25.5,45.9,0.0,7.0,91,Satisfactory,1012.5,26.6
2025-04-08,Kolkata,West Bengal,30.6,20.2,25.4,45.7,0.0,15.8,65,Satisfactory,1015.5,21.8
2025-04-09,Kolkata,West Bengal,32.5,18.2,25.3,47.9,0.0,10.0,121,Moderate,1014.5,0.0
2025-04-10,Kolkata,West Bengal,32.6,19.4,26.0,46.2,0.0,13.4,41,Good,1008.1,3.0
2025-04-11,Kolkata,West Bengal,32.8,19.8,26.3,51.8,0.0,6.7,87,Satisfactory,1013.7,24.9
2025-04-12,Kolkata,West Bengal,35.1,22.1,28.6,47.9,0.0,7.8,83,Satisfactory,1011.0,26.9
2025-04-13,Kolkata,West Bengal,34.7,21.2,27.9,44.2,0.0,7.0,97,Satisfactory,1009.1,22.2
2025-04-14,Kolkata,West Bengal,32.0,21.0,26.5,42.6,0.0,11.6,45,Good,1011.2,13.1
2025-04-15,Kolkata,West Bengal,32.8,19.9,26.4,48.7,0.0,6.7,74,Satisfactory,1011.8,12.9
2025-04-16,Kolkata,West Bengal,30.8,20.6,25.7,57.5,0.0,8.6,61,Satisfactory,1009.4,23.6
2025-04-17,Kolkata,West Bengal,33.4,18.9,26.2,40.0,0.0,8.4,23,Good,1010.4,3.0
2025-04-18,Kolkata,West Bengal,33.5,20.2,26.9,43.3,0.0,6.6,101,Moderate,1009.7,21.6
2025-04-19,Kolkata,West Bengal,33.8,19.5,26.7,38.5,0.0,10.4,32,Good,1011.8,1.2
2025-04-20,Kolkata,West Bengal,33.4,20.9,27.1,49.1,0.0,9.9,29,Good,1009.3,5.9
2025-04-21,Kolkata,West Bengal,34.5,22.1,28.3,47.7,0.0,7.8,89,Satisfactory,1006.0,22.7
2025-04-22,Kolkata,West Bengal,32.0,21.2,26.6,53.6,0.0,13.5,44,Good,1008.8,29.6
2025-04-23,Kolkata,West Bengal,32.3,20.8,26.6,47.7,0.0,6.8,61,Satisfactory,1007.7,26.5
2025-04-24,Kolkata,West Bengal,34.3,21.4,27.9,47.9,0.0,6.5,61,Satisfactory,1006.5,5.7
2025-04-25,Kolkata,West Bengal,32.9,21.6,27.2,42.8,0.0,9.3,82,Satisfactory,1011.4,0.0
2025-04-26,Kolkata,West Bengal,35.2,24.1,29.7,39.3,0.0,7.5,49,Good,1009.8,20.7
2025-04-27,Kolkata,West Bengal,37.4,21.7,29.5,47.4,0.0,8.8,69,Satisfactory,1006.2,0.0
2025-04-28,Kolkata,West Bengal,35.5,24.7,30.1,49.9,0.0,12.4,21,Good,1005.3,34.4
2025-04-29,Kolkata,West Bengal,36.1,23.1,29.6,43.0,0.0,7.2,65,Satisfactory,1007.6,6.7
2025-04-30,Kolkata,West Bengal,34.1,24.6,29.4,56.6,0.0,11.9,64,Satisfactory,1005.0,53.6
2025-05-01,Kolkata,West Bengal,34.9,22.7,28.8,38.9,0.0,7.3,85,Satisfactory,1007.2,9.5
2025-05-02,Kolkata,West Bengal,33.8,22.6,28.2,53.5,0.0,8.3,16,Good,1007.8,30.2
2025-05-03,Kolkata,West Bengal,33.3,21.5,27.4,45.6,0.0,12.8,31,Good,1008.4,14.3
2025-05-04,Kolkata,West Bengal,33.8,24.3,29.1,48.4,0.0,10.8,76,Satisfactory,1007.8,21.7
2025-05-05,Kolkata,West Bengal,34.3,22.2,28.2,57.0,3.5,7.8,65,Satisfactory,1005.6,27.5
2025-05-06,Kolkata,West Bengal,33.4,21.2,27.3,57.8,0.0,10.0,36,Good,1007.4,38.0
2025-05-07,Kolkata,West Bengal,31.9,22.7,27.3,54.5,0.0,8.4,44,Good,1009.7,40.7
2025-05-08,Kolkata,West Bengal,33.1,22.9,28.0,53.8,0.0,8.6,48,Good,1002.6,36.6
2025-05-09,Kolkata,West Bengal,33.6,21.8,27.7,43.1,0.0,8.9,31,Good,1007.4,41.7
2025-05-10,Kolkata,West Bengal,33.1,22.0,27.5,47.2,0.0,10.5,46,Good,1004.2,19.1
2025-05-11,Kolkata,West Bengal,33.5,22.6,28.1,56.0,7.7,9.6,39,Good,1009.1,37.0
2025-05-12,Kolkata,West Bengal,36.2,20.4,28.3,48.5,0.0,9.1,15,Good,1007.7,23.6
2025-05-13,Kolkata,West Bengal,32.2,21.5,26.8,51.5,0.0,9.2,23,Good,1007.9,43.6
2025-05-14,Kolkata,West Bengal,31.9,21.0,26.4,58.6,0.0,10.0,20,Good,1004.6,32.2
2025-05-15,Kolkata,West Bengal,32.4,21.3,26.9,64.4,0.0,9.6,24,Good,1006.5,39.6
2025-05-16,Kolkata,West Bengal,34.5,23.1,28.8,52.0,0.0,8.6,37,Good,1006.1,34.4
2025-05-17,Kolkata,West Bengal,33.3,23.9,28.6,62.1,0.0,10.2,30,Good,1000.4,41.7
2025-05-18,Kolkata,West Bengal,32.7,22.9,27.8,57.7,0.0,10.7,15,Good,1005.5,20.9
2025-05-19,Kolkata,West Bengal,32.6,19.8,26.2,48.8,0.0,10.4,53,Satisfactory,1006.8,11.8
2025-05-20,Kolkata,West Bengal,33.0,22.7,27.8,57.0,0.0,12.2,18,Good,1002.1,47.4
2025-05-21,Kolkata,West Bengal,35.0,26.0,30.5,69.0,0.0,8.8,58,Satisfactory,1005.3,51.5
2025-05-22,Kolkata,West Bengal,36.6,24.3,30.5,50.5,0.0,8.8,56,Satisfactory,1004.1,31.7
2025-05-23,Kolkata,West Bengal,35.3,24.2,29.7,57.1,0.0,14.0,15,Good,1006.7,45.9
2025-05-24,Kolkata,West Bengal,36.9,24.2,30.5,62.4,0.0,8.7,15,Good,1002.7,12.0
2025-05-25,Kolkata,West Bengal,33.2,22.6,27.9,55.7,0.0,9.6,15,Good,1004.5,28.4
2025-05-26,Kolkata,West Bengal,32.7,24.7,28.7,67.4,0.0,7.8,30,Good,1004.5,38.6
2025-05-27,Kolkata,West Bengal,34.8,23.2,29.0,50.4,0.0,8.4,36,Good,997.9,13.8
2025-05-28,Kolkata,West Bengal,32.9,23.2,28.1,58.3,0.0,9.5,20,Good,1002.9,18.0
2025-05-29,Kolkata,West Bengal,33.7,26.2,30.0,67.2,0.0,9.5,15,Good,1003.1,41.4
2025-05-30,Kolkata,West Bengal,37.0,25.9,31.4,56.5,0.3,9.9,50,Good,997.7,30.6
2025-05-31,Kolkata,West Bengal,37.3,26.0,31.6,60.7,0.0,15.6,15,Good,1003.6,35.0
2025-06-01,Kolkata,West Bengal,34.8,26.6,30.7,65.2,0.0,8.3,32,Good,1002.5,35.6
2025-06-02,Kolkata,West Bengal,36.9,26.3,31.6,54.2,0.0,10.5,15,Good,1002.1,23.7
2025-06-03,Kolkata,West Bengal,36.9,27.1,32.0,73.6,0.0,10.4,15,Good,1003.1,39.3
2025-06-04,Kolkata,West Bengal,34.7,25.6,30.2,70.6,14.7,16.8,15,Good,1001.2,44.1
2025-06-05,Kolkata,West Bengal,32.5,24.1,28.3,64.2,0.0,12.9,35,Good,1002.5,38.2
2025-06-06,Kolkata,West Bengal,35.5,24.5,30.0,64.4,0.0,10.0,15,Good,1003.5,39.3
2025-06-07,Kolkata,West Bengal,34.8,26.9,30.8,76.1,0.0,14.9,15,Good,1001.5,43.9
2025-06-08,Kolkata,West Bengal,35.1,28.8,31.9,67.7,0.0,10.0,39,Good,997.3,58.5
2025-06-09,Kolkata,West Bengal,35.6,27.9,31.8,65.3,4.9,13.4,15,Good,1001.0,46.8
2025-06-10,Kolkata,West Bengal,37.3,26.1,31.7,68.6,9.5,15.8,15,Good,1000.9,22.2
2025-06-11,Kolkata,West Bengal,36.8,27.2,32.0,58.7,4.4,11.5,20,Good,1002.4,33.3
2025-06-12,Kolkata,West Bengal,34.7,27.8,31.3,73.3,0.0,9.7,15,Good,999.9,64.4
2025-06-13,Kolkata,West Bengal,37.6,27.9,32.7,68.6,20.4,9.2,42,Good,998.1,41.9
2025-06-14,Kolkata,West Bengal,36.0,27.2,31.6,68.3,0.0,11.8,15,Good,998.3,51.9
2025-06-15,Kolkata,West Bengal,32.7,28.7,30.7,71.9,10.4,13.8,15,Good,1003.3,81.6
2025-06-16,Kolkata,West Bengal,34.9,26.8,30.8,76.8,8.0,22.7,15,Good,1000.8,64.5
2025-06-17,Kolkata,West Bengal,37.1,25.8,31.5,71.6,0.0,15.2,15,Good,1002.7,26.2
2025-06-18,Kolkata,West Bengal,31.5,25.2,28.3,79.4,0.0,11.9,15,Good,1003.8,79.3
2025-06-19,Kolkata,West Bengal,32.1,24.7,28.4,73.7,0.0,10.2,15,Good,999.1,62.2
2025-06-20,Kolkata,West Bengal,33.8,24.6,29.2,86.6,7.3,11.7,15,Good,998.6,65.7
2025-06-21,Kolkata,West Bengal,33.9,27.3,30.6,82.4,0.0,17.2,15,Good,999.5,65.0
2025-06-22,Kolkata,West Bengal,33.0,26.6,29.8,81.3,0.0,19.3,15,Good,1001.1,74.9
2025-06-23,Kolkata,West Bengal,32.3,24.6,28.4,86.7,0.0,11.2,15,Good,997.3,62.8
2025-06-24,Kolkata,West Bengal,32.0,23.3,27.6,80.5,10.7,11.8,15,Good,1001.2,44.6
2025-06-25,Kolkata,West Bengal,30.6,24.1,27.4,94.8,18.1,16.6,15,Good,1001.1,71.0
2025-06-26,Kolkata,West Bengal,34.0,25.5,29.7,82.6,0.0,16.4,15,Good,997.2,46.6
2025-06-27,Kolkata,West Bengal,33.6,26.8,30.2,82.5,0.0,11.6,15,Good,997.1,92.0
2025-06-28,Kolkata,West Bengal,34.4,26.3,30.3,80.1,16.6,14.3,15,Good,1000.0,62.3
2025-06-29,Kolkata,West Bengal,32.7,25.9,29.3,82.9,0.0,11.8,19,Good,1003.5,68.2
2025-06-30,Kolkata,West Bengal,32.9,26.5,29.7,85.9,0.0,15.8,15,Good,998.6,60.0
2025-07-01,Kolkata,West Bengal,30.7,25.3,28.0,88.2,0.0,12.8,15,Good,1000.2,76.1
2025-07-02,Kolkata,West Bengal,32.4,25.5,28.9,84.3,22.4,12.2,15,Good,998.0,77.9
2025-07-03,Kolkata,West Bengal,32.4,26.9,29.6,89.4,15.7,15.0,15,Good,999.5,62.4
2025-07-04,Kolkata,West Bengal,34.2,25.9,30.0,95.2,1.2,13.2,15,Good,997.6,78.8
2025-07-05,Kolkata,West Bengal,34.6,28.4,31.5,87.8,1.4,15.0,15,Good,997.9,73.3
2025-07-06,Kolkata,West Bengal,34.7,29.7,32.2,88.8,0.0,11.6,15,Good,1003.0,71.2
2025-07-07,Kolkata,West Bengal,36.3,29.1,32.7,81.1,11.6,11.8,15,Good,998.2,62.4
2025-07-08,Kolkata,West Bengal,33.9,30.4,32.1,92.4,15.1,13.1,15,Good,994.9,100.0
2025-07-09,Kolkata,West Bengal,32.9,28.5,30.7,92.3,0.0,12.1,15,Good,999.7,92.0
2025-07-10,Kolkata,West Bengal,30.6,27.0,28.8,98.2,19.1,12.5,15,Good,1001.2,87.3
2025-07-11,Kolkata,West Bengal,32.1,27.6,29.9,97.4,3.2,13.2,15,Good,1000.0,92.8
2025-07-12,Kolkata,West Bengal,32.2,28.8,30.5,91.9,0.0,12.3,15,Good,998.1,81.4
2025-07-13,Kolkata,West Bengal,34.4,28.8,31.6,89.0,0.0,18.3,15,Good,996.3,72.0
2025-07-14,Kolkata,West Bengal,33.8,26.4,30.1,75.7,0.0,12.2,15,Good,996.8,41.3
2025-07-15,Kolkata,West Bengal,34.5,28.1,31.3,97.2,24.8,13.3,15,Good,997.8,60.9
2025-07-16,Kolkata,West Bengal,32.8,29.4,31.1,87.8,5.8,13.3,15,Good,997.5,100.0
2025-07-17,Kolkata,West Bengal,32.4,27.9,30.2,100.0,16.9,13.8,15,Good,997.4,95.5
2025-07-18,Kolkata,West Bengal,34.2,27.9,31.1,94.8,14.1,12.9,15,Good,1000.7,81.8
2025-07-19,Kolkata,West Bengal,36.8,29.2,33.0,86.2,5.6,15.9,15,Good,999.6,56.0
2025-07-20,Kolkata,West Bengal,35.3,29.1,32.2,95.2,3.1,16.2,21,Good,1000.6,87.6
2025-07-21,Kolkata,West Bengal,34.6,29.3,32.0,89.5,20.4,12.6,15,Good,996.6,75.1
2025-07-22,Kolkata,West Bengal,34.0,28.8,31.4,99.6,41.3,16.5,15,Good,996.5,89.2
2025-07-23,Kolkata,West Bengal,35.9,28.9,32.4,83.4,0.0,12.6,15,Good,998.3,63.4
2025-07-24,Kolkata,West Bengal,34.6,27.5,31.1,94.7,0.0,13.4,18,Good,999.4,72.9
2025-07-25,Kolkata,West Bengal,34.1,30.1,32.1,93.0,0.6,13.6,15,Good,998.5,91.5
2025-07-26,Kolkata,West Bengal,34.0,29.1,31.5,96.5,0.0,12.5,15,Good,999.2,100.0
2025-07-27,Kolkata,West Bengal,32.4,27.1,29.8,91.5,2.3,11.7,51,Satisfactory,1002.3,71.1
2025-07-28,Kolkata,West Bengal,32.4,26.5,29.5,91.8,1.7,13.9,34,Good,998.8,66.3
2025-07-29,Kolkata,West Bengal,30.3,26.2,28.2,100.0,5.5,11.9,15,Good,1001.3,95.2
2025-07-30,Kolkata,West Bengal,31.9,24.8,28.4,92.3,19.8,18.1,15,Good,1000.8,62.9
2025-07-31,Kolkata,West Bengal,33.3,27.6,30.5,95.2,18.5,12.7,15,Good,999.5,62.4
2025-08-01,Kolkata,West Bengal,31.5,27.1,29.3,100.0,20.6,15.4,15,Good,1001.2,83.2
2025-08-02,Kolkata,West Bengal,32.4,28.8,30.6,99.9,7.5,15.1,15,Good,997.9,100.0
2025-08-03,Kolkata,West Bengal,33.0,26.4,29.7,94.8,7.9,12.3,15,Good,997.9,66.5
2025-08-04,Kolkata,West Bengal,31.5,26.4,29.0,100.0,25.8,12.6,15,Good,1001.0,73.2
2025-08-05,Kolkata,West Bengal,32.1,26.2,29.1,87.0,8.9,12.6,38,Good,996.9,79.4
2025-08-06,Kolkata,West Bengal,32.0,26.0,29.0,97.4,2.9,13.9,15,Good,1001.4,70.8
2025-08-07,Kolkata,West Bengal,34.0,25.7,29.8,94.5,5.5,23.0,15,Good,998.0,51.6
2025-08-08,Kolkata,West Bengal,33.9,28.6,31.3,95.1,20.0,13.7,15,Good,1003.1,86.2
2025-08-09,Kolkata,West Bengal,33.6,26.0,29.8,100.0,0.0,12.3,15,Good,999.8,77.8
2025-08-10,Kolkata,West Bengal,31.3,25.5,28.4,100.0,9.7,13.8,15,Good,1004.0,80.5
2025-08-11,Kolkata,West Bengal,32.0,26.9,29.4,88.4,0.0,11.5,15,Good,1000.6,72.1
2025-08-12,Kolkata,West Bengal,33.1,28.5,30.8,92.1,15.3,11.8,19,Good,1000.2,93.7
2025-08-13,Kolkata,West Bengal,33.1,26.3,29.7,90.2,7.9,17.6,15,Good,1003.0,65.4
2025-08-14,Kolkata,West Bengal,33.4,26.8,30.1,81.7,0.0,12.4,15,Good,1001.9,56.4
2025-08-15,Kolkata,West Bengal,35.8,29.3,32.5,100.0,0.0,11.5,15,Good,1000.6,92.5
2025-08-16,Kolkata,West Bengal,34.9,26.4,30.6,83.5,8.1,11.0,60,Satisfactory,1000.7,38.8
2025-08-17,Kolkata,West Bengal,32.3,26.1,29.2,86.6,11.0,12.6,15,Good,1001.3,67.4
2025-08-18,Kolkata,West Bengal,31.4,24.4,27.9,80.0,0.0,10.9,25,Good,1007.3,68.4
2025-08-19,Kolkata,West Bengal,30.3,24.3,27.3,88.0,13.1,15.7,23,Good,999.6,67.4
2025-08-20,Kolkata,West Bengal,33.3,23.9,28.6,74.5,0.0,14.2,15,Good,1000.4,45.6
2025-08-21,Kolkata,West Bengal,32.8,23.9,28.4,84.8,9.9,11.5,45,Good,1005.4,49.9
2025-08-22,Kolkata,West Bengal,28.9,22.7,25.8,76.6,18.5,18.0,15,Good,1006.1,80.5
2025-08-23,Kolkata,West Bengal,30.8,24.4,27.6,94.9,3.1,11.5,15,Good,1001.8,84.5
2025-08-24,Kolkata,West Bengal,31.6,24.4,28.0,79.2,1.7,11.7,19,Good,1000.2,58.1
2025-08-25,Kolkata,West Bengal,33.3,26.4,29.8,68.9,0.0,10.9,15,Good,1006.0,48.8
2025-08-26,Kolkata,West Bengal,33.5,24.5,29.0,74.6,0.0,13.5,32,Good,1001.7,36.4
2025-08-27,Kolkata,West Bengal,32.7,26.4,29.6,81.8,14.8,10.3,15,Good,1002.9,73.2
2025-08-28,Kolkata,West Bengal,31.7,27.0,29.4,80.9,5.4,11.0,15,Good,1004.3,73.2
2025-08-29,Kolkata,West Bengal,36.3,26.6,31.5,73.7,14.0,10.7,35,Good,1001.6,17.6
2025-08-30,Kolkata,West Bengal,35.9,26.6,31.3,69.3,0.0,12.2,40,Good,1005.9,22.1
2025-08-31,Kolkata,West Bengal,33.2,26.3,29.8,79.8,0.0,9.8,73,Satisfactory,1004.7,57.8
2025-09-01,Kolkata,West Bengal,35.8,26.4,31.1,72.9,9.5,11.3,61,Satisfactory,1002.8,57.9
2025-09-02,Kolkata,West Bengal,34.8,25.4,30.1,74.1,0.0,14.6,38,Good,1003.4,47.0
2025-09-03,Kolkata,West Bengal,35.5,26.0,30.7,65.4,0.0,9.7,62,Satisfactory,1007.6,51.9
2025-09-04,Kolkata,West Bengal,34.2,24.9,29.5,72.8,0.0,12.9,15,Good,1005.1,48.6
2025-09-05,Kolkata,West Bengal,35.2,25.4,30.3,67.1,0.0,13.4,60,Satisfactory,1006.8,51.0
2025-09-06,Kolkata,West Bengal,35.0,25.3,30.2,73.9,6.6,10.8,56,Satisfactory,1005.8,37.1
2025-09-07,Kolkata,West Bengal,34.4,24.0,29.2,70.4,6.3,8.8,75,Satisfactory,1002.8,49.1
2025-09-08,Kolkata,West Bengal,33.5,25.1,29.3,70.4,0.0,12.5,45,Good,1008.0,38.8
2025-09-09,Kolkata,West Bengal,35.1,25.3,30.2,66.6,2.5,13.9,40,Good,1008.7,36.2
2025-09-10,Kolkata,West Bengal,34.0,24.1,29.0,71.2,24.8,16.1,16,Good,1010.7,20.4
2025-09-11,Kolkata,West Bengal,35.0,24.3,29.6,58.2,0.0,10.9,92,Satisfactory,1003.3,42.7
2025-09-12,Kolkata,West Bengal,33.5,24.5,29.0,68.3,0.0,8.6,74,Satisfactory,1001.2,55.9
2025-09-13,Kolkata,West Bengal,35.5,24.5,30.0,58.9,0.0,12.0,27,Good,1008.7,38.5
2025-09-14,Kolkata,West Bengal,34.4,25.8,30.1,52.6,0.0,8.5,85,Satisfactory,1006.4,37.2
2025-09-15,Kolkata,West Bengal,33.7,25.8,29.7,62.3,20.0,11.5,36,Good,1005.1,59.0
2025-09-16,Kolkata,West Bengal,32.2,25.3,28.7,72.7,0.0,12.3,88,Satisfactory,1008.7,55.5
2025-09-17,Kolkata,West Bengal,33.0,24.5,28.8,68.1,0.0,13.6,74,Satisfactory,1007.8,64.6
2025-09-18,Kolkata,West Bengal,33.0,25.7,29.3,67.6,4.9,9.4,98,Satisfactory,1006.2,70.7
2025-09-19,Kolkata,West Bengal,36.3,25.5,30.9,63.8,2.8,8.8,98,Satisfactory,1008.3,38.2
2025-09-20,Kolkata,West Bengal,34.9,23.6,29.3,57.5,0.0,10.3,96,Satisfactory,1010.3,21.3
2025-09-21,Kolkata,West Bengal,32.7,24.2,28.4,62.0,0.0,8.3,108,Moderate,1010.0,29.9
2025-09-22,Kolkata,West Bengal,33.0,24.9,29.0,62.8,0.0,9.3,99,Satisfactory,1010.1,44.1
2025-09-23,Kolkata,West Bengal,35.6,26.5,31.1,64.1,0.0,8.9,69,Satisfactory,1010.2,54.2
2025-09-24,Kolkata,West Bengal,35.0,23.1,29.0,52.7,0.0,12.4,51,Satisfactory,1006.7,19.8
2025-09-25,Kolkata,West Bengal,31.8,23.8,27.8,64.7,0.0,14.1,56,Satisfactory,1010.5,38.1
2025-09-26,Kolkata,West Bengal,31.8,20.6,26.2,51.0,0.0,11.0,100,Satisfactory,1011.8,23.6
2025-09-27,Kolkata,West Bengal,31.3,21.6,26.4,57.9,0.0,11.8,34,Good,1010.7,31.8
2025-09-28,Kolkata,West Bengal,32.5,22.8,27.6,62.2,0.0,9.9,89,Satisfactory,1009.7,30.2
2025-09-29,Kolkata,West Bengal,31.7,22.0,26.9,57.7,0.0,9.7,86,Satisfactory,1010.2,37.6
2025-09-30,Kolkata,West Bengal,32.0,23.1,27.6,60.3,0.0,7.6,126,Moderate,1011.2,59.7
2025-10-01,Kolkata,West Bengal,33.4,23.6,28.5,67.8,0.0,10.3,91,Satisfactory,1013.5,36.7
2025-10-02,Kolkata,West Bengal,33.8,24.3,29.1,59.7,0.0,11.4,84,Satisfactory,1014.8,23.1
2025-10-03,Kolkata,West Bengal,35.0,23.2,29.1,52.3,0.0,9.0,129,Moderate,1014.6,20.1
2025-10-04,Kolkata,West Bengal,36.6,25.5,31.1,45.8,5.7,9.0,95,Satisfactory,1008.4,24.0
2025-10-05,Kolkata,West Bengal,36.7,25.5,31.1,37.9,0.0,7.1,103,Moderate,1009.9,13.9
2025-10-06,Kolkata,West Bengal,36.6,25.7,31.2,54.3,0.0,9.0,95,Satisfactory,1013.2,27.5
2025-10-07,Kolkata,West Bengal,37.2,24.4,30.8,51.0,0.0,11.9,106,Moderate,1014.8,0.0
2025-10-08,Kolkata,West Bengal,37.3,25.6,31.5,50.5,5.8,9.9,94,Satisfactory,1010.3,21.4
2025-10-09,Kolkata,West Bengal,34.4,23.1,28.8,42.3,0.0,9.1,103,Moderate,1013.5,23.6
2025-10-10,Kolkata,West Bengal,34.0,21.2,27.6,49.1,0.0,7.6,147,Moderate,1011.4,9.5
2025-10-11,Kolkata,West Bengal,33.2,21.5,27.3,48.2,0.0,8.3,116,Moderate,1014.5,20.1
2025-10-12,Kolkata,West Bengal,35.2,23.9,29.6,53.7,0.0,8.0,108,Moderate,1012.2,39.3
2025-10-13,Kolkata,West Bengal,35.3,23.3,29.3,62.8,0.0,7.6,98,Satisfactory,1014.1,40.1
2025-10-14,Kolkata,West Bengal,36.0,23.8,29.9,50.9,0.0,9.7,121,Moderate,1011.3,15.1
2025-10-15,Kolkata,West Bengal,34.0,23.5,28.7,53.8,0.0,8.2,109,Moderate,1011.0,30.2
2025-10-16,Kolkata,West Bengal,34.3,22.5,28.4,44.5,0.0,11.2,107,Moderate,1020.7,1.7
2025-10-17,Kolkata,West Bengal,35.0,22.3,28.7,50.0,0.0,8.8,105,Moderate,1014.8,18.0
2025-10-18,Kolkata,West Bengal,33.1,22.5,27.8,46.4,0.0,14.9,113,Moderate,1019.3,25.6
2025-10-19,Kolkata,West Bengal,33.7,21.1,27.4,56.9,0.0,8.1,100,Satisfactory,1018.4,43.7
2025-10-20,Kolkata,West Bengal,34.8,21.4,28.1,51.3,1.7,12.0,127,Moderate,1012.0,38.2
2025-10-21,Kolkata,West Bengal,34.2,22.7,28.5,44.6,0.0,12.8,107,Moderate,1016.1,23.9
2025-10-22,Kolkata,West Bengal,33.2,22.1,27.6,49.8,0.0,7.9,149,Moderate,1013.2,8.4
2025-10-23,Kolkata,West Bengal,31.6,20.4,26.0,42.8,0.0,8.6,144,Moderate,1015.8,40.9
2025-10-24,Kolkata,West Bengal,31.7,17.5,24.6,47.1,0.0,8.1,138,Moderate,1013.2,17.7
2025-10-25,Kolkata,West Bengal,29.7,19.6,24.7,55.0,0.0,7.8,157,Moderate,1013.9,28.4
2025-10-26,Kolkata,West Bengal,31.3,17.4,24.3,56.5,0.0,10.2,168,Moderate,1015.6,20.3
2025-10-27,Kolkata,West Bengal,27.2,19.2,23.2,60.0,0.0,10.5,162,Moderate,1016.7,50.4
2025-10-28,Kolkata,West Bengal,27.9,17.0,22.5,46.8,0.0,7.6,114,Moderate,1018.2,14.1
2025-10-29,Kolkata,West Bengal,28.9,17.6,23.3,53.7,0.0,7.6,131,Moderate,1016.0,34.8
2025-10-30,Kolkata,West Bengal,28.9,15.9,22.4,53.0,0.0,8.7,133,Moderate,1018.8,21.1
2025-10-31,Kolkata,West Bengal,25.6,14.4,20.0,63.3,0.0,8.6,159,Moderate,1021.6,31.5
2025-11-01,Kolkata,West Bengal,25.5,14.8,20.2,63.1,0.0,6.8,140,Moderate,1019.9,45.9
2025-11-02,Kolkata,West Bengal,29.4,14.9,22.2,51.5,0.0,10.1,131,Moderate,1018.8,0.0
2025-11-03,Kolkata,West Bengal,29.0,15.8,22.4,51.4,0.0,6.7,138,Moderate,1019.7,20.5
2025-11-04,Kolkata,West Bengal,28.3,16.1,22.2,43.2,0.0,7.4,160,Moderate,1016.4,8.9
2025-11-05,Kolkata,West Bengal,29.2,18.5,23.8,44.1,0.0,9.0,165,Moderate,1020.8,26.5
2025-11-06,Kolkata,West Bengal,30.7,18.3,24.5,49.7,0.0,10.1,123,Moderate,1016.5,29.4
2025-11-07,Kolkata,West Bengal,34.0,20.8,27.4,48.5,0.0,7.3,146,Moderate,1021.3,11.2
2025-11-08,Kolkata,West Bengal,33.2,19.9,26.6,43.0,0.0,8.3,115,Moderate,1020.1,10.8
2025-11-09,Kolkata,West Bengal,32.0,20.6,26.3,50.7,0.0,7.9,106,Moderate,1019.9,21.0
2025-11-10,Kolkata,West Bengal,33.8,19.7,26.8,38.9,0.0,6.2,175,Moderate,1020.0,0.0
2025-11-11,Kolkata,West Bengal,32.6,21.7,27.2,44.2,0.0,7.9,168,Moderate,1018.8,22.0
2025-11-12,Kolkata,West Bengal,34.8,21.4,28.1,50.0,0.0,7.1,169,Moderate,1017.1,5.2
2025-11-13,Kolkata,West Bengal,34.1,22.4,28.3,51.3,0.0,8.5,197,Moderate,1016.8,26.7
2025-11-14,Kolkata,West Bengal,32.7,19.1,25.9,41.8,0.0,6.9,131,Moderate,1023.0,0.0
2025-11-15,Kolkata,West Bengal,31.7,18.2,25.0,42.1,0.0,7.8,121,Moderate,1020.1,10.2
2025-11-16,Kolkata,West Bengal,29.9,18.0,24.0,51.3,0.0,8.3,142,Moderate,1018.0,8.1
2025-11-17,Kolkata,West Bengal,30.1,17.0,23.6,52.6,0.0,8.6,120,Moderate,1021.5,14.6
2025-11-18,Kolkata,West Bengal,30.7,19.7,25.2,55.1,0.0,8.1,156,Moderate,1020.8,36.9
2025-11-19,Kolkata,West Bengal,29.3,18.7,24.0,50.4,0.0,11.5,174,Moderate,1019.9,30.1
2025-11-20,Kolkata,West Bengal,29.1,17.8,23.5,42.1,0.0,9.0,175,Moderate,1019.0,11.8
2025-11-21,Kolkata,West Bengal,30.9,16.3,23.6,47.4,0.0,9.8,191,Moderate,1022.4,11.6
2025-11-22,Kolkata,West Bengal,29.8,18.5,24.1,58.2,0.0,8.3,181,Moderate,1022.7,30.3
2025-11-23,Kolkata,West Bengal,30.7,17.7,24.2,40.2,0.0,6.1,171,Moderate,1021.6,1.5
2025-11-24,Kolkata,West Bengal,28.4,17.4,22.9,49.7,0.0,6.8,167,Moderate,1021.5,18.8
2025-11-25,Kolkata,West Bengal,28.2,14.4,21.3,57.1,0.0,6.7,189,Moderate,1020.4,10.8
2025-11-26,Kolkata,West Bengal,26.6,13.3,19.9,49.9,0.0,8.0,144,Moderate,1023.4,17.7
2025-11-27,Kolkata,West Bengal,25.4,13.3,19.3,54.3,3.2,12.3,94,Satisfactory,1021.4,31.7
2025-11-28,Kolkata,West Bengal,25.3,12.6,19.0,44.0,0.0,8.9,186,Moderate,1020.3,11.1
2025-11-29,Kolkata,West Bengal,24.1,12.2,18.1,59.6,0.0,10.6,178,Moderate,1025.4,34.6
2025-11-30,Kolkata,West Bengal,24.5,15.4,20.0,54.9,0.0,7.1,218,Poor,1020.7,50.5
2025-12-01,Kolkata,West Bengal,26.5,14.7,20.6,45.3,0.0,8.6,196,Moderate,1018.8,27.8
2025-12-02,Kolkata,West Bengal,26.7,14.5,20.6,46.2,0.0,11.5,180,Moderate,1025.3,18.1
2025-12-03,Kolkata,West Bengal,25.5,14.2,19.9,56.4,0.0,10.7,170,Moderate,1019.5,35.8
2025-12-04,Kolkata,West Bengal,25.9,14.5,20.2,40.2,0.0,7.5,168,Moderate,1022.2,3.8
2025-12-05,Kolkata,West Bengal,26.9,14.3,20.6,48.9,0.0,8.3,178,Moderate,1020.7,40.3
2025-12-06,Kolkata,West Bengal,28.9,14.3,21.6,50.7,0.0,10.9,199,Moderate,1021.3,7.9
2025-12-07,Kolkata,West Bengal,24.5,15.6,20.1,57.9,0.0,7.4,198,Moderate,1027.7,49.6
2025-12-08,Kolkata,West Bengal,28.2,14.7,21.4,43.6,0.0,8.2,207,Poor,1022.7,8.3
2025-12-09,Kolkata,West Bengal,24.4,14.4,19.4,52.6,0.0,6.4,194,Moderate,1024.2,28.8
2025-12-10,Kolkata,West Bengal,27.1,13.5,20.3,55.8,0.0,10.4,162,Moderate,1024.9,0.0
2025-12-11,Kolkata,West Bengal,24.8,14.6,19.7,57.6,0.0,10.2,208,Poor,1022.2,16.3
2025-12-12,Kolkata,West Bengal,27.8,14.8,21.3,46.6,0.0,6.4,217,Poor,1025.3,3.1
2025-12-13,Kolkata,West Bengal,26.5,13.4,19.9,51.5,0.0,8.2,193,Moderate,1024.3,0.0
2025-12-14,Kolkata,West Bengal,26.2,14.1,20.2,55.7,0.0,11.2,194,Moderate,1025.1,35.7
2025-12-15,Kolkata,West Bengal,28.2,13.2,20.7,38.2,0.0,6.9,204,Poor,1022.0,1.3
2025-12-16,Kolkata,West Bengal,26.1,11.5,18.8,40.5,0.0,9.1,178,Moderate,1024.9,9.3
2025-12-17,Kolkata,West Bengal,24.6,10.5,17.5,46.5,0.0,7.7,186,Moderate,1024.4,8.3
2025-12-18,Kolkata,West Bengal,24.9,13.8,19.3,47.7,0.0,11.1,164,Moderate,1026.2,35.1
2025-12-19,Kolkata,West Bengal,24.8,13.3,19.0,56.8,0.0,6.3,191,Moderate,1023.0,33.5
2025-12-20,Kolkata,West Bengal,23.1,11.9,17.5,54.8,3.1,6.4,217,Poor,1028.6,37.9
2025-12-21,Kolkata,West Bengal,23.5,11.8,17.6,53.2,0.0,7.4,213,Poor,1025.2,9.1
2025-12-22,Kolkata,West Bengal,24.1,12.2,18.1,59.4,0.0,8.5,204,Poor,1024.1,38.6
2025-12-23,Kolkata,West Bengal,22.5,9.0,15.7,56.2,0.0,8.6,213,Poor,1024.6,10.0
2025-12-24,Kolkata,West Bengal,21.7,8.2,15.0,48.9,0.0,6.5,189,Moderate,1025.3,11.0
2025-12-25,Kolkata,West Bengal,20.6,10.1,15.3,55.9,0.0,9.4,164,Moderate,1024.0,11.5
2025-12-26,Kolkata,West Bengal,24.3,11.1,17.7,46.6,0.0,9.9,185,Moderate,1025.9,10.6
2025-12-27,Kolkata,West Bengal,24.8,11.5,18.1,56.3,0.0,8.6,191,Moderate,1024.5,18.3
2025-12-28,Kolkata,West Bengal,24.4,11.5,17.9,56.7,0.0,11.2,201,Poor,1028.4,7.9
2025-12-29,Kolkata,West Bengal,24.1,12.7,18.4,57.1,0.0,9.6,201,Poor,1023.6,22.6
2025-12-30,Kolkata,West Bengal,24.4,12.3,18.4,47.7,0.0,7.7,217,Poor,1024.2,0.0
2025-12-31,Kolkata,West Bengal,23.2,12.8,18.0,56.7,0.0,12.3,139,Moderate,1023.7,22.7
2024-01-01,Hyderabad,Telangana,26.6,17.5,22.0,47.8,0.0,6.9,227,Poor,1021.1,24.7
2024-01-02,Hyderabad,Telangana,28.3,16.6,22.5,55.8,0.0,7.8,210,Poor,1021.8,47.1
2024-01-03,Hyderabad,Telangana,29.5,15.0,22.3,55.5,0.0,10.5,200,Poor,1022.7,4.1
2024-01-04,Hyderabad,Telangana,29.3,16.6,23.0,43.2,0.0,8.0,189,Moderate,1023.8,7.5
2024-01-05,Hyderabad,Telangana,25.6,15.2,20.4,42.9,0.0,8.5,197,Moderate,1026.6,13.0
2024-01-06,Hyderabad,Telangana,26.2,13.4,19.8,42.8,0.0,7.1,163,Moderate,1024.2,8.8
2024-01-07,Hyderabad,Telangana,28.2,13.9,21.1,43.5,0.0,7.0,209,Poor,1023.4,6.1
2024-01-08,Hyderabad,Telangana,27.3,14.6,20.9,47.5,0.0,7.7,204,Poor,1024.2,19.2
2024-01-09,Hyderabad,Telangana,27.4,14.3,20.9,65.3,0.0,8.1,235,Poor,1023.3,32.4
2024-01-10,Hyderabad,Telangana,26.4,14.5,20.4,56.3,0.0,9.3,189,Moderate,1023.7,20.5
2024-01-11,Hyderabad,Telangana,28.8,13.6,21.2,46.2,0.0,12.5,207,Poor,1026.5,6.3
2024-01-12,Hyderabad,Telangana,29.5,18.9,24.2,56.4,0.0,7.0,184,Moderate,1022.2,13.8
2024-01-13,Hyderabad,Telangana,30.2,17.5,23.9,41.8,0.0,6.6,233,Poor,1023.2,2.2
2024-01-14,Hyderabad,Telangana,28.4,18.2,23.3,49.5,0.0,6.5,227,Poor,1021.5,30.9
2024-01-15,Hyderabad,Telangana,29.2,17.5,23.3,50.7,0.0,8.7,214,Poor,1025.3,37.7
2024-01-16,Hyderabad,Telangana,29.3,17.0,23.1,50.0,0.0,9.3,189,Moderate,1020.9,0.0
2024-01-17,Hyderabad,Telangana,29.2,16.1,22.6,49.5,0.0,7.4,187,Moderate,1022.7,20.7
2024-01-18,Hyderabad,Telangana,28.4,14.6,21.5,55.2,0.0,8.6,180,Moderate,1025.1,7.3
2024-01-19,Hyderabad,Telangana,29.5,17.0,23.3,50.9,0.0,10.8,160,Moderate,1020.8,18.0
2024-01-20,Hyderabad,Telangana,29.0,16.6,22.8,53.3,0.0,8.0,199,Moderate,1024.4,16.2
2024-01-21,Hyderabad,Telangana,27.9,15.3,21.6,37.0,0.0,7.8,183,Moderate,1018.8,0.0
2024-01-22,Hyderabad,Telangana,27.2,15.5,21.4,45.5,0.0,6.8,199,Moderate,1020.8,35.2
2024-01-23,Hyderabad,Telangana,28.1,16.1,22.1,40.8,0.0,9.2,188,Moderate,1022.5,15.7
2024-01-24,Hyderabad,Telangana,28.5,14.9,21.7,46.3,0.0,7.3,165,Moderate,1027.5,11.5
2024-01-25,Hyderabad,Telangana,29.1,15.3,22.2,42.2,0.0,9.7,204,Poor,1022.8,19.4
2024-01-26,Hyderabad,Telangana,27.3,14.4,20.9,54.2,0.0,7.9,187,Moderate,1023.2,6.4
2024-01-27,Hyderabad,Telangana,29.0,15.1,22.1,48.1,0.0,8.1,203,Poor,1024.7,15.3
2024-01-28,Hyderabad,Telangana,29.7,15.9,22.8,48.2,0.0,6.4,162,Moderate,1020.0,0.0
2024-01-29,Hyderabad,Telangana,30.0,15.8,22.9,42.6,0.0,10.9,158,Moderate,1016.0,0.0
2024-01-30,Hyderabad,Telangana,27.5,15.5,21.5,51.3,0.0,10.2,168,Moderate,1025.8,4.7
2024-01-31,Hyderabad,Telangana,30.1,17.8,24.0,36.5,0.0,7.2,188,Moderate,1022.8,9.3
2024-02-01,Hyderabad,Telangana,29.2,16.3,22.8,44.9,0.0,9.8,173,Moderate,1021.0,0.0
2024-02-02,Hyderabad,Telangana,29.4,15.2,22.3,50.4,0.0,7.0,212,Poor,1022.0,10.8
2024-02-03,Hyderabad,Telangana,27.1,14.6,20.9,52.0,0.0,9.8,196,Moderate,1024.3,11.2
2024-02-04,Hyderabad,Telangana,29.1,16.0,22.6,47.4,0.0,9.3,158,Moderate,1021.4,16.8
2024-02-05,Hyderabad,Telangana,28.2,16.5,22.3,42.7,0.0,12.2,231,Poor,1021.9,26.4
2024-02-06,Hyderabad,Telangana,28.5,18.1,23.3,58.9,0.0,9.3,171,Moderate,1025.3,41.2
2024-02-07,Hyderabad,Telangana,26.7,16.2,21.4,49.6,0.0,7.2,205,Poor,1019.2,24.4
2024-02-08,Hyderabad,Telangana,27.5,16.1,21.8,45.4,0.0,8.6,166,Moderate,1022.6,4.4
2024-02-09,Hyderabad,Telangana,29.3,17.9,23.6,61.4,0.0,7.9,187,Moderate,1018.5,26.4
2024-02-10,Hyderabad,Telangana,29.3,18.5,23.9,52.8,0.0,12.0,182,Moderate,1023.8,36.6
2024-02-11,Hyderabad,Telangana,30.6,18.0,24.3,41.7,0.0,6.6,141,Moderate,1021.1,1.1
2024-02-12,Hyderabad,Telangana,30.1,16.5,23.3,42.4,0.0,8.5,207,Poor,1019.3,2.5
2024-02-13,Hyderabad,Telangana,32.8,17.2,25.0,46.7,0.0,7.1,153,Moderate,1017.1,0.0
2024-02-14,Hyderabad,Telangana,31.2,16.7,23.9,42.2,0.0,13.0,147,Moderate,1019.6,9.1
2024-02-15,Hyderabad,Telangana,29.5,17.5,23.5,52.1,0.0,8.7,151,Moderate,1020.7,22.5
2024-02-16,Hyderabad,Telangana,28.6,17.6,23.1,58.9,0.0,9.5,149,Moderate,1022.6,38.4
2024-02-17,Hyderabad,Telangana,28.7,16.6,22.7,51.5,0.0,7.9,152,Moderate,1018.1,30.4
2024-02-18,Hyderabad,Telangana,28.0,15.8,21.9,56.0,0.0,9.9,131,Moderate,1018.8,23.8
2024-02-19,Hyderabad,Telangana,29.1,16.2,22.7,49.0,0.0,7.2,180,Moderate,1019.1,18.6
2024-02-20,Hyderabad,Telangana,29.0,16.8,22.9,46.8,0.0,7.2,165,Moderate,1018.4,23.3
2024-02-21,Hyderabad,Telangana,29.1,17.1,23.1,41.9,0.0,11.9,146,Moderate,1018.7,24.1
2024-02-22,Hyderabad,Telangana,27.6,17.3,22.4,54.8,0.0,16.3,158,Moderate,1017.9,36.4
2024-02-23,Hyderabad,Telangana,28.0,15.4,21.7,51.5,0.0,6.5,199,Moderate,1020.7,18.3
2024-02-24,Hyderabad,Telangana,26.1,16.4,21.2,56.2,0.0,7.5,122,Moderate,1018.9,22.6
2024-02-25,Hyderabad,Telangana,26.7,13.8,20.2,54.6,0.0,10.8,182,Moderate,1020.1,13.9
2024-02-26,Hyderabad,Telangana,24.6,14.6,19.6,62.7,0.0,9.3,148,Moderate,1020.7,21.6
2024-02-27,Hyderabad,Telangana,27.3,14.5,20.9,47.1,0.0,7.3,123,Moderate,1016.8,15.7
2024-02-28,Hyderabad,Telangana,26.8,14.5,20.6,49.2,0.0,7.8,159,Moderate,1020.7,2.8
2024-02-29,Hyderabad,Telangana,28.5,15.9,22.2,49.0,0.0,7.4,147,Moderate,1019.4,30.8
2024-03-01,Hyderabad,Telangana,26.9,16.1,21.5,59.6,0.0,9.7,161,Moderate,1019.5,39.8
2024-03-02,Hyderabad,Telangana,28.0,15.8,21.9,45.2,0.0,7.3,150,Moderate,1018.5,18.3
2024-03-03,Hyderabad,Telangana,28.3,16.0,22.1,55.4,0.0,7.9,152,Moderate,1018.0,23.4
2024-03-04,Hyderabad,Telangana,27.4,16.9,22.1,48.8,0.0,10.1,127,Moderate,1018.6,30.8
2024-03-05,Hyderabad,Telangana,30.2,16.6,23.4,52.1,0.0,9.0,116,Moderate,1018.1,16.0
2024-03-06,Hyderabad,Telangana,31.4,18.5,24.9,54.0,0.0,11.2,147,Moderate,1015.0,19.8
2024-03-07,Hyderabad,Telangana,30.8,18.8,24.8,39.1,0.0,7.3,128,Moderate,1020.4,14.3
2024-03-08,Hyderabad,Telangana,30.3,18.5,24.4,39.5,0.0,7.8,146,Moderate,1015.9,9.9
2024-03-09,Hyderabad,Telangana,32.2,20.7,26.5,48.9,0.0,7.1,170,Moderate,1016.7,23.7
2024-03-10,Hyderabad,Telangana,32.1,20.4,26.3,48.5,0.0,7.6,131,Moderate,1018.8,23.7
2024-03-11,Hyderabad,Telangana,29.6,19.3,24.4,49.3,0.0,6.7,151,Moderate,1016.1,30.6
2024-03-12,Hyderabad,Telangana,31.0,19.2,25.1,45.0,0.0,6.2,134,Moderate,1017.0,17.3
2024-03-13,Hyderabad,Telangana,32.2,19.3,25.7,38.8,0.0,6.6,124,Moderate,1011.8,0.2
2024-03-14,Hyderabad,Telangana,30.3,19.4,24.9,52.7,0.0,10.3,87,Satisfactory,1012.3,33.1
2024-03-15,Hyderabad,Telangana,32.7,19.9,26.3,39.3,0.0,6.7,128,Moderate,1015.6,6.5
2024-03-16,Hyderabad,Telangana,33.7,20.2,27.0,45.3,0.0,9.2,117,Moderate,1015.7,6.0
2024-03-17,Hyderabad,Telangana,32.7,19.8,26.3,41.9,0.0,7.7,104,Moderate,1017.6,9.5
2024-03-18,Hyderabad,Telangana,31.4,17.5,24.5,41.9,0.0,7.9,76,Satisfactory,1017.4,0.0
2024-03-19,Hyderabad,Telangana,30.8,18.1,24.5,53.4,0.0,6.8,86,Satisfactory,1012.4,15.1
2024-03-20,Hyderabad,Telangana,30.8,19.4,25.1,54.2,0.0,7.5,159,Moderate,1017.8,26.5
2024-03-21,Hyderabad,Telangana,32.6,19.2,25.9,40.5,0.0,8.8,115,Moderate,1012.5,11.4
2024-03-22,Hyderabad,Telangana,27.9,19.8,23.9,48.4,0.0,6.7,86,Satisfactory,1017.0,37.5
2024-03-23,Hyderabad,Telangana,28.6,18.1,23.3,57.0,0.0,7.4,101,Moderate,1014.4,37.0
2024-03-24,Hyderabad,Telangana,28.0,17.3,22.6,45.4,0.0,8.5,110,Moderate,1020.8,32.1
2024-03-25,Hyderabad,Telangana,29.1,15.5,22.3,53.0,0.0,9.3,116,Moderate,1014.1,0.0
2024-03-26,Hyderabad,Telangana,26.7,16.7,21.7,55.8,1.3,8.0,102,Moderate,1015.1,40.4
2024-03-27,Hyderabad,Telangana,28.9,16.0,22.4,46.5,0.0,13.2,137,Moderate,1015.3,16.7
2024-03-28,Hyderabad,Telangana,29.1,17.9,23.5,54.5,0.0,8.4,149,Moderate,1014.0,43.0
2024-03-29,Hyderabad,Telangana,32.1,20.6,26.3,51.7,0.0,9.8,107,Moderate,1011.5,9.4
2024-03-30,Hyderabad,Telangana,31.1,18.6,24.8,37.1,0.0,8.8,91,Satisfactory,1018.2,16.9
2024-03-31,Hyderabad,Telangana,29.7,18.9,24.3,54.1,0.0,7.8,109,Moderate,1012.6,20.5
2024-04-01,Hyderabad,Telangana,31.2,17.7,24.4,51.7,0.0,6.4,73,Satisfactory,1012.3,6.2
2024-04-02,Hyderabad,Telangana,31.2,18.2,24.7,42.6,0.0,10.2,113,Moderate,1013.1,0.0
2024-04-03,Hyderabad,Telangana,31.4,18.7,25.1,43.6,0.0,10.2,93,Satisfactory,1013.5,0.0
2024-04-04,Hyderabad,Telangana,28.4,20.9,24.6,58.4,0.0,13.1,54,Satisfactory,1011.7,60.9
2024-04-05,Hyderabad,Telangana,30.1,16.8,23.5,48.9,0.0,7.8,80,Satisfactory,1015.1,0.0
2024-04-06,Hyderabad,Telangana,28.9,16.6,22.7,42.2,0.0,14.9,85,Satisfactory,1013.6,0.0
2024-04-07,Hyderabad,Telangana,27.4,17.5,22.5,52.5,0.0,10.0,47,Good,1013.2,29.2
2024-04-08,Hyderabad,Telangana,30.1,16.5,23.3,45.3,0.0,11.3,59,Satisfactory,1013.9,0.9
2024-04-09,Hyderabad,Telangana,29.8,15.4,22.6,49.5,0.0,6.9,78,Satisfactory,1011.1,0.0
2024-04-10,Hyderabad,Telangana,29.2,15.4,22.3,59.8,0.0,8.7,104,Moderate,1011.6,0.0
2024-04-11,Hyderabad,Telangana,29.0,18.8,23.9,47.1,0.0,12.4,108,Moderate,1012.1,25.1
2024-04-12,Hyderabad,Telangana,31.9,19.0,25.4,45.7,0.0,6.9,92,Satisfactory,1013.4,5.2
2024-04-13,Hyderabad,Telangana,31.5,19.4,25.4,46.9,0.0,6.2,15,Good,1010.9,29.4
2024-04-14,Hyderabad,Telangana,30.0,18.2,24.1,47.4,0.0,7.8,53,Satisfactory,1011.0,20.3
2024-04-15,Hyderabad,Telangana,31.5,19.2,25.4,44.0,0.0,13.4,139,Moderate,1006.9,22.0
2024-04-16,Hyderabad,Telangana,30.7,18.8,24.8,40.7,0.0,11.8,68,Satisfactory,1009.7,15.0
2024-04-17,Hyderabad,Telangana,31.3,19.4,25.4,54.4,0.0,8.5,15,Good,1007.5,17.3
2024-04-18,Hyderabad,Telangana,33.0,20.8,26.9,47.2,0.0,7.6,124,Moderate,1007.4,8.0
2024-04-19,Hyderabad,Telangana,32.8,19.5,26.2,46.9,0.0,9.7,36,Good,1010.9,9.9
2024-04-20,Hyderabad,Telangana,33.8,20.1,26.9,40.7,0.0,11.9,71,Satisfactory,1016.5,5.6
2024-04-21,Hyderabad,Telangana,32.1,22.3,27.2,52.6,0.0,10.2,36,Good,1010.0,42.2
2024-04-22,Hyderabad,Telangana,33.2,20.2,26.7,42.0,0.0,12.5,102,Moderate,1010.2,16.0
2024-04-23,Hyderabad,Telangana,31.6,19.6,25.6,45.1,0.0,12.5,21,Good,1008.2,0.0
2024-04-24,Hyderabad,Telangana,32.3,20.9,26.6,51.9,0.0,9.6,45,Good,1007.2,25.8
2024-04-25,Hyderabad,Telangana,31.3,20.1,25.7,45.3,0.0,10.4,77,Satisfactory,1013.5,11.7
2024-04-26,Hyderabad,Telangana,30.6,20.0,25.3,47.2,0.0,9.1,44,Good,1007.7,22.9
2024-04-27,Hyderabad,Telangana,31.2,20.6,25.9,47.5,0.0,6.8,71,Satisfactory,1005.0,19.7
2024-04-28,Hyderabad,Telangana,31.9,22.4,27.2,58.6,0.0,9.2,71,Satisfactory,1009.0,43.9
2024-04-29,Hyderabad,Telangana,33.1,20.4,26.7,50.3,2.1,7.2,59,Satisfactory,1007.6,18.2
2024-04-30,Hyderabad,Telangana,31.6,20.8,26.2,45.7,0.0,7.1,31,Good,1009.6,35.7
2024-05-01,Hyderabad,Telangana,31.4,21.1,26.3,57.3,0.0,11.2,26,Good,1011.4,34.6
2024-05-02,Hyderabad,Telangana,33.9,21.1,27.5,49.2,0.0,8.0,42,Good,1008.5,5.1
2024-05-03,Hyderabad,Telangana,33.5,24.2,28.9,51.3,0.0,8.5,60,Satisfactory,1007.7,26.5
2024-05-04,Hyderabad,Telangana,34.4,21.6,28.0,56.7,0.0,7.6,66,Satisfactory,1008.6,14.1
2024-05-05,Hyderabad,Telangana,33.7,23.3,28.5,47.1,0.0,7.8,51,Satisfactory,1012.4,8.0
2024-05-06,Hyderabad,Telangana,35.8,23.8,29.8,48.4,7.6,8.9,51,Satisfactory,1011.0,7.7
2024-05-07,Hyderabad,Telangana,33.7,23.2,28.5,56.3,0.0,9.6,15,Good,1006.0,37.3
2024-05-08,Hyderabad,Telangana,32.5,23.4,28.0,64.8,0.0,8.8,47,Good,1008.6,63.6
2024-05-09,Hyderabad,Telangana,33.9,21.6,27.8,49.2,0.0,10.2,34,Good,1010.1,15.9
2024-05-10,Hyderabad,Telangana,32.8,21.9,27.3,51.0,0.0,11.0,43,Good,1007.9,31.0
2024-05-11,Hyderabad,Telangana,33.2,20.9,27.0,60.1,0.0,7.3,57,Satisfactory,1006.3,33.0
2024-05-12,Hyderabad,Telangana,34.4,20.8,27.6,57.2,0.0,10.4,15,Good,1005.1,21.4
2024-05-13,Hyderabad,Telangana,33.2,23.5,28.4,64.7,0.0,9.7,29,Good,1005.9,48.6
2024-05-14,Hyderabad,Telangana,31.7,23.0,27.3,64.2,0.0,9.7,60,Satisfactory,1003.6,60.9
2024-05-15,Hyderabad,Telangana,32.5,21.2,26.8,46.2,0.0,7.8,41,Good,1007.7,22.7
2024-05-16,Hyderabad,Telangana,32.4,23.9,28.2,61.7,0.0,8.8,28,Good,1008.1,55.1
2024-05-17,Hyderabad,Telangana,35.9,24.1,30.0,53.0,0.0,10.9,15,Good,1003.9,22.7
2024-05-18,Hyderabad,Telangana,37.8,24.8,31.3,57.0,0.0,7.9,42,Good,1003.2,16.6
2024-05-19,Hyderabad,Telangana,38.8,30.3,34.5,56.4,0.0,17.1,15,Good,1001.0,27.0
2024-05-20,Hyderabad,Telangana,38.6,28.8,33.7,58.5,0.0,12.0,15,Good,1004.1,42.3
2024-05-21,Hyderabad,Telangana,37.3,25.1,31.2,44.9,0.0,8.4,15,Good,1003.7,30.9
2024-05-22,Hyderabad,Telangana,34.4,24.2,29.3,56.0,0.0,9.2,31,Good,1001.2,44.5
2024-05-23,Hyderabad,Telangana,36.8,26.1,31.4,55.4,0.0,8.0,15,Good,1009.2,36.8
2024-05-24,Hyderabad,Telangana,34.3,26.9,30.6,60.4,0.0,12.4,15,Good,999.8,53.9
2024-05-25,Hyderabad,Telangana,35.1,24.6,29.9,61.7,0.0,9.7,15,Good,1000.6,43.6
2024-05-26,Hyderabad,Telangana,33.9,24.3,29.1,72.6,0.0,10.5,15,Good,1005.4,58.8
2024-05-27,Hyderabad,Telangana,34.3,23.2,28.7,62.7,0.0,10.1,20,Good,1004.8,26.4
2024-05-28,Hyderabad,Telangana,34.5,24.9,29.7,56.1,0.0,11.7,15,Good,1001.6,35.8
2024-05-29,Hyderabad,Telangana,35.0,24.7,29.8,57.7,0.0,8.8,15,Good,1001.3,39.4
2024-05-30,Hyderabad,Telangana,34.4,24.8,29.6,55.6,0.0,19.5,15,Good,1003.7,28.5
2024-05-31,Hyderabad,Telangana,32.3,22.9,27.6,61.5,0.0,11.9,29,Good,1003.9,28.3
2024-06-01,Hyderabad,Telangana,32.0,22.0,27.0,71.7,0.0,12.3,22,Good,1001.8,49.1
2024-06-02,Hyderabad,Telangana,32.6,22.7,27.6,73.6,0.0,11.1,15,Good,1004.9,53.5
2024-06-03,Hyderabad,Telangana,31.4,22.9,27.1,66.4,0.0,9.2,29,Good,1004.0,47.0
2024-06-04,Hyderabad,Telangana,33.1,26.0,29.5,69.6,7.3,10.1,32,Good,1004.7,59.7
2024-06-05,Hyderabad,Telangana,36.2,26.7,31.4,70.6,0.0,10.0,24,Good,1001.3,29.3
2024-06-06,Hyderabad,Telangana,38.0,28.1,33.1,56.3,0.0,13.8,15,Good,1002.4,39.2
2024-06-07,Hyderabad,Telangana,36.2,27.1,31.6,66.6,0.0,9.6,15,Good,1000.6,30.0
2024-06-08,Hyderabad,Telangana,33.6,23.6,28.6,73.5,14.4,11.1,21,Good,1002.8,51.2
2024-06-09,Hyderabad,Telangana,34.0,26.1,30.0,70.0,0.0,9.3,15,Good,1001.9,56.2
2024-06-10,Hyderabad,Telangana,33.1,25.4,29.2,75.6,13.2,12.6,50,Satisfactory,1003.0,69.6
2024-06-11,Hyderabad,Telangana,35.6,26.5,31.0,69.2,0.0,10.1,15,Good,1001.7,34.2
2024-06-12,Hyderabad,Telangana,35.2,26.4,30.8,71.5,0.0,13.0,15,Good,996.8,57.1
2024-06-13,Hyderabad,Telangana,35.4,27.6,31.5,73.2,0.0,14.0,15,Good,999.0,72.5
2024-06-14,Hyderabad,Telangana,33.0,25.4,29.2,68.2,0.0,17.4,15,Good,1001.0,40.8
2024-06-15,Hyderabad,Telangana,34.0,25.3,29.7,80.7,13.2,11.3,15,Good,1001.5,38.2
2024-06-16,Hyderabad,Telangana,34.8,25.5,30.1,68.9,6.3,12.2,15,Good,1002.0,35.6
2024-06-17,Hyderabad,Telangana,32.7,26.0,29.3,80.1,0.0,11.7,15,Good,1001.5,66.4
2024-06-18,Hyderabad,Telangana,35.6,26.1,30.8,78.4,0.1,11.1,15,Good,998.5,47.6
2024-06-19,Hyderabad,Telangana,32.6,26.0,29.3,79.3,0.0,14.0,15,Good,1002.0,66.4
2024-06-20,Hyderabad,Telangana,33.7,25.2,29.4,79.1,9.2,11.2,15,Good,998.4,57.5
2024-06-21,Hyderabad,Telangana,32.9,26.7,29.8,88.1,4.1,13.5,15,Good,1002.4,86.5
2024-06-22,Hyderabad,Telangana,31.7,25.2,28.5,80.2,0.0,9.7,15,Good,1002.8,74.1
2024-06-23,Hyderabad,Telangana,30.7,21.9,26.3,74.6,0.0,11.1,16,Good,1000.6,54.1
2024-06-24,Hyderabad,Telangana,30.2,24.3,27.3,80.1,0.0,14.5,70,Satisfactory,999.0,61.4
2024-06-25,Hyderabad,Telangana,32.0,25.8,28.9,95.0,21.1,12.4,15,Good,998.3,76.6
2024-06-26,Hyderabad,Telangana,33.9,26.6,30.2,77.4,8.5,15.2,15,Good,997.1,50.7
2024-06-27,Hyderabad,Telangana,32.8,27.1,30.0,88.8,7.0,12.6,34,Good,997.4,83.3
2024-06-28,Hyderabad,Telangana,33.3,26.7,30.0,77.8,0.0,14.6,15,Good,998.8,64.1
2024-06-29,Hyderabad,Telangana,33.3,27.2,30.3,94.9,1.1,11.5,15,Good,997.9,79.6
2024-06-30,Hyderabad,Telangana,33.4,26.6,30.0,84.5,0.0,14.2,15,Good,995.8,66.5
2024-07-01,Hyderabad,Telangana,31.6,24.5,28.1,85.1,0.0,13.8,15,Good,998.5,63.9
2024-07-02,Hyderabad,Telangana,33.0,25.7,29.4,85.7,5.8,12.6,15,Good,999.2,61.6
2024-07-03,Hyderabad,Telangana,31.8,26.5,29.1,100.0,13.2,14.9,15,Good,998.4,96.4
2024-07-04,Hyderabad,Telangana,33.1,27.7,30.4,90.1,11.9,15.5,15,Good,996.8,68.0
2024-07-05,Hyderabad,Telangana,33.6,28.7,31.2,94.1,3.8,14.8,15,Good,993.6,100.0
2024-07-06,Hyderabad,Telangana,31.3,26.9,29.1,77.2,0.0,15.2,15,Good,1001.2,76.4
2024-07-07,Hyderabad,Telangana,30.1,26.1,28.1,96.7,5.2,14.1,23,Good,999.1,63.6
2024-07-08,Hyderabad,Telangana,35.4,25.8,30.6,82.5,0.0,11.6,17,Good,999.1,52.4
2024-07-09,Hyderabad,Telangana,33.3,29.4,31.4,90.2,3.7,13.5,15,Good,998.5,92.0
2024-07-10,Hyderabad,Telangana,34.8,29.0,31.9,86.2,0.0,13.1,15,Good,999.0,72.2
2024-07-11,Hyderabad,Telangana,32.8,29.5,31.1,100.0,6.0,14.1,26,Good,998.7,87.4
2024-07-12,Hyderabad,Telangana,33.4,29.7,31.5,96.8,30.4,15.9,15,Good,998.3,100.0
2024-07-13,Hyderabad,Telangana,33.9,28.6,31.2,86.9,6.5,15.2,15,Good,999.7,86.1
2024-07-14,Hyderabad,Telangana,31.6,26.1,28.8,94.9,3.5,15.1,15,Good,1000.8,83.3
2024-07-15,Hyderabad,Telangana,31.4,28.2,29.8,93.9,0.0,11.1,15,Good,1001.4,95.5
2024-07-16,Hyderabad,Telangana,31.8,27.4,29.6,99.0,5.0,13.3,15,Good,997.0,90.0
2024-07-17,Hyderabad,Telangana,33.2,26.0,29.6,89.1,0.9,12.8,15,Good,999.2,61.3
2024-07-18,Hyderabad,Telangana,31.0,26.5,28.8,92.2,33.5,14.8,15,Good,995.7,98.4
2024-07-19,Hyderabad,Telangana,31.3,25.6,28.5,95.8,17.1,17.0,15,Good,998.1,79.5
2024-07-20,Hyderabad,Telangana,32.9,28.0,30.5,99.0,13.1,14.1,15,Good,998.1,100.0
2024-07-21,Hyderabad,Telangana,33.2,28.2,30.7,89.9,9.1,11.8,15,Good,1000.0,86.1
2024-07-22,Hyderabad,Telangana,32.4,26.7,29.5,89.5,3.9,13.6,15,Good,998.6,96.5
2024-07-23,Hyderabad,Telangana,31.0,25.6,28.3,97.5,0.0,11.0,15,Good,1000.6,77.4
2024-07-24,Hyderabad,Telangana,32.3,24.6,28.5,90.5,0.0,15.8,15,Good,998.6,59.2
2024-07-25,Hyderabad,Telangana,31.2,25.6,28.4,97.3,11.5,12.8,15,Good,998.2,88.3
2024-07-26,Hyderabad,Telangana,30.3,27.3,28.8,100.0,8.6,16.5,20,Good,997.7,93.7
2024-07-27,Hyderabad,Telangana,30.4,24.0,27.2,86.0,45.9,16.6,15,Good,1001.2,73.0
2024-07-28,Hyderabad,Telangana,31.3,26.2,28.7,95.6,0.9,17.4,15,Good,998.8,76.9
2024-07-29,Hyderabad,Telangana,33.3,26.5,29.9,91.2,9.6,12.7,31,Good,994.4,47.8
2024-07-30,Hyderabad,Telangana,31.0,25.7,28.3,94.5,1.0,20.1,15,Good,1001.1,77.3
2024-07-31,Hyderabad,Telangana,32.0,25.0,28.5,84.5,8.0,16.4,15,Good,998.0,61.5
2024-08-01,Hyderabad,Telangana,30.5,26.9,28.7,93.3,7.3,12.8,27,Good,1000.3,85.8
2024-08-02,Hyderabad,Telangana,30.3,24.9,27.6,94.4,2.2,16.8,15,Good,998.1,83.5
2024-08-03,Hyderabad,Telangana,31.9,26.4,29.1,86.0,0.0,12.6,31,Good,1000.0,77.7
2024-08-04,Hyderabad,Telangana,33.0,27.4,30.2,98.5,8.3,14.1,15,Good,994.1,94.9
2024-08-05,Hyderabad,Telangana,34.4,29.3,31.8,91.5,8.7,14.8,15,Good,999.4,78.3
2024-08-06,Hyderabad,Telangana,35.7,28.6,32.2,87.3,5.6,14.6,25,Good,997.8,76.9
2024-08-07,Hyderabad,Telangana,34.6,28.4,31.5,96.0,26.6,12.1,46,Good,997.3,78.5
2024-08-08,Hyderabad,Telangana,32.8,26.2,29.5,86.9,21.1,16.9,15,Good,1002.1,66.4
2024-08-09,Hyderabad,Telangana,34.0,27.5,30.8,100.0,3.1,15.5,15,Good,1000.1,87.0
2024-08-10,Hyderabad,Telangana,35.4,26.3,30.9,84.8,0.0,18.0,15,Good,1000.0,59.6
2024-08-11,Hyderabad,Telangana,33.5,27.8,30.6,85.1,4.6,16.6,15,Good,999.3,77.8
2024-08-12,Hyderabad,Telangana,32.0,27.6,29.8,87.9,12.2,15.8,15,Good,1002.9,88.7
2024-08-13,Hyderabad,Telangana,34.0,26.0,30.0,85.2,6.8,15.8,15,Good,1000.3,56.4
2024-08-14,Hyderabad,Telangana,34.2,27.7,30.9,77.0,10.7,14.3,15,Good,1004.1,50.6
2024-08-15,Hyderabad,Telangana,33.8,27.4,30.6,83.6,20.2,12.6,15,Good,1003.9,54.2
2024-08-16,Hyderabad,Telangana,32.3,26.0,29.1,90.3,3.8,14.3,15,Good,1004.8,94.3
2024-08-17,Hyderabad,Telangana,33.4,25.5,29.5,81.7,1.2,11.4,21,Good,1004.0,59.3
2024-08-18,Hyderabad,Telangana,32.0,24.8,28.4,82.0,13.1,15.9,15,Good,1001.3,50.8
2024-08-19,Hyderabad,Telangana,33.3,23.6,28.4,91.2,0.0,20.8,15,Good,1002.8,71.8
2024-08-20,Hyderabad,Telangana,32.7,24.4,28.6,73.1,12.1,14.1,17,Good,1002.5,27.5
2024-08-21,Hyderabad,Telangana,34.2,25.4,29.8,80.3,10.5,11.8,15,Good,1004.4,50.6
2024-08-22,Hyderabad,Telangana,31.7,26.6,29.1,88.8,20.0,10.9,23,Good,1003.1,83.3
2024-08-23,Hyderabad,Telangana,32.8,22.8,27.8,73.6,0.0,12.0,17,Good,1003.2,49.9
2024-08-24,Hyderabad,Telangana,31.0,23.8,27.4,83.9,8.6,15.0,31,Good,1007.3,58.9
2024-08-25,Hyderabad,Telangana,31.7,24.7,28.2,85.6,8.0,13.3,21,Good,1003.3,65.2
2024-08-26,Hyderabad,Telangana,30.0,24.4,27.2,86.4,0.0,12.7,41,Good,1003.2,64.9
2024-08-27,Hyderabad,Telangana,32.4,22.0,27.2,72.7,0.0,11.9,40,Good,1003.8,52.3
2024-08-28,Hyderabad,Telangana,31.3,24.5,27.9,74.9,0.0,12.9,34,Good,1006.8,66.0
2024-08-29,Hyderabad,Telangana,32.2,25.2,28.7,81.1,4.7,9.8,47,Good,1005.0,77.1
2024-08-30,Hyderabad,Telangana,33.9,24.7,29.3,71.7,11.0,11.2,51,Satisfactory,1005.6,40.7
2024-08-31,Hyderabad,Telangana,31.6,23.5,27.5,74.9,0.0,11.0,47,Good,1005.9,48.8
2024-09-01,Hyderabad,Telangana,33.3,27.0,30.1,71.0,0.0,11.0,48,Good,1000.5,51.6
2024-09-02,Hyderabad,Telangana,32.0,24.5,28.2,77.1,20.1,13.7,15,Good,1003.5,63.0
2024-09-03,Hyderabad,Telangana,30.8,22.6,26.7,61.9,12.5,9.4,15,Good,1005.7,53.6
2024-09-04,Hyderabad,Telangana,33.5,24.4,29.0,74.6,1.6,10.8,50,Good,1006.5,49.0
2024-09-05,Hyderabad,Telangana,36.6,24.1,30.3,72.3,0.0,11.5,22,Good,1003.7,27.3
2024-09-06,Hyderabad,Telangana,33.8,23.1,28.5,64.3,0.0,11.1,40,Good,1004.4,33.2
2024-09-07,Hyderabad,Telangana,33.9,24.2,29.1,70.8,23.5,11.1,15,Good,1005.9,50.5
2024-09-08,Hyderabad,Telangana,33.4,24.1,28.7,75.6,0.0,9.0,45,Good,1009.5,39.8
2024-09-09,Hyderabad,Telangana,33.8,25.5,29.6,66.3,0.0,11.9,40,Good,1002.5,40.7
2024-09-10,Hyderabad,Telangana,31.3,22.3,26.8,70.2,0.0,9.0,74,Satisfactory,1002.5,45.4
2024-09-11,Hyderabad,Telangana,30.9,24.6,27.8,83.7,3.2,9.3,69,Satisfactory,1011.2,77.6
2024-09-12,Hyderabad,Telangana,32.6,22.7,27.7,75.3,0.0,12.9,59,Satisfactory,1004.9,37.0
2024-09-13,Hyderabad,Telangana,32.4,24.7,28.6,64.0,8.0,10.9,83,Satisfactory,1007.1,61.9
2024-09-14,Hyderabad,Telangana,32.0,25.3,28.7,66.2,0.0,9.7,135,Moderate,1005.1,59.9
2024-09-15,Hyderabad,Telangana,33.6,23.3,28.5,70.7,1.7,17.0,60,Satisfactory,1007.8,52.1
2024-09-16,Hyderabad,Telangana,33.1,22.6,27.9,63.4,0.0,9.9,91,Satisfactory,1008.5,28.4
2024-09-17,Hyderabad,Telangana,32.4,23.0,27.7,67.0,0.0,8.8,81,Satisfactory,1012.3,41.5
2024-09-18,Hyderabad,Telangana,32.5,23.2,27.9,47.9,0.0,8.1,93,Satisfactory,1010.7,33.2
2024-09-19,Hyderabad,Telangana,31.6,24.0,27.8,58.0,0.0,13.0,32,Good,1006.9,66.1
2024-09-20,Hyderabad,Telangana,32.0,23.1,27.6,71.3,0.0,12.1,15,Good,1005.9,43.0
2024-09-21,Hyderabad,Telangana,33.2,23.9,28.6,62.8,0.0,10.2,31,Good,1010.7,32.9
2024-09-22,Hyderabad,Telangana,33.7,24.9,29.3,65.6,7.6,8.9,62,Satisfactory,1008.6,59.6
2024-09-23,Hyderabad,Telangana,33.7,23.4,28.6,51.1,0.0,11.4,108,Moderate,1008.6,29.4
2024-09-24,Hyderabad,Telangana,34.7,23.9,29.3,56.8,0.0,11.7,85,Satisfactory,1012.5,40.9
2024-09-25,Hyderabad,Telangana,33.9,24.4,29.1,61.8,1.3,7.3,82,Satisfactory,1006.8,42.4
2024-09-26,Hyderabad,Telangana,34.4,23.9,29.2,50.3,0.0,8.3,104,Moderate,1009.8,36.7
2024-09-27,Hyderabad,Telangana,33.4,22.5,27.9,52.9,0.0,12.0,91,Satisfactory,1012.4,30.5
2024-09-28,Hyderabad,Telangana,33.1,22.7,27.9,60.7,0.0,7.9,66,Satisfactory,1008.9,43.0
2024-09-29,Hyderabad,Telangana,33.4,22.7,28.0,56.6,0.0,9.1,104,Moderate,1014.1,21.8
2024-09-30,Hyderabad,Telangana,36.0,25.2,30.6,53.7,0.0,9.6,113,Moderate,1008.9,44.1
2024-10-01,Hyderabad,Telangana,34.7,24.6,29.7,57.3,0.0,8.4,145,Moderate,1011.3,24.5
2024-10-02,Hyderabad,Telangana,35.0,25.1,30.0,61.3,0.0,9.9,95,Satisfactory,1010.1,46.3
2024-10-03,Hyderabad,Telangana,34.1,25.1,29.6,46.6,0.0,8.3,140,Moderate,1006.3,42.0
2024-10-04,Hyderabad,Telangana,33.4,22.9,28.2,63.1,0.0,7.9,96,Satisfactory,1011.6,35.3
2024-10-05,Hyderabad,Telangana,35.4,23.1,29.3,57.4,0.0,7.5,159,Moderate,1013.9,25.2
2024-10-06,Hyderabad,Telangana,34.7,23.9,29.3,55.8,0.0,7.5,96,Satisfactory,1010.4,41.3
2024-10-07,Hyderabad,Telangana,35.9,24.0,29.9,51.5,0.0,12.1,113,Moderate,1011.3,33.1
2024-10-08,Hyderabad,Telangana,35.5,22.7,29.1,49.2,0.0,10.9,110,Moderate,1011.9,0.0
2024-10-09,Hyderabad,Telangana,35.9,22.7,29.3,50.5,0.0,9.6,142,Moderate,1014.1,13.1
2024-10-10,Hyderabad,Telangana,35.0,24.3,29.6,48.8,0.0,9.2,141,Moderate,1012.4,26.2
2024-10-11,Hyderabad,Telangana,33.8,23.0,28.4,59.3,0.0,15.7,73,Satisfactory,1013.7,28.1
2024-10-12,Hyderabad,Telangana,32.5,21.6,27.0,42.9,0.0,11.5,101,Moderate,1014.3,34.5
2024-10-13,Hyderabad,Telangana,32.4,21.5,27.0,52.5,0.0,13.0,153,Moderate,1013.4,45.9
2024-10-14,Hyderabad,Telangana,31.1,20.6,25.9,55.8,0.0,9.2,120,Moderate,1018.3,32.7
2024-10-15,Hyderabad,Telangana,33.7,19.7,26.7,45.3,0.0,7.8,141,Moderate,1012.8,0.0
2024-10-16,Hyderabad,Telangana,32.6,20.8,26.7,54.6,0.0,7.5,102,Moderate,1016.4,26.1
2024-10-17,Hyderabad,Telangana,31.8,20.9,26.3,47.3,0.0,7.6,121,Moderate,1017.9,40.2
2024-10-18,Hyderabad,Telangana,32.9,22.1,27.5,48.3,0.0,7.9,112,Moderate,1014.9,23.7
2024-10-19,Hyderabad,Telangana,33.9,22.7,28.3,54.7,0.0,9.0,147,Moderate,1015.2,24.2
2024-10-20,Hyderabad,Telangana,32.0,19.8,25.9,41.2,0.0,9.3,143,Moderate,1017.0,15.6
2024-10-21,Hyderabad,Telangana,30.7,19.5,25.1,52.4,0.0,8.4,158,Moderate,1015.6,36.0
2024-10-22,Hyderabad,Telangana,30.4,19.0,24.7,47.1,0.0,8.2,109,Moderate,1012.8,17.7
2024-10-23,Hyderabad,Telangana,29.8,19.9,24.8,54.2,0.0,7.2,149,Moderate,1016.2,30.6
2024-10-24,Hyderabad,Telangana,29.4,20.1,24.7,53.7,0.0,15.6,117,Moderate,1020.2,28.1
2024-10-25,Hyderabad,Telangana,30.5,18.0,24.3,51.4,0.0,6.9,87,Satisfactory,1018.3,22.9
2024-10-26,Hyderabad,Telangana,31.3,18.9,25.1,49.9,0.0,13.8,135,Moderate,1017.3,28.2
2024-10-27,Hyderabad,Telangana,31.2,21.4,26.3,49.5,0.0,8.3,168,Moderate,1018.5,23.3
2024-10-28,Hyderabad,Telangana,29.2,18.5,23.9,53.7,0.0,8.3,176,Moderate,1017.5,39.6
2024-10-29,Hyderabad,Telangana,30.3,19.4,24.9,51.5,0.0,7.6,144,Moderate,1017.7,30.4
2024-10-30,Hyderabad,Telangana,31.6,19.4,25.5,59.4,0.0,10.3,158,Moderate,1016.8,35.0
2024-10-31,Hyderabad,Telangana,31.1,18.6,24.8,41.0,0.0,7.3,160,Moderate,1018.9,9.9
2024-11-01,Hyderabad,Telangana,30.6,17.3,24.0,49.2,0.0,8.9,129,Moderate,1017.3,9.4
2024-11-02,Hyderabad,Telangana,28.6,17.2,22.9,46.3,0.0,9.9,125,Moderate,1018.1,22.3
2024-11-03,Hyderabad,Telangana,29.2,18.6,23.9,61.9,0.0,6.4,154,Moderate,1020.4,31.1
2024-11-04,Hyderabad,Telangana,30.8,18.5,24.7,51.1,0.0,7.8,148,Moderate,1018.2,27.5
2024-11-05,Hyderabad,Telangana,33.7,19.8,26.7,38.5,0.0,15.8,135,Moderate,1019.2,8.1
2024-11-06,Hyderabad,Telangana,32.8,22.6,27.7,47.5,0.0,7.6,147,Moderate,1019.3,28.8
2024-11-07,Hyderabad,Telangana,34.3,20.3,27.3,37.2,0.0,7.4,163,Moderate,1018.1,9.2
2024-11-08,Hyderabad,Telangana,32.6,22.0,27.3,45.3,0.0,7.9,134,Moderate,1017.7,27.3
2024-11-09,Hyderabad,Telangana,32.2,22.6,27.4,50.2,0.0,17.2,168,Moderate,1015.8,21.7
2024-11-10,Hyderabad,Telangana,32.8,20.4,26.6,52.9,0.0,13.7,105,Moderate,1016.6,14.9
2024-11-11,Hyderabad,Telangana,31.9,18.7,25.3,51.7,0.0,8.5,158,Moderate,1020.5,11.2
2024-11-12,Hyderabad,Telangana,29.5,19.0,24.2,48.7,0.0,11.4,149,Moderate,1020.9,21.1
2024-11-13,Hyderabad,Telangana,27.7,17.7,22.7,53.2,0.0,8.5,159,Moderate,1018.3,21.2
2024-11-14,Hyderabad,Telangana,30.0,17.3,23.7,50.0,0.0,8.8,144,Moderate,1020.9,4.7
2024-11-15,Hyderabad,Telangana,28.9,18.0,23.5,62.4,0.0,9.5,129,Moderate,1020.7,27.8
2024-11-16,Hyderabad,Telangana,31.4,18.9,25.1,48.3,0.0,10.6,166,Moderate,1021.8,34.5
2024-11-17,Hyderabad,Telangana,31.4,20.0,25.7,57.4,0.0,7.9,164,Moderate,1024.2,29.9
2024-11-18,Hyderabad,Telangana,32.1,19.4,25.7,42.7,0.0,7.3,180,Moderate,1021.1,22.2
2024-11-19,Hyderabad,Telangana,31.7,18.8,25.2,52.1,0.0,9.7,130,Moderate,1018.8,11.7
2024-11-20,Hyderabad,Telangana,33.4,19.7,26.6,43.6,0.0,6.9,212,Poor,1021.4,18.9
2024-11-21,Hyderabad,Telangana,31.5,20.0,25.7,43.2,0.0,8.4,170,Moderate,1018.2,15.7
2024-11-22,Hyderabad,Telangana,30.8,18.8,24.8,46.8,0.0,8.3,106,Moderate,1025.1,19.7
2024-11-23,Hyderabad,Telangana,29.2,19.4,24.3,47.2,0.0,6.5,183,Moderate,1018.4,31.3
2024-11-24,Hyderabad,Telangana,30.9,17.8,24.3,50.0,0.0,7.3,167,Moderate,1021.8,16.6
2024-11-25,Hyderabad,Telangana,30.6,16.0,23.3,51.0,0.0,8.5,150,Moderate,1021.3,0.0
2024-11-26,Hyderabad,Telangana,32.3,19.9,26.1,38.4,0.0,6.1,210,Poor,1019.8,28.1
2024-11-27,Hyderabad,Telangana,31.8,20.0,25.9,47.1,0.0,10.9,191,Moderate,1019.8,22.6
2024-11-28,Hyderabad,Telangana,30.7,20.1,25.4,42.2,0.0,7.1,189,Moderate,1023.8,19.3
2024-11-29,Hyderabad,Telangana,30.2,16.9,23.6,49.6,0.0,10.0,177,Moderate,1022.8,1.8
2024-11-30,Hyderabad,Telangana,27.9,15.6,21.7,54.8,0.0,7.6,193,Moderate,1021.9,7.7
2024-12-01,Hyderabad,Telangana,27.5,13.7,20.6,48.2,0.0,8.6,146,Moderate,1026.1,9.9
2024-12-02,Hyderabad,Telangana,27.3,15.0,21.1,45.5,0.0,10.5,180,Moderate,1022.3,11.4
2024-12-03,Hyderabad,Telangana,26.2,14.1,20.2,42.0,0.0,7.6,212,Poor,1024.3,13.2
2024-12-04,Hyderabad,Telangana,30.3,14.8,22.6,55.6,0.0,13.0,194,Moderate,1019.6,2.1
2024-12-05,Hyderabad,Telangana,29.3,18.4,23.9,61.5,0.0,18.6,134,Moderate,1019.4,47.9
2024-12-06,Hyderabad,Telangana,28.8,17.0,22.9,43.9,0.0,7.2,192,Moderate,1023.8,39.4
2024-12-07,Hyderabad,Telangana,28.9,17.5,23.2,53.0,0.0,7.5,163,Moderate,1022.9,22.0
2024-12-08,Hyderabad,Telangana,29.0,17.9,23.4,43.0,0.0,8.0,190,Moderate,1026.6,17.4
2024-12-09,Hyderabad,Telangana,28.6,17.1,22.8,52.3,0.0,12.3,160,Moderate,1021.1,43.8
2024-12-10,Hyderabad,Telangana,30.5,18.3,24.4,46.6,0.0,6.9,172,Moderate,1023.5,40.0
2024-12-11,Hyderabad,Telangana,28.5,16.8,22.7,37.0,0.0,6.9,199,Moderate,1022.2,7.9
2024-12-12,Hyderabad,Telangana,28.1,16.7,22.4,50.0,0.0,6.8,176,Moderate,1024.5,21.8
2024-12-13,Hyderabad,Telangana,28.7,17.2,22.9,57.9,0.0,6.7,176,Moderate,1024.2,15.4
2024-12-14,Hyderabad,Telangana,29.0,16.0,22.5,44.0,0.0,7.2,200,Moderate,1022.8,14.5
2024-12-15,Hyderabad,Telangana,30.7,17.2,23.9,52.1,0.0,8.7,156,Moderate,1021.0,15.0
2024-12-16,Hyderabad,Telangana,30.0,18.0,24.0,53.0,0.0,19.3,155,Moderate,1021.9,16.0
2024-12-17,Hyderabad,Telangana,30.3,18.6,24.5,51.9,0.0,6.8,161,Moderate,1020.2,19.9
2024-12-18,Hyderabad,Telangana,27.3,17.3,22.3,60.2,0.0,8.7,160,Moderate,1023.8,21.2
2024-12-19,Hyderabad,Telangana,27.3,17.5,22.4,58.7,0.0,9.6,214,Poor,1017.5,38.2
2024-12-20,Hyderabad,Telangana,31.1,16.5,23.8,54.8,0.0,8.1,183,Moderate,1021.6,6.0
2024-12-21,Hyderabad,Telangana,29.0,17.2,23.1,46.1,0.0,8.9,175,Moderate,1024.8,31.2
2024-12-22,Hyderabad,Telangana,30.0,15.8,22.9,49.4,0.0,7.7,212,Poor,1024.8,2.7
2024-12-23,Hyderabad,Telangana,29.0,17.3,23.1,57.1,0.0,7.4,230,Poor,1019.8,20.9
2024-12-24,Hyderabad,Telangana,28.2,17.2,22.7,48.5,0.0,7.9,199,Moderate,1024.3,32.4
2024-12-25,Hyderabad,Telangana,29.0,17.3,23.2,33.0,0.0,11.4,207,Poor,1020.7,25.5
2024-12-26,Hyderabad,Telangana,29.4,16.5,22.9,41.6,0.0,10.2,176,Moderate,1022.4,13.2
2024-12-27,Hyderabad,Telangana,29.1,15.7,22.4,46.7,0.0,8.3,194,Moderate,1024.8,21.9
2024-12-28,Hyderabad,Telangana,28.7,18.7,23.7,56.2,0.0,6.8,197,Moderate,1021.0,40.3
2024-12-29,Hyderabad,Telangana,29.1,16.4,22.8,44.4,0.0,6.5,205,Poor,1026.0,9.4
2024-12-30,Hyderabad,Telangana,26.9,16.0,21.5,52.0,0.0,7.9,216,Poor,1024.1,26.3
2024-12-31,Hyderabad,Telangana,27.2,17.9,22.5,49.2,0.0,9.9,157,Moderate,1024.2,31.3
2025-01-01,Hyderabad,Telangana,28.6,15.1,21.9,48.0,0.0,9.6,170,Moderate,1025.6,12.7
2025-01-02,Hyderabad,Telangana,27.0,14.8,20.9,55.7,0.0,9.3,180,Moderate,1025.5,43.0
2025-01-03,Hyderabad,Telangana,27.7,16.7,22.2,52.8,0.0,6.7,176,Moderate,1024.9,46.9
2025-01-04,Hyderabad,Telangana,28.6,17.2,22.9,56.4,0.0,10.7,192,Moderate,1021.8,32.8
2025-01-05,Hyderabad,Telangana,28.9,15.8,22.4,59.7,0.0,9.0,196,Moderate,1021.0,33.1
2025-01-06,Hyderabad,Telangana,30.6,16.6,23.6,38.8,0.0,7.1,197,Moderate,1022.3,0.0
2025-01-07,Hyderabad,Telangana,30.5,16.2,23.4,45.8,0.0,11.0,177,Moderate,1023.9,0.0
2025-01-08,Hyderabad,Telangana,29.9,17.4,23.7,40.8,0.0,7.0,226,Poor,1020.3,15.8
2025-01-09,Hyderabad,Telangana,30.5,17.2,23.8,37.3,0.0,9.3,194,Moderate,1023.9,7.6
2025-01-10,Hyderabad,Telangana,32.2,20.5,26.3,53.0,0.0,7.4,191,Moderate,1022.8,24.1
2025-01-11,Hyderabad,Telangana,31.9,17.6,24.8,53.7,0.0,8.0,194,Moderate,1022.1,0.0
2025-01-12,Hyderabad,Telangana,28.3,17.8,23.0,49.0,0.0,9.6,204,Poor,1023.0,26.0
2025-01-13,Hyderabad,Telangana,31.0,18.1,24.6,56.1,0.0,8.7,195,Moderate,1022.6,13.9
2025-01-14,Hyderabad,Telangana,29.4,17.4,23.4,43.6,0.0,8.4,171,Moderate,1023.6,9.5
2025-01-15,Hyderabad,Telangana,27.9,17.0,22.5,54.0,0.0,7.2,232,Poor,1024.5,44.3
2025-01-16,Hyderabad,Telangana,28.9,14.0,21.4,57.6,0.0,7.3,202,Poor,1029.0,13.9
2025-01-17,Hyderabad,Telangana,27.6,13.4,20.5,42.3,0.0,7.4,166,Moderate,1023.8,0.0
2025-01-18,Hyderabad,Telangana,24.1,11.4,17.7,59.4,0.0,11.3,141,Moderate,1022.9,26.9
2025-01-19,Hyderabad,Telangana,23.1,10.6,16.9,53.6,0.0,15.5,185,Moderate,1020.5,26.3
2025-01-20,Hyderabad,Telangana,22.8,12.8,17.8,49.3,0.0,7.2,219,Poor,1021.2,18.0
2025-01-21,Hyderabad,Telangana,23.7,14.0,18.9,57.2,0.0,13.3,184,Moderate,1022.2,52.7
2025-01-22,Hyderabad,Telangana,25.4,13.1,19.3,41.9,0.0,7.1,203,Poor,1024.9,22.5
2025-01-23,Hyderabad,Telangana,22.6,13.6,18.1,62.5,0.0,9.3,197,Moderate,1023.0,34.4
2025-01-24,Hyderabad,Telangana,23.3,11.8,17.6,55.7,0.0,7.0,189,Moderate,1024.7,25.1
2025-01-25,Hyderabad,Telangana,19.9,9.3,14.6,59.4,0.0,11.7,139,Moderate,1023.2,40.1
2025-01-26,Hyderabad,Telangana,21.9,10.8,16.4,50.2,0.0,10.7,162,Moderate,1025.0,16.7
2025-01-27,Hyderabad,Telangana,22.8,10.7,16.7,52.6,0.0,11.5,193,Moderate,1025.7,6.2
2025-01-28,Hyderabad,Telangana,25.6,12.9,19.3,58.9,0.0,7.7,197,Moderate,1022.3,30.3
2025-01-29,Hyderabad,Telangana,24.9,16.6,20.7,50.4,0.0,7.2,180,Moderate,1023.5,22.9
2025-01-30,Hyderabad,Telangana,26.1,14.4,20.2,58.5,0.0,11.3,161,Moderate,1021.8,30.2
2025-01-31,Hyderabad,Telangana,28.7,14.7,21.7,49.4,0.0,8.3,184,Moderate,1019.8,9.5
2025-02-01,Hyderabad,Telangana,28.2,16.4,22.3,50.5,0.0,8.3,172,Moderate,1023.1,24.5
2025-02-02,Hyderabad,Telangana,30.7,15.8,23.3,49.4,0.0,7.7,178,Moderate,1022.5,0.0
2025-02-03,Hyderabad,Telangana,28.4,16.1,22.2,45.5,0.0,8.2,181,Moderate,1023.0,11.2
2025-02-04,Hyderabad,Telangana,27.5,15.5,21.5,41.7,0.0,11.4,152,Moderate,1023.9,8.5
2025-02-05,Hyderabad,Telangana,28.2,16.5,22.3,50.7,0.0,7.6,195,Moderate,1021.1,24.8
2025-02-06,Hyderabad,Telangana,29.2,16.9,23.0,47.5,0.0,7.5,173,Moderate,1021.0,10.7
2025-02-07,Hyderabad,Telangana,28.3,15.4,21.9,44.7,0.0,7.3,187,Moderate,1021.0,0.0
2025-02-08,Hyderabad,Telangana,28.1,15.5,21.8,54.1,0.0,8.1,175,Moderate,1022.2,10.3
2025-02-09,Hyderabad,Telangana,26.2,15.4,20.8,55.2,0.0,11.7,197,Moderate,1021.4,27.2
2025-02-10,Hyderabad,Telangana,26.9,15.7,21.3,50.2,0.0,7.2,185,Moderate,1021.7,20.4
2025-02-11,Hyderabad,Telangana,29.5,17.6,23.6,46.0,0.0,7.5,181,Moderate,1019.3,6.8
2025-02-12,Hyderabad,Telangana,29.0,17.1,23.1,51.8,0.0,13.3,164,Moderate,1018.7,29.3
2025-02-13,Hyderabad,Telangana,26.4,16.8,21.6,57.6,0.0,7.4,216,Poor,1019.2,40.4
2025-02-14,Hyderabad,Telangana,24.3,14.3,19.3,55.2,0.0,8.6,165,Moderate,1022.4,32.6
2025-02-15,Hyderabad,Telangana,25.1,12.7,18.9,47.3,0.0,14.3,153,Moderate,1021.5,0.0
2025-02-16,Hyderabad,Telangana,24.2,12.2,18.2,47.2,0.0,8.2,167,Moderate,1020.7,23.9
2025-02-17,Hyderabad,Telangana,25.7,12.8,19.2,48.2,0.0,16.1,99,Satisfactory,1022.6,18.0
2025-02-18,Hyderabad,Telangana,27.6,13.4,20.5,48.3,0.0,7.2,167,Moderate,1023.7,0.0
2025-02-19,Hyderabad,Telangana,28.2,14.5,21.3,47.4,0.0,15.7,163,Moderate,1019.5,0.7
2025-02-20,Hyderabad,Telangana,29.0,16.9,22.9,44.0,0.0,8.1,171,Moderate,1017.7,29.0
2025-02-21,Hyderabad,Telangana,30.5,18.5,24.5,45.4,0.0,6.3,196,Moderate,1021.2,19.5
2025-02-22,Hyderabad,Telangana,29.2,16.5,22.8,44.7,0.0,6.4,179,Moderate,1019.7,19.1
2025-02-23,Hyderabad,Telangana,31.4,18.0,24.7,52.2,0.0,7.7,168,Moderate,1018.6,7.7
2025-02-24,Hyderabad,Telangana,29.8,19.3,24.6,52.2,0.0,9.1,172,Moderate,1021.0,32.1
2025-02-25,Hyderabad,Telangana,30.7,18.3,24.5,46.0,0.0,8.3,161,Moderate,1018.3,0.0
2025-02-26,Hyderabad,Telangana,31.0,16.5,23.8,45.2,0.0,12.2,135,Moderate,1019.7,5.1
2025-02-27,Hyderabad,Telangana,28.5,15.9,22.2,45.6,0.0,9.6,144,Moderate,1019.5,14.1
2025-02-28,Hyderabad,Telangana,29.1,14.6,21.9,43.6,0.0,8.0,97,Satisfactory,1025.7,0.0
2025-03-01,Hyderabad,Telangana,28.2,16.2,22.2,49.5,0.0,8.9,181,Moderate,1018.7,6.2
2025-03-02,Hyderabad,Telangana,28.2,17.5,22.9,51.1,0.0,7.8,143,Moderate,1020.5,33.1
2025-03-03,Hyderabad,Telangana,29.0,17.3,23.2,48.8,0.0,9.7,118,Moderate,1017.9,6.3
2025-03-04,Hyderabad,Telangana,27.5,15.5,21.5,53.5,0.0,7.3,137,Moderate,1019.6,30.0
2025-03-05,Hyderabad,Telangana,27.7,16.8,22.2,53.2,1.4,9.8,175,Moderate,1018.0,27.6
2025-03-06,Hyderabad,Telangana,28.1,16.4,22.3,50.9,0.0,8.2,142,Moderate,1019.8,16.4
2025-03-07,Hyderabad,Telangana,31.3,15.9,23.6,42.0,0.0,7.8,145,Moderate,1017.5,0.0
2025-03-08,Hyderabad,Telangana,29.7,16.9,23.3,47.4,0.0,12.1,173,Moderate,1018.7,19.1
2025-03-09,Hyderabad,Telangana,27.6,13.5,20.6,51.4,0.0,14.3,138,Moderate,1016.8,0.0
2025-03-10,Hyderabad,Telangana,28.1,16.6,22.4,57.2,0.0,9.0,126,Moderate,1016.1,11.5
2025-03-11,Hyderabad,Telangana,26.6,16.6,21.6,55.7,0.0,7.9,96,Satisfactory,1014.0,22.8
2025-03-12,Hyderabad,Telangana,28.7,16.4,22.5,38.3,0.0,8.0,146,Moderate,1018.1,31.1
2025-03-13,Hyderabad,Telangana,27.7,17.7,22.7,45.2,0.0,8.0,115,Moderate,1015.8,16.7
2025-03-14,Hyderabad,Telangana,29.2,17.0,23.1,47.8,0.0,6.1,148,Moderate,1021.3,10.1
2025-03-15,Hyderabad,Telangana,30.1,18.0,24.0,40.7,0.0,10.1,121,Moderate,1015.5,8.5
2025-03-16,Hyderabad,Telangana,30.1,18.4,24.3,41.0,0.0,9.3,131,Moderate,1018.7,11.5
2025-03-17,Hyderabad,Telangana,31.3,20.0,25.6,46.8,0.0,8.8,142,Moderate,1018.0,26.0
2025-03-18,Hyderabad,Telangana,30.6,19.8,25.2,50.2,0.0,10.9,77,Satisfactory,1015.2,22.5
2025-03-19,Hyderabad,Telangana,30.3,19.2,24.7,50.8,0.0,7.0,126,Moderate,1014.2,17.7
2025-03-20,Hyderabad,Telangana,31.9,20.0,25.9,46.9,0.0,6.3,123,Moderate,1014.9,26.2
2025-03-21,Hyderabad,Telangana,31.6,18.3,24.9,45.5,0.0,7.9,124,Moderate,1017.6,18.0
2025-03-22,Hyderabad,Telangana,31.6,19.9,25.8,38.9,0.0,10.3,121,Moderate,1019.5,0.0
2025-03-23,Hyderabad,Telangana,31.0,17.5,24.3,47.4,0.0,8.9,115,Moderate,1012.7,3.0
2025-03-24,Hyderabad,Telangana,30.8,18.7,24.7,52.0,0.0,8.3,98,Satisfactory,1014.9,26.8
2025-03-25,Hyderabad,Telangana,32.1,18.2,25.1,48.2,0.0,14.5,69,Satisfactory,1013.4,0.0
2025-03-26,Hyderabad,Telangana,30.6,18.3,24.4,47.8,0.0,12.6,62,Satisfactory,1013.9,13.4
2025-03-27,Hyderabad,Telangana,33.0,21.2,27.1,39.0,0.0,10.6,104,Moderate,1017.2,15.5
2025-03-28,Hyderabad,Telangana,35.6,21.5,28.5,39.8,0.0,8.2,117,Moderate,1011.6,1.9
2025-03-29,Hyderabad,Telangana,35.2,21.4,28.3,45.6,0.0,20.1,66,Satisfactory,1009.9,0.0
2025-03-30,Hyderabad,Telangana,33.5,22.0,27.8,33.2,0.0,7.1,124,Moderate,1013.5,0.6
2025-03-31,Hyderabad,Telangana,33.3,20.1,26.7,42.2,0.0,11.7,89,Satisfactory,1014.0,0.0
2025-04-01,Hyderabad,Telangana,32.6,20.9,26.7,49.8,0.0,11.9,87,Satisfactory,1012.2,26.4
2025-04-02,Hyderabad,Telangana,31.3,20.6,25.9,58.6,0.0,7.8,67,Satisfactory,1011.8,24.0
2025-04-03,Hyderabad,Telangana,33.0,20.3,26.7,41.4,0.0,12.9,74,Satisfactory,1013.1,7.5
2025-04-04,Hyderabad,Telangana,34.9,20.9,27.9,41.3,0.0,7.0,117,Moderate,1009.6,0.0
2025-04-05,Hyderabad,Telangana,33.3,23.1,28.2,57.5,0.0,9.7,119,Moderate,1012.8,33.7
2025-04-06,Hyderabad,Telangana,32.2,20.2,26.2,45.7,0.0,11.5,78,Satisfactory,1011.7,24.9
2025-04-07,Hyderabad,Telangana,29.4,17.8,23.6,53.2,0.0,9.6,105,Moderate,1015.7,11.7
2025-04-08,Hyderabad,Telangana,27.0,17.5,22.2,56.6,0.0,6.7,123,Moderate,1013.8,38.0
2025-04-09,Hyderabad,Telangana,28.6,16.1,22.3,50.3,0.0,11.4,57,Satisfactory,1012.7,23.4
2025-04-10,Hyderabad,Telangana,28.5,15.7,22.1,54.6,0.0,12.7,80,Satisfactory,1012.5,26.2
2025-04-11,Hyderabad,Telangana,29.1,17.3,23.2,46.5,0.0,9.2,84,Satisfactory,1008.6,6.7
2025-04-12,Hyderabad,Telangana,31.6,17.2,24.4,56.2,0.0,6.6,109,Moderate,1011.7,0.0
2025-04-13,Hyderabad,Telangana,32.9,19.5,26.2,33.3,0.0,9.1,59,Satisfactory,1010.9,0.0
2025-04-14,Hyderabad,Telangana,29.0,21.2,25.1,54.1,0.0,7.8,86,Satisfactory,1011.5,49.8
2025-04-15,Hyderabad,Telangana,31.0,19.7,25.4,45.1,0.0,9.0,69,Satisfactory,1010.8,9.0
2025-04-16,Hyderabad,Telangana,30.5,18.1,24.3,49.6,0.0,10.7,78,Satisfactory,1014.2,22.4
2025-04-17,Hyderabad,Telangana,28.3,18.5,23.4,57.8,0.0,7.1,103,Moderate,1010.9,28.6
2025-04-18,Hyderabad,Telangana,30.6,19.3,25.0,47.4,0.0,13.7,90,Satisfactory,1009.1,21.2
2025-04-19,Hyderabad,Telangana,31.3,19.4,25.4,51.5,0.0,8.3,97,Satisfactory,1007.2,19.3
2025-04-20,Hyderabad,Telangana,33.1,20.6,26.9,49.0,0.0,9.4,44,Good,1009.1,18.3
2025-04-21,Hyderabad,Telangana,33.2,21.5,27.4,53.7,7.9,8.0,50,Good,1007.6,27.4
2025-04-22,Hyderabad,Telangana,33.3,18.9,26.1,45.4,0.0,10.8,81,Satisfactory,1007.3,7.1
2025-04-23,Hyderabad,Telangana,32.2,20.7,26.5,49.4,0.0,13.8,63,Satisfactory,1009.0,15.5
2025-04-24,Hyderabad,Telangana,35.8,22.3,29.0,42.0,0.0,7.7,58,Satisfactory,1011.0,0.0
2025-04-25,Hyderabad,Telangana,35.1,21.3,28.2,38.4,0.0,10.4,35,Good,1010.6,0.0
2025-04-26,Hyderabad,Telangana,37.4,23.4,30.4,50.3,0.0,7.9,15,Good,1005.4,2.0
2025-04-27,Hyderabad,Telangana,36.0,23.9,30.0,45.7,0.0,10.8,16,Good,1008.0,32.7
2025-04-28,Hyderabad,Telangana,36.7,25.0,30.8,43.2,0.0,9.1,47,Good,1008.4,16.7
2025-04-29,Hyderabad,Telangana,36.3,24.5,30.4,44.9,0.0,11.5,40,Good,1008.7,30.9
2025-04-30,Hyderabad,Telangana,34.5,24.0,29.3,51.5,4.7,9.8,54,Satisfactory,1010.9,27.5
2025-05-01,Hyderabad,Telangana,33.9,22.6,28.2,47.9,0.0,16.9,43,Good,1005.5,26.8
2025-05-02,Hyderabad,Telangana,34.9,21.8,28.4,54.3,0.0,8.3,100,Moderate,1005.8,10.2
2025-05-03,Hyderabad,Telangana,33.8,21.3,27.6,53.5,0.0,7.3,35,Good,1006.3,25.3
2025-05-04,Hyderabad,Telangana,34.5,22.6,28.5,49.5,0.0,8.2,15,Good,1008.0,27.6
2025-05-05,Hyderabad,Telangana,34.4,24.9,29.6,51.7,0.0,8.3,26,Good,1001.3,54.6
2025-05-06,Hyderabad,Telangana,34.4,22.7,28.5,49.1,0.0,9.1,80,Satisfactory,1006.5,20.1
2025-05-07,Hyderabad,Telangana,32.5,21.3,26.9,57.3,5.7,8.6,38,Good,1003.7,36.6
2025-05-08,Hyderabad,Telangana,34.7,21.0,27.9,51.4,0.0,9.8,61,Satisfactory,1006.8,24.5
2025-05-09,Hyderabad,Telangana,33.0,20.2,26.6,50.6,0.0,7.2,31,Good,1011.1,17.6
2025-05-10,Hyderabad,Telangana,34.3,23.5,28.9,49.4,0.0,8.7,28,Good,1008.0,38.7
2025-05-11,Hyderabad,Telangana,31.6,23.6,27.6,70.4,0.0,8.7,15,Good,1003.9,54.3
2025-05-12,Hyderabad,Telangana,33.3,23.3,28.3,53.0,0.0,11.5,22,Good,1005.2,31.6
2025-05-13,Hyderabad,Telangana,32.6,21.2,26.9,45.9,0.0,8.0,37,Good,1004.5,19.8
2025-05-14,Hyderabad,Telangana,30.7,19.3,25.0,53.0,0.0,8.0,54,Satisfactory,1009.2,37.5
2025-05-15,Hyderabad,Telangana,32.1,22.4,27.3,54.5,0.0,9.7,42,Good,1001.4,34.1
2025-05-16,Hyderabad,Telangana,31.8,22.4,27.1,72.6,0.0,11.9,67,Satisfactory,1004.9,61.9
2025-05-17,Hyderabad,Telangana,31.5,21.3,26.4,58.6,0.0,7.1,31,Good,1004.4,42.3
2025-05-18,Hyderabad,Telangana,31.5,19.5,25.5,53.7,0.0,11.6,27,Good,1003.5,20.0
2025-05-19,Hyderabad,Telangana,28.7,19.6,24.2,68.3,0.0,11.2,21,Good,1009.4,52.4
2025-05-20,Hyderabad,Telangana,29.9,20.7,25.3,66.7,0.0,9.7,15,Good,1002.5,45.4
2025-05-21,Hyderabad,Telangana,34.0,25.3,29.7,62.6,0.0,10.3,31,Good,1001.9,45.7
2025-05-22,Hyderabad,Telangana,34.6,23.8,29.2,59.7,0.0,12.9,15,Good,1007.4,39.8
2025-05-23,Hyderabad,Telangana,33.7,24.3,29.0,55.7,0.0,9.0,59,Satisfactory,1003.9,48.6
2025-05-24,Hyderabad,Telangana,34.5,25.6,30.1,55.4,0.0,8.1,15,Good,1003.3,40.7
2025-05-25,Hyderabad,Telangana,34.7,23.9,29.3,50.3,0.0,11.5,15,Good,1002.5,32.2
2025-05-26,Hyderabad,Telangana,36.5,23.0,29.7,58.6,0.0,11.3,15,Good,1003.4,38.1
2025-05-27,Hyderabad,Telangana,35.3,25.2,30.3,57.0,0.0,7.9,29,Good,1002.3,35.1
2025-05-28,Hyderabad,Telangana,35.5,24.1,29.8,59.0,3.7,15.4,15,Good,1001.7,42.6
2025-05-29,Hyderabad,Telangana,33.6,26.3,29.9,62.7,0.0,11.3,15,Good,1000.1,39.6
2025-05-30,Hyderabad,Telangana,35.3,25.4,30.3,57.2,0.0,9.0,15,Good,1002.8,34.7
2025-05-31,Hyderabad,Telangana,36.5,25.5,31.0,59.3,0.0,11.7,15,Good,1001.1,37.0
2025-06-01,Hyderabad,Telangana,35.0,25.3,30.2,60.6,0.0,11.4,15,Good,1001.5,40.9
2025-06-02,Hyderabad,Telangana,36.1,25.3,30.7,57.6,0.0,9.9,27,Good,1003.5,16.6
2025-06-03,Hyderabad,Telangana,35.9,27.3,31.6,68.2,0.0,11.1,15,Good,1000.7,56.2
2025-06-04,Hyderabad,Telangana,34.6,24.5,29.6,60.1,0.0,11.2,15,Good,1001.9,48.9
2025-06-05,Hyderabad,Telangana,35.5,23.4,29.5,67.0,0.0,11.0,19,Good,1005.4,36.4
2025-06-06,Hyderabad,Telangana,34.7,25.0,29.9,70.1,0.0,10.9,15,Good,1002.6,54.0
2025-06-07,Hyderabad,Telangana,33.6,24.5,29.1,69.0,0.0,11.8,15,Good,1000.8,40.0
2025-06-08,Hyderabad,Telangana,34.6,25.4,30.0,67.6,0.0,11.5,15,Good,999.3,40.4
2025-06-09,Hyderabad,Telangana,33.6,25.3,29.4,72.7,0.0,10.2,15,Good,1001.2,54.0
2025-06-10,Hyderabad,Telangana,34.0,27.5,30.7,71.7,0.0,9.6,15,Good,1002.6,69.0
2025-06-11,Hyderabad,Telangana,34.0,25.7,29.9,74.1,0.0,11.7,15,Good,999.9,54.4
2025-06-12,Hyderabad,Telangana,35.3,26.2,30.7,74.4,18.0,13.2,15,Good,1000.7,40.1
2025-06-13,Hyderabad,Telangana,35.6,27.9,31.7,67.4,0.0,11.7,22,Good,999.1,46.4
2025-06-14,Hyderabad,Telangana,34.9,26.5,30.7,73.0,12.2,10.6,15,Good,999.7,64.8
2025-06-15,Hyderabad,Telangana,34.5,26.2,30.3,78.3,11.1,9.4,15,Good,997.9,59.8
2025-06-16,Hyderabad,Telangana,32.7,26.1,29.4,75.7,0.0,17.0,15,Good,1001.0,69.1
2025-06-17,Hyderabad,Telangana,34.2,26.3,30.3,73.2,0.0,12.8,15,Good,1000.4,61.7
2025-06-18,Hyderabad,Telangana,33.4,27.2,30.3,80.8,0.0,12.7,15,Good,1003.0,67.9
2025-06-19,Hyderabad,Telangana,33.9,28.5,31.2,80.5,0.0,11.2,15,Good,999.9,85.8
2025-06-20,Hyderabad,Telangana,36.0,26.2,31.1,79.3,3.9,9.8,15,Good,998.1,39.7
2025-06-21,Hyderabad,Telangana,34.3,28.5,31.4,82.9,9.4,11.0,15,Good,1002.3,93.1
2025-06-22,Hyderabad,Telangana,31.2,25.2,28.2,80.3,22.6,16.6,15,Good,1000.9,75.4
2025-06-23,Hyderabad,Telangana,31.0,25.9,28.4,90.1,0.0,10.4,15,Good,1000.4,99.9
2025-06-24,Hyderabad,Telangana,30.7,22.6,26.7,83.6,1.7,10.0,15,Good,1000.3,51.4
2025-06-25,Hyderabad,Telangana,29.2,23.5,26.4,88.2,16.0,17.6,15,Good,1000.7,71.6
2025-06-26,Hyderabad,Telangana,29.5,22.8,26.1,89.6,10.8,11.1,15,Good,998.6,69.5
2025-06-27,Hyderabad,Telangana,30.5,24.0,27.3,86.1,1.2,12.2,30,Good,999.8,79.9
2025-06-28,Hyderabad,Telangana,30.4,23.7,27.1,94.2,8.5,13.5,15,Good,999.5,75.1
2025-06-29,Hyderabad,Telangana,30.0,25.3,27.7,80.1,0.0,19.6,15,Good,1000.4,74.0
2025-06-30,Hyderabad,Telangana,31.9,25.8,28.9,85.4,0.0,17.1,15,Good,1001.5,80.1
2025-07-01,Hyderabad,Telangana,32.6,25.8,29.2,87.2,11.0,12.7,15,Good,1001.0,68.3
2025-07-02,Hyderabad,Telangana,32.4,27.2,29.8,82.4,12.1,11.9,15,Good,999.9,63.0
2025-07-03,Hyderabad,Telangana,32.8,27.6,30.2,87.6,12.9,11.3,15,Good,995.2,77.1
2025-07-04,Hyderabad,Telangana,33.9,26.5,30.2,81.9,9.6,14.1,15,Good,997.8,64.3
2025-07-05,Hyderabad,Telangana,33.7,25.9,29.8,87.9,19.4,13.4,15,Good,995.0,70.7
2025-07-06,Hyderabad,Telangana,32.1,26.2,29.1,88.4,19.0,10.9,15,Good,1001.0,53.4
2025-07-07,Hyderabad,Telangana,34.6,27.5,31.1,86.9,6.1,12.8,15,Good,998.0,73.9
2025-07-08,Hyderabad,Telangana,33.7,28.5,31.1,82.7,32.0,13.6,15,Good,997.9,60.7
2025-07-09,Hyderabad,Telangana,35.1,27.6,31.3,87.8,5.7,14.6,15,Good,996.7,73.7
2025-07-10,Hyderabad,Telangana,32.8,26.0,29.4,94.6,13.7,11.8,15,Good,1001.1,60.7
2025-07-11,Hyderabad,Telangana,29.9,24.8,27.3,100.0,14.7,13.8,15,Good,999.4,77.4
2025-07-12,Hyderabad,Telangana,29.4,24.2,26.8,95.9,3.4,11.7,15,Good,999.1,91.1
2025-07-13,Hyderabad,Telangana,29.3,24.0,26.6,96.8,2.6,14.4,15,Good,999.6,70.7
2025-07-14,Hyderabad,Telangana,31.0,24.0,27.5,92.7,7.0,13.1,15,Good,999.5,65.9
2025-07-15,Hyderabad,Telangana,30.8,26.0,28.4,100.0,18.6,20.9,15,Good,998.6,89.8
2025-07-16,Hyderabad,Telangana,30.7,27.7,29.2,98.6,0.4,12.2,15,Good,1001.1,91.5
2025-07-17,Hyderabad,Telangana,32.1,27.6,29.8,94.8,0.0,12.7,15,Good,1001.0,84.6
2025-07-18,Hyderabad,Telangana,32.3,26.1,29.2,100.0,3.2,11.4,15,Good,998.9,72.8
2025-07-19,Hyderabad,Telangana,34.4,27.1,30.8,87.6,23.0,13.6,15,Good,996.7,69.7
2025-07-20,Hyderabad,Telangana,34.3,28.0,31.1,94.6,0.0,13.0,15,Good,998.8,73.9
2025-07-21,Hyderabad,Telangana,33.2,26.5,29.9,100.0,0.0,13.8,15,Good,997.4,78.6
2025-07-22,Hyderabad,Telangana,34.3,27.9,31.1,92.2,0.0,13.5,15,Good,1001.1,54.7
2025-07-23,Hyderabad,Telangana,35.1,27.8,31.5,87.1,20.9,21.2,15,Good,1001.4,64.9
2025-07-24,Hyderabad,Telangana,33.0,27.9,30.4,94.6,0.0,14.8,15,Good,1000.0,96.8
2025-07-25,Hyderabad,Telangana,33.1,29.3,31.2,87.7,6.2,15.7,15,Good,996.1,81.7
2025-07-26,Hyderabad,Telangana,33.8,28.3,31.0,100.0,0.0,13.9,15,Good,997.6,96.0
2025-07-27,Hyderabad,Telangana,32.8,27.9,30.4,92.2,13.8,14.3,15,Good,998.4,93.3
2025-07-28,Hyderabad,Telangana,33.0,27.4,30.2,97.4,19.0,13.8,15,Good,997.2,74.7
2025-07-29,Hyderabad,Telangana,31.6,26.0,28.8,87.8,4.1,13.8,15,Good,998.8,75.6
2025-07-30,Hyderabad,Telangana,31.7,28.1,29.9,100.0,10.3,12.6,15,Good,999.6,92.4
2025-07-31,Hyderabad,Telangana,33.1,27.5,30.3,89.7,33.2,15.6,15,Good,1000.2,88.9
2025-08-01,Hyderabad,Telangana,31.5,26.6,29.1,98.2,8.4,21.5,15,Good,1002.2,92.6
2025-08-02,Hyderabad,Telangana,33.2,26.9,30.0,99.8,3.6,13.8,15,Good,999.4,77.6
2025-08-03,Hyderabad,Telangana,29.9,24.4,27.1,92.9,8.0,12.0,15,Good,999.8,81.1
2025-08-04,Hyderabad,Telangana,29.8,23.7,26.7,98.0,0.0,16.2,15,Good,998.0,75.4
2025-08-05,Hyderabad,Telangana,30.3,24.8,27.5,93.3,19.7,18.6,15,Good,1001.2,77.2
2025-08-06,Hyderabad,Telangana,31.7,24.1,27.9,94.0,12.1,12.5,15,Good,999.6,67.6
2025-08-07,Hyderabad,Telangana,32.5,25.9,29.2,97.7,0.0,11.6,15,Good,999.9,74.9
2025-08-08,Hyderabad,Telangana,34.5,28.1,31.3,87.6,23.4,14.9,15,Good,998.7,71.8
2025-08-09,Hyderabad,Telangana,33.0,26.6,29.8,97.2,4.8,13.6,15,Good,999.3,68.0
2025-08-10,Hyderabad,Telangana,30.7,27.1,28.9,95.5,3.2,14.6,15,Good,1002.3,85.4
2025-08-11,Hyderabad,Telangana,32.0,26.4,29.2,95.9,10.0,13.2,15,Good,1000.8,53.7
2025-08-12,Hyderabad,Telangana,33.6,28.0,30.8,85.3,0.0,12.7,15,Good,1003.7,76.5
2025-08-13,Hyderabad,Telangana,33.5,25.0,29.3,83.2,19.8,11.6,15,Good,998.9,59.1
2025-08-14,Hyderabad,Telangana,32.2,25.6,28.9,85.1,11.9,14.0,36,Good,1004.0,59.5
2025-08-15,Hyderabad,Telangana,33.4,26.8,30.1,78.8,0.0,11.1,19,Good,1000.3,59.2
2025-08-16,Hyderabad,Telangana,30.9,25.7,28.3,94.2,0.0,14.8,87,Satisfactory,1001.8,76.8
2025-08-17,Hyderabad,Telangana,31.2,23.7,27.5,80.8,30.1,14.5,15,Good,1003.4,38.2
2025-08-18,Hyderabad,Telangana,31.0,25.3,28.1,81.6,24.5,13.6,15,Good,1004.4,71.0
2025-08-19,Hyderabad,Telangana,31.3,24.2,27.8,82.5,8.8,16.4,15,Good,1004.8,68.6
2025-08-20,Hyderabad,Telangana,32.1,24.7,28.4,77.8,1.1,12.0,48,Good,1004.8,53.1
2025-08-21,Hyderabad,Telangana,31.7,25.3,28.5,89.5,6.7,11.9,32,Good,1002.4,68.3
2025-08-22,Hyderabad,Telangana,31.9,24.2,28.1,82.5,0.0,11.7,34,Good,1006.8,48.0
2025-08-23,Hyderabad,Telangana,33.8,26.2,30.0,80.6,0.0,12.8,20,Good,1004.0,62.3
2025-08-24,Hyderabad,Telangana,33.6,24.6,29.1,75.7,29.1,12.1,15,Good,997.4,45.0
2025-08-25,Hyderabad,Telangana,31.6,28.0,29.8,85.1,25.9,11.4,15,Good,1003.4,89.8
2025-08-26,Hyderabad,Telangana,33.5,27.5,30.5,90.2,4.9,11.5,50,Good,1002.6,71.8
2025-08-27,Hyderabad,Telangana,32.8,25.4,29.1,78.6,0.0,12.8,25,Good,1003.3,63.0
2025-08-28,Hyderabad,Telangana,32.9,23.8,28.3,80.2,0.0,15.3,53,Satisfactory,1005.6,45.7
2025-08-29,Hyderabad,Telangana,33.0,24.7,28.9,75.1,0.0,10.8,29,Good,1005.0,53.9
2025-08-30,Hyderabad,Telangana,34.6,25.5,30.0,83.4,6.4,9.4,39,Good,1002.9,52.8
2025-08-31,Hyderabad,Telangana,31.4,24.9,28.2,71.2,17.0,13.3,50,Good,1008.0,59.6
2025-09-01,Hyderabad,Telangana,31.5,23.3,27.4,81.6,0.0,10.2,76,Satisfactory,1002.9,61.2
2025-09-02,Hyderabad,Telangana,32.3,22.2,27.3,72.6,6.8,14.8,49,Good,1003.0,57.9
2025-09-03,Hyderabad,Telangana,31.7,23.6,27.7,86.6,19.5,13.6,15,Good,1003.6,58.3
2025-09-04,Hyderabad,Telangana,30.6,21.8,26.2,77.9,0.0,13.8,15,Good,1007.3,51.0
2025-09-05,Hyderabad,Telangana,31.2,22.4,26.8,66.2,0.0,11.5,65,Satisfactory,1007.2,56.8
2025-09-06,Hyderabad,Telangana,30.5,21.7,26.1,66.8,0.0,14.3,28,Good,1005.3,42.6
2025-09-07,Hyderabad,Telangana,30.2,21.3,25.7,73.1,0.0,12.1,52,Satisfactory,1006.0,35.9
2025-09-08,Hyderabad,Telangana,30.7,23.5,27.1,79.9,9.5,11.8,49,Good,1007.0,74.8
2025-09-09,Hyderabad,Telangana,30.5,23.5,27.0,74.4,0.0,11.3,61,Satisfactory,1005.2,53.9
2025-09-10,Hyderabad,Telangana,30.7,23.0,26.8,76.0,0.0,12.2,32,Good,1009.2,72.5
2025-09-11,Hyderabad,Telangana,32.5,22.5,27.5,65.8,0.0,8.9,88,Satisfactory,1010.7,42.0
2025-09-12,Hyderabad,Telangana,29.7,24.3,27.0,80.8,9.9,10.0,43,Good,1007.6,79.0
2025-09-13,Hyderabad,Telangana,33.6,24.0,28.8,61.5,0.0,9.9,79,Satisfactory,1008.4,44.4
2025-09-14,Hyderabad,Telangana,32.9,24.6,28.8,68.7,0.0,10.5,61,Satisfactory,1008.1,58.4
2025-09-15,Hyderabad,Telangana,34.9,23.7,29.3,60.7,6.4,9.0,108,Moderate,1010.7,41.6
2025-09-16,Hyderabad,Telangana,35.4,24.4,29.9,59.5,5.3,9.4,99,Satisfactory,1011.9,42.2
2025-09-17,Hyderabad,Telangana,33.8,23.0,28.4,60.4,0.0,8.6,122,Moderate,1007.9,38.3
2025-09-18,Hyderabad,Telangana,33.8,22.1,27.9,57.6,0.0,9.3,112,Moderate,1009.1,32.5
2025-09-19,Hyderabad,Telangana,32.4,23.7,28.0,67.8,0.0,8.9,75,Satisfactory,1010.9,52.3
2025-09-20,Hyderabad,Telangana,33.6,23.2,28.4,53.7,0.0,9.1,67,Satisfactory,1010.0,37.4
2025-09-21,Hyderabad,Telangana,32.0,22.9,27.4,66.0,6.0,12.3,42,Good,1008.0,48.9
2025-09-22,Hyderabad,Telangana,33.5,25.1,29.3,58.6,4.8,10.0,81,Satisfactory,1005.9,48.0
2025-09-23,Hyderabad,Telangana,36.1,26.9,31.5,61.0,0.0,9.6,83,Satisfactory,1007.9,53.1
2025-09-24,Hyderabad,Telangana,37.3,27.2,32.2,55.7,0.0,13.7,72,Satisfactory,1009.8,38.0
2025-09-25,Hyderabad,Telangana,36.4,24.5,30.4,49.0,0.0,10.8,64,Satisfactory,1009.0,11.3
2025-09-26,Hyderabad,Telangana,35.5,24.6,30.1,61.0,0.0,10.9,92,Satisfactory,1008.0,27.5
2025-09-27,Hyderabad,Telangana,34.3,23.5,28.9,54.5,0.0,10.2,79,Satisfactory,1009.5,31.7
2025-09-28,Hyderabad,Telangana,33.5,21.9,27.7,60.5,0.0,12.0,74,Satisfactory,1014.9,32.3
2025-09-29,Hyderabad,Telangana,31.6,22.7,27.2,64.5,4.9,12.5,84,Satisfactory,1009.3,50.2
2025-09-30,Hyderabad,Telangana,32.2,23.7,28.0,57.8,0.0,10.4,90,Satisfactory,1010.9,46.5
2025-10-01,Hyderabad,Telangana,34.0,22.2,28.1,48.3,0.0,11.8,58,Satisfactory,1010.7,27.9
2025-10-02,Hyderabad,Telangana,31.1,21.6,26.4,59.2,0.0,10.8,77,Satisfactory,1016.3,64.4
2025-10-03,Hyderabad,Telangana,34.3,22.5,28.4,59.2,0.0,10.4,108,Moderate,1009.1,23.7
2025-10-04,Hyderabad,Telangana,35.1,24.8,29.9,53.7,0.0,8.9,101,Moderate,1010.2,23.3
2025-10-05,Hyderabad,Telangana,36.1,23.9,30.0,48.9,0.0,8.3,63,Satisfactory,1012.1,11.2
2025-10-06,Hyderabad,Telangana,36.0,22.9,29.5,44.0,0.0,7.5,125,Moderate,1012.6,4.5
2025-10-07,Hyderabad,Telangana,34.2,22.8,28.5,57.1,0.0,14.3,92,Satisfactory,1015.0,9.9
2025-10-08,Hyderabad,Telangana,33.1,23.5,28.3,50.7,0.0,11.6,78,Satisfactory,1015.0,40.2
2025-10-09,Hyderabad,Telangana,32.9,22.4,27.7,55.1,0.0,8.6,96,Satisfactory,1012.0,36.3
2025-10-10,Hyderabad,Telangana,33.3,19.9,26.6,52.4,0.0,7.2,120,Moderate,1014.5,13.7
2025-10-11,Hyderabad,Telangana,31.3,19.8,25.6,47.0,0.0,10.5,61,Satisfactory,1014.0,27.7
2025-10-12,Hyderabad,Telangana,33.7,23.5,28.6,49.0,0.0,8.7,125,Moderate,1012.8,35.4
2025-10-13,Hyderabad,Telangana,33.7,20.6,27.2,43.5,0.0,11.6,131,Moderate,1016.3,0.0
2025-10-14,Hyderabad,Telangana,34.2,25.0,29.6,58.5,0.0,7.7,141,Moderate,1014.3,47.5
2025-10-15,Hyderabad,Telangana,32.8,22.6,27.7,51.1,0.0,8.3,147,Moderate,1017.6,38.1
2025-10-16,Hyderabad,Telangana,35.3,23.7,29.5,43.6,0.3,8.8,104,Moderate,1015.1,33.3
2025-10-17,Hyderabad,Telangana,33.2,24.5,28.8,44.6,0.0,10.7,141,Moderate,1016.3,38.8
2025-10-18,Hyderabad,Telangana,34.8,20.2,27.5,40.7,0.0,8.0,133,Moderate,1009.6,0.0
2025-10-19,Hyderabad,Telangana,34.7,20.6,27.7,41.0,0.0,10.3,104,Moderate,1015.3,19.0
2025-10-20,Hyderabad,Telangana,32.9,22.1,27.5,56.8,0.0,7.1,143,Moderate,1016.2,39.5
2025-10-21,Hyderabad,Telangana,33.0,22.0,27.5,52.9,0.7,8.9,138,Moderate,1016.6,21.5
2025-10-22,Hyderabad,Telangana,33.2,21.0,27.1,51.3,0.0,13.2,154,Moderate,1018.9,31.9
2025-10-23,Hyderabad,Telangana,33.2,22.4,27.8,51.3,0.0,15.2,142,Moderate,1017.0,41.1
2025-10-24,Hyderabad,Telangana,32.2,21.5,26.8,54.7,0.0,11.9,111,Moderate,1013.8,31.0
2025-10-25,Hyderabad,Telangana,31.7,20.5,26.1,52.0,0.0,6.8,148,Moderate,1017.7,17.7
2025-10-26,Hyderabad,Telangana,30.8,19.8,25.3,46.6,0.0,8.7,145,Moderate,1018.6,29.6
2025-10-27,Hyderabad,Telangana,31.4,17.8,24.6,41.2,0.0,8.9,144,Moderate,1016.1,0.0
2025-10-28,Hyderabad,Telangana,30.3,18.0,24.1,55.6,0.0,11.4,127,Moderate,1016.8,28.7
2025-10-29,Hyderabad,Telangana,29.3,17.9,23.6,54.5,0.0,9.2,179,Moderate,1019.5,32.4
2025-10-30,Hyderabad,Telangana,29.6,17.4,23.5,54.2,0.0,7.3,133,Moderate,1018.1,23.8
2025-10-31,Hyderabad,Telangana,27.6,17.2,22.4,50.7,0.0,11.9,173,Moderate,1020.7,38.5
2025-11-01,Hyderabad,Telangana,30.8,18.3,24.5,46.7,0.0,14.3,100,Moderate,1018.5,24.6
2025-11-02,Hyderabad,Telangana,31.0,19.3,25.1,51.7,0.0,10.8,134,Moderate,1013.7,22.3
2025-11-03,Hyderabad,Telangana,31.7,19.6,25.7,50.6,0.0,7.7,168,Moderate,1018.2,45.4
2025-11-04,Hyderabad,Telangana,30.5,18.2,24.3,38.9,0.0,15.6,109,Moderate,1017.8,6.9
2025-11-05,Hyderabad,Telangana,30.0,18.9,24.5,50.2,0.0,11.1,129,Moderate,1019.9,39.6
2025-11-06,Hyderabad,Telangana,31.7,18.8,25.3,51.5,0.0,10.5,160,Moderate,1019.4,37.9
2025-11-07,Hyderabad,Telangana,33.1,20.7,26.9,58.0,0.0,14.0,102,Moderate,1016.4,30.2
2025-11-08,Hyderabad,Telangana,32.1,18.8,25.5,42.6,0.0,11.1,173,Moderate,1019.2,13.4
2025-11-09,Hyderabad,Telangana,32.3,20.1,26.2,48.1,0.0,8.6,190,Moderate,1019.8,23.3
2025-11-10,Hyderabad,Telangana,31.9,18.9,25.4,55.7,0.0,13.4,179,Moderate,1019.9,7.6
2025-11-11,Hyderabad,Telangana,34.4,21.8,28.1,38.3,0.0,7.4,170,Moderate,1020.4,9.3
2025-11-12,Hyderabad,Telangana,33.8,22.2,28.0,49.3,0.0,7.6,154,Moderate,1016.5,18.9
2025-11-13,Hyderabad,Telangana,33.8,22.2,28.0,39.2,0.0,7.9,156,Moderate,1018.4,4.6
2025-11-14,Hyderabad,Telangana,32.9,19.8,26.3,48.2,0.0,9.1,168,Moderate,1014.8,14.6
2025-11-15,Hyderabad,Telangana,31.3,19.6,25.5,55.9,0.0,9.4,165,Moderate,1022.0,2.8
2025-11-16,Hyderabad,Telangana,31.5,19.2,25.4,53.6,0.0,8.4,158,Moderate,1020.0,27.4
2025-11-17,Hyderabad,Telangana,30.9,20.6,25.7,53.1,0.0,8.5,202,Poor,1019.6,40.8
2025-11-18,Hyderabad,Telangana,31.0,21.8,26.4,48.6,0.0,9.5,160,Moderate,1019.5,48.2
2025-11-19,Hyderabad,Telangana,33.8,19.1,26.5,42.5,0.0,7.3,204,Poor,1020.8,2.8
2025-11-20,Hyderabad,Telangana,31.6,20.0,25.8,41.6,0.0,10.2,168,Moderate,1022.2,5.6
2025-11-21,Hyderabad,Telangana,32.7,21.0,26.9,38.7,0.0,6.3,178,Moderate,1019.4,16.2
2025-11-22,Hyderabad,Telangana,29.9,19.0,24.4,40.1,0.0,8.8,183,Moderate,1021.5,29.8
2025-11-23,Hyderabad,Telangana,30.5,18.1,24.3,43.8,0.0,7.8,186,Moderate,1021.7,17.0
2025-11-24,Hyderabad,Telangana,27.6,17.1,22.3,53.1,0.0,15.2,154,Moderate,1017.1,34.5
2025-11-25,Hyderabad,Telangana,28.4,15.4,21.9,57.9,0.0,8.2,188,Moderate,1020.3,28.6
2025-11-26,Hyderabad,Telangana,28.0,15.9,21.9,42.3,0.0,9.1,190,Moderate,1022.7,0.0
2025-11-27,Hyderabad,Telangana,28.1,12.1,20.1,53.3,0.0,8.3,214,Poor,1024.9,22.9
2025-11-28,Hyderabad,Telangana,27.5,15.3,21.4,38.7,0.0,7.1,183,Moderate,1024.8,3.9
2025-11-29,Hyderabad,Telangana,29.9,14.4,22.1,44.6,0.0,7.1,165,Moderate,1019.6,12.9
2025-11-30,Hyderabad,Telangana,28.9,15.4,22.1,36.8,0.0,6.9,169,Moderate,1024.1,14.9
2025-12-01,Hyderabad,Telangana,29.7,18.4,24.0,62.1,0.0,8.7,232,Poor,1023.7,29.9
2025-12-02,Hyderabad,Telangana,30.5,18.1,24.3,49.3,0.0,8.2,141,Moderate,1022.5,18.9
2025-12-03,Hyderabad,Telangana,29.7,17.5,23.6,48.4,0.0,6.6,161,Moderate,1017.9,13.1
2025-12-04,Hyderabad,Telangana,29.1,18.6,23.9,57.9,0.0,14.4,168,Moderate,1020.8,48.8
2025-12-05,Hyderabad,Telangana,32.5,20.1,26.3,56.5,0.0,10.4,165,Moderate,1021.5,5.4
2025-12-06,Hyderabad,Telangana,30.9,18.3,24.6,46.7,0.0,9.1,201,Poor,1021.4,22.9
2025-12-07,Hyderabad,Telangana,28.9,17.3,23.1,46.5,0.0,6.4,207,Poor,1018.0,29.1
2025-12-08,Hyderabad,Telangana,28.1,17.2,22.6,60.2,0.0,9.7,171,Moderate,1022.0,22.3
2025-12-09,Hyderabad,Telangana,29.7,16.3,23.0,40.5,0.0,9.0,218,Poor,1020.6,7.1
2025-12-10,Hyderabad,Telangana,30.7,17.2,23.9,52.1,0.0,11.1,156,Moderate,1023.5,5.8
2025-12-11,Hyderabad,Telangana,28.1,17.3,22.7,51.1,0.0,7.5,174,Moderate,1023.6,28.5
2025-12-12,Hyderabad,Telangana,29.0,18.3,23.7,54.1,0.0,7.9,224,Poor,1023.5,33.8
2025-12-13,Hyderabad,Telangana,29.1,16.4,22.8,42.2,0.0,9.3,158,Moderate,1022.0,18.9
2025-12-14,Hyderabad,Telangana,29.9,15.4,22.6,58.6,0.0,7.8,198,Moderate,1022.9,1.3
2025-12-15,Hyderabad,Telangana,28.1,16.2,22.2,48.2,0.0,9.7,221,Poor,1022.8,20.1
2025-12-16,Hyderabad,Telangana,26.6,15.2,20.9,52.3,0.0,7.1,136,Moderate,1025.2,41.9
2025-12-17,Hyderabad,Telangana,26.2,12.1,19.2,52.3,0.0,8.6,183,Moderate,1022.9,7.6
2025-12-18,Hyderabad,Telangana,27.7,14.1,20.9,46.9,0.0,7.5,214,Poor,1022.0,16.2
2025-12-19,Hyderabad,Telangana,26.7,14.3,20.5,53.8,0.0,10.9,179,Moderate,1025.5,21.6
2025-12-20,Hyderabad,Telangana,25.2,15.2,20.2,48.8,0.0,15.8,174,Moderate,1025.4,36.2
2025-12-21,Hyderabad,Telangana,27.0,13.5,20.3,50.8,0.0,14.2,181,Moderate,1024.7,13.5
2025-12-22,Hyderabad,Telangana,27.8,16.3,22.0,48.6,0.0,6.5,204,Poor,1026.4,26.6
2025-12-23,Hyderabad,Telangana,25.8,14.7,20.3,52.0,0.0,9.9,171,Moderate,1028.0,40.3
2025-12-24,Hyderabad,Telangana,25.9,13.0,19.5,43.1,0.0,7.5,212,Poor,1026.5,0.6
2025-12-25,Hyderabad,Telangana,27.0,14.2,20.6,51.7,0.0,7.0,202,Poor,1022.2,2.3
2025-12-26,Hyderabad,Telangana,27.8,16.3,22.1,48.0,0.0,9.8,164,Moderate,1025.0,18.4
2025-12-27,Hyderabad,Telangana,28.7,18.8,23.7,50.7,0.0,7.0,186,Moderate,1023.1,32.4
2025-12-28,Hyderabad,Telangana,29.7,18.4,24.0,51.5,0.0,12.0,153,Moderate,1021.7,23.2
2025-12-29,Hyderabad,Telangana,28.1,18.0,23.1,58.1,0.0,9.9,194,Moderate,1021.6,34.0
2025-12-30,Hyderabad,Telangana,29.7,15.6,22.6,40.7,0.0,11.1,197,Moderate,1023.8,0.0
2025-12-31,Hyderabad,Telangana,28.1,17.4,22.8,51.6,0.0,9.3,195,Moderate,1024.8,24.0
2024-01-01,Ahmedabad,Gujarat,27.3,13.5,20.4,57.7,0.0,9.6,218,Poor,1027.6,0.0
2024-01-02,Ahmedabad,Gujarat,26.2,13.4,19.8,42.8,0.0,10.3,187,Moderate,1025.8,0.0
2024-01-03,Ahmedabad,Gujarat,28.6,14.3,21.4,47.1,0.0,7.7,237,Poor,1020.0,18.6
2024-01-04,Ahmedabad,Gujarat,27.5,15.6,21.6,52.9,0.0,6.8,226,Poor,1030.3,26.8
2024-01-05,Ahmedabad,Gujarat,25.9,13.5,19.7,53.1,0.0,8.3,202,Poor,1022.3,14.5
2024-01-06,Ahmedabad,Gujarat,24.3,12.5,18.4,51.8,0.0,9.9,171,Moderate,1028.4,28.1
2024-01-07,Ahmedabad,Gujarat,25.7,14.0,19.8,42.2,0.0,6.7,195,Moderate,1023.4,22.6
2024-01-08,Ahmedabad,Gujarat,24.6,12.4,18.5,49.4,0.0,13.8,200,Poor,1022.2,0.0
2024-01-09,Ahmedabad,Gujarat,24.2,14.0,19.1,54.9,0.0,9.7,176,Moderate,1023.5,51.2
2024-01-10,Ahmedabad,Gujarat,24.4,12.4,18.4,47.9,0.0,10.3,196,Moderate,1023.3,1.5
2024-01-11,Ahmedabad,Gujarat,27.6,14.3,20.9,44.4,0.0,6.4,209,Poor,1022.8,4.4
2024-01-12,Ahmedabad,Gujarat,27.1,17.4,22.3,48.3,0.0,7.8,190,Moderate,1023.6,32.9
2024-01-13,Ahmedabad,Gujarat,27.3,17.2,22.2,48.9,0.0,8.8,172,Moderate,1024.4,17.1
2024-01-14,Ahmedabad,Gujarat,29.4,15.7,22.5,44.4,0.0,7.0,229,Poor,1026.2,5.9
2024-01-15,Ahmedabad,Gujarat,28.1,16.4,22.3,44.5,0.0,15.9,181,Moderate,1023.8,10.2
2024-01-16,Ahmedabad,Gujarat,27.4,13.8,20.6,53.7,0.0,12.1,173,Moderate,1023.9,5.4
2024-01-17,Ahmedabad,Gujarat,26.7,13.5,20.1,44.6,0.0,8.9,171,Moderate,1022.4,6.8
2024-01-18,Ahmedabad,Gujarat,23.8,12.3,18.1,55.0,0.0,10.7,203,Poor,1023.8,30.3
2024-01-19,Ahmedabad,Gujarat,25.9,13.8,19.9,50.5,0.0,8.0,188,Moderate,1022.8,11.2
2024-01-20,Ahmedabad,Gujarat,26.9,13.7,20.3,40.1,0.0,11.4,201,Poor,1020.9,3.0
2024-01-21,Ahmedabad,Gujarat,26.2,13.9,20.0,44.2,0.0,8.4,167,Moderate,1028.8,7.5
2024-01-22,Ahmedabad,Gujarat,23.4,10.3,16.8,54.2,0.0,13.4,180,Moderate,1025.0,17.9
2024-01-23,Ahmedabad,Gujarat,27.0,14.5,20.8,48.8,0.0,7.6,177,Moderate,1023.9,7.2
2024-01-24,Ahmedabad,Gujarat,26.0,13.8,19.9,47.4,0.0,6.8,228,Poor,1026.0,13.9
2024-01-25,Ahmedabad,Gujarat,25.5,12.9,19.2,53.8,0.0,8.5,192,Moderate,1018.5,23.5
2024-01-26,Ahmedabad,Gujarat,25.5,13.4,19.4,52.5,0.0,7.5,164,Moderate,1028.0,11.8
2024-01-27,Ahmedabad,Gujarat,25.9,14.6,20.3,52.2,0.0,9.6,201,Poor,1021.5,6.0
2024-01-28,Ahmedabad,Gujarat,26.3,14.4,20.4,53.0,0.0,7.2,213,Poor,1021.4,8.3
2024-01-29,Ahmedabad,Gujarat,26.5,14.6,20.6,62.0,0.0,15.9,155,Moderate,1022.0,37.4
2024-01-30,Ahmedabad,Gujarat,26.1,15.9,21.0,58.5,0.0,6.8,167,Moderate,1024.8,48.1
2024-01-31,Ahmedabad,Gujarat,28.8,16.3,22.5,43.1,0.0,9.7,128,Moderate,1026.6,17.4
2024-02-01,Ahmedabad,Gujarat,28.2,16.3,22.2,51.0,0.0,8.0,204,Poor,1025.6,27.2
2024-02-02,Ahmedabad,Gujarat,29.3,14.3,21.8,41.4,0.0,12.7,128,Moderate,1021.4,4.1
2024-02-03,Ahmedabad,Gujarat,26.5,15.8,21.1,53.6,0.0,8.1,177,Moderate,1018.9,9.4
2024-02-04,Ahmedabad,Gujarat,30.1,18.2,24.2,56.8,0.0,8.1,139,Moderate,1020.7,22.2
2024-02-05,Ahmedabad,Gujarat,29.9,16.4,23.2,45.7,0.0,7.9,216,Poor,1020.5,0.0
2024-02-06,Ahmedabad,Gujarat,28.8,17.2,23.0,57.7,0.0,9.8,200,Poor,1018.4,27.5
2024-02-07,Ahmedabad,Gujarat,27.9,14.3,21.1,55.0,0.0,7.9,182,Moderate,1023.3,10.0
2024-02-08,Ahmedabad,Gujarat,27.0,12.9,19.9,50.5,0.0,7.7,198,Moderate,1022.4,3.5
2024-02-09,Ahmedabad,Gujarat,26.6,14.9,20.8,55.4,0.0,6.7,173,Moderate,1023.0,23.6
2024-02-10,Ahmedabad,Gujarat,26.2,17.0,21.6,60.0,0.0,7.3,155,Moderate,1023.2,37.8
2024-02-11,Ahmedabad,Gujarat,29.3,14.2,21.7,42.8,0.0,10.6,127,Moderate,1022.9,13.2
2024-02-12,Ahmedabad,Gujarat,28.3,16.3,22.3,52.4,0.0,7.5,188,Moderate,1021.2,21.4
2024-02-13,Ahmedabad,Gujarat,29.9,17.9,23.9,53.0,2.3,9.0,142,Moderate,1024.0,22.7
2024-02-14,Ahmedabad,Gujarat,30.3,16.9,23.6,42.7,0.0,6.5,227,Poor,1019.7,19.9
2024-02-15,Ahmedabad,Gujarat,30.2,17.2,23.7,55.5,0.0,10.4,135,Moderate,1019.3,2.6
2024-02-16,Ahmedabad,Gujarat,30.0,16.6,23.3,55.6,0.0,17.4,163,Moderate,1020.1,20.0
2024-02-17,Ahmedabad,Gujarat,28.3,16.5,22.4,56.3,0.0,7.0,195,Moderate,1021.8,20.0
2024-02-18,Ahmedabad,Gujarat,28.6,13.3,20.9,49.5,0.0,7.2,135,Moderate,1022.4,0.0
2024-02-19,Ahmedabad,Gujarat,26.6,14.8,20.7,49.6,0.0,8.1,151,Moderate,1020.3,30.6
2024-02-20,Ahmedabad,Gujarat,28.2,15.4,21.8,40.5,0.0,6.6,159,Moderate,1019.9,0.0
2024-02-21,Ahmedabad,Gujarat,28.0,13.7,20.9,51.5,0.0,7.1,238,Poor,1023.3,20.4
2024-02-22,Ahmedabad,Gujarat,25.3,14.1,19.7,60.8,0.0,10.2,146,Moderate,1018.3,40.6
2024-02-23,Ahmedabad,Gujarat,26.4,14.6,20.5,53.9,0.0,8.6,130,Moderate,1026.0,15.5
2024-02-24,Ahmedabad,Gujarat,27.8,16.0,21.9,56.1,0.0,8.6,164,Moderate,1019.4,3.5
2024-02-25,Ahmedabad,Gujarat,27.5,15.2,21.4,51.4,0.0,6.5,135,Moderate,1019.7,26.3
2024-02-26,Ahmedabad,Gujarat,26.9,14.7,20.8,54.3,0.0,6.8,154,Moderate,1020.8,38.5
2024-02-27,Ahmedabad,Gujarat,30.6,16.8,23.7,45.8,0.0,7.8,141,Moderate,1020.2,1.7
2024-02-28,Ahmedabad,Gujarat,29.9,16.1,23.0,40.1,0.0,12.1,150,Moderate,1017.9,0.0
2024-02-29,Ahmedabad,Gujarat,28.8,16.2,22.5,61.4,0.0,7.7,137,Moderate,1019.9,34.6
2024-03-01,Ahmedabad,Gujarat,27.5,15.6,21.5,52.5,0.0,9.1,129,Moderate,1017.5,30.6
2024-03-02,Ahmedabad,Gujarat,26.5,15.3,20.9,54.2,0.0,7.5,170,Moderate,1018.2,24.5
2024-03-03,Ahmedabad,Gujarat,27.5,14.7,21.1,51.4,0.0,8.6,149,Moderate,1016.0,0.0
2024-03-04,Ahmedabad,Gujarat,29.4,17.2,23.3,47.7,0.0,14.1,127,Moderate,1018.7,26.2
2024-03-05,Ahmedabad,Gujarat,30.1,18.3,24.2,53.4,0.0,9.4,95,Satisfactory,1017.7,31.8
2024-03-06,Ahmedabad,Gujarat,29.5,18.2,23.8,55.8,0.0,8.1,153,Moderate,1014.0,47.8
2024-03-07,Ahmedabad,Gujarat,29.7,16.8,23.3,53.7,0.0,10.1,122,Moderate,1016.7,14.1
2024-03-08,Ahmedabad,Gujarat,29.9,17.1,23.5,50.1,0.0,10.0,137,Moderate,1017.8,20.2
2024-03-09,Ahmedabad,Gujarat,32.2,18.4,25.3,30.0,0.0,9.7,90,Satisfactory,1018.9,0.0
2024-03-10,Ahmedabad,Gujarat,31.8,19.4,25.6,46.0,0.0,7.8,140,Moderate,1014.4,30.4
2024-03-11,Ahmedabad,Gujarat,27.4,15.4,21.4,46.9,0.0,6.6,140,Moderate,1017.4,32.7
2024-03-12,Ahmedabad,Gujarat,28.0,16.5,22.2,61.6,0.0,8.3,124,Moderate,1015.4,24.7
2024-03-13,Ahmedabad,Gujarat,27.3,16.5,21.9,61.8,0.0,7.1,112,Moderate,1019.0,36.0
2024-03-14,Ahmedabad,Gujarat,28.3,15.1,21.7,38.1,0.0,7.0,156,Moderate,1016.1,8.6
2024-03-15,Ahmedabad,Gujarat,27.4,15.0,21.2,46.0,0.0,9.0,107,Moderate,1018.5,16.9
2024-03-16,Ahmedabad,Gujarat,28.2,14.6,21.4,44.1,0.0,8.5,143,Moderate,1016.5,17.4
2024-03-17,Ahmedabad,Gujarat,26.3,15.1,20.7,56.7,0.0,10.1,140,Moderate,1013.9,35.8
2024-03-18,Ahmedabad,Gujarat,26.5,17.0,21.7,50.0,0.0,9.7,98,Satisfactory,1016.7,35.6
2024-03-19,Ahmedabad,Gujarat,29.6,18.9,24.2,48.8,0.0,10.0,131,Moderate,1013.6,22.9
2024-03-20,Ahmedabad,Gujarat,29.8,18.1,24.0,43.4,0.0,16.4,87,Satisfactory,1018.2,22.4
2024-03-21,Ahmedabad,Gujarat,29.4,17.1,23.2,54.0,0.0,7.8,131,Moderate,1019.6,27.0
2024-03-22,Ahmedabad,Gujarat,28.2,16.5,22.3,41.5,0.0,9.5,90,Satisfactory,1017.4,15.2
2024-03-23,Ahmedabad,Gujarat,29.1,17.6,23.4,66.8,0.0,9.0,108,Moderate,1014.4,38.4
2024-03-24,Ahmedabad,Gujarat,29.5,17.7,23.6,56.0,0.0,6.5,117,Moderate,1015.4,13.0
2024-03-25,Ahmedabad,Gujarat,29.8,17.9,23.8,63.5,0.0,8.3,108,Moderate,1015.8,25.3
2024-03-26,Ahmedabad,Gujarat,32.2,19.0,25.6,49.5,0.0,7.0,119,Moderate,1016.7,10.0
2024-03-27,Ahmedabad,Gujarat,30.5,20.4,25.4,59.2,0.0,10.6,82,Satisfactory,1014.0,31.8
2024-03-28,Ahmedabad,Gujarat,32.1,19.5,25.8,52.4,0.0,7.7,94,Satisfactory,1015.0,17.1
2024-03-29,Ahmedabad,Gujarat,30.7,18.9,24.8,50.5,0.0,7.4,121,Moderate,1010.9,48.1
2024-03-30,Ahmedabad,Gujarat,33.1,20.9,27.0,45.0,0.0,11.9,82,Satisfactory,1014.0,16.2
2024-03-31,Ahmedabad,Gujarat,34.1,22.7,28.4,51.1,0.0,9.3,86,Satisfactory,1011.2,30.4
2024-04-01,Ahmedabad,Gujarat,35.5,22.4,29.0,49.5,0.0,9.8,75,Satisfactory,1012.7,8.3
2024-04-02,Ahmedabad,Gujarat,32.8,20.2,26.5,46.9,0.0,9.1,84,Satisfactory,1011.1,14.4
2024-04-03,Ahmedabad,Gujarat,32.6,20.4,26.5,50.6,0.0,7.1,75,Satisfactory,1013.8,18.2
2024-04-04,Ahmedabad,Gujarat,31.2,19.5,25.3,48.5,0.0,6.8,113,Moderate,1014.5,24.6
2024-04-05,Ahmedabad,Gujarat,30.2,18.9,24.6,45.5,0.0,9.8,77,Satisfactory,1012.8,9.9
2024-04-06,Ahmedabad,Gujarat,32.5,19.4,26.0,39.5,0.0,11.6,57,Satisfactory,1011.0,11.6
2024-04-07,Ahmedabad,Gujarat,31.0,20.1,25.6,51.6,0.0,8.2,84,Satisfactory,1013.8,21.3
2024-04-08,Ahmedabad,Gujarat,31.9,19.9,25.9,47.6,0.0,11.7,47,Good,1015.5,25.6
2024-04-09,Ahmedabad,Gujarat,31.3,18.6,25.0,43.3,0.0,8.2,66,Satisfactory,1016.3,20.2
2024-04-10,Ahmedabad,Gujarat,31.4,18.8,25.1,46.3,0.0,7.9,114,Moderate,1013.1,18.3
2024-04-11,Ahmedabad,Gujarat,33.5,21.0,27.3,45.4,0.0,9.0,56,Satisfactory,1012.1,1.2
2024-04-12,Ahmedabad,Gujarat,35.1,23.1,29.1,51.4,0.0,7.4,79,Satisfactory,1008.2,25.8
2024-04-13,Ahmedabad,Gujarat,35.9,24.8,30.4,47.2,0.0,10.4,121,Moderate,1013.0,30.1
2024-04-14,Ahmedabad,Gujarat,34.5,23.9,29.2,55.0,0.0,12.0,73,Satisfactory,1005.8,32.6
2024-04-15,Ahmedabad,Gujarat,34.4,20.5,27.4,56.3,0.0,7.2,67,Satisfactory,1013.2,22.5
2024-04-16,Ahmedabad,Gujarat,32.5,20.8,26.6,45.9,0.0,7.9,31,Good,1010.9,12.7
2024-04-17,Ahmedabad,Gujarat,33.1,20.4,26.8,53.1,0.0,12.0,66,Satisfactory,1005.8,16.8
2024-04-18,Ahmedabad,Gujarat,35.6,22.2,28.9,44.7,0.0,7.6,55,Satisfactory,1010.6,22.4
2024-04-19,Ahmedabad,Gujarat,34.8,22.4,28.6,41.4,0.0,7.6,83,Satisfactory,1009.5,20.4
2024-04-20,Ahmedabad,Gujarat,35.0,22.8,28.9,40.5,0.0,13.5,39,Good,1008.7,8.9
2024-04-21,Ahmedabad,Gujarat,34.6,21.8,28.2,39.6,0.0,14.5,56,Satisfactory,1009.1,0.0
2024-04-22,Ahmedabad,Gujarat,34.3,23.3,28.8,44.4,0.0,9.3,93,Satisfactory,1009.3,13.6
2024-04-23,Ahmedabad,Gujarat,34.2,22.1,28.1,58.1,0.0,9.2,75,Satisfactory,1009.3,18.2
2024-04-24,Ahmedabad,Gujarat,36.0,24.3,30.1,45.8,0.0,14.8,15,Good,1005.7,25.5
2024-04-25,Ahmedabad,Gujarat,35.7,23.7,29.7,45.0,0.0,12.3,51,Satisfactory,1009.4,16.0
2024-04-26,Ahmedabad,Gujarat,37.1,23.6,30.4,47.8,0.0,15.0,62,Satisfactory,1007.5,18.2
2024-04-27,Ahmedabad,Gujarat,36.2,24.6,30.4,41.7,0.0,8.0,24,Good,1011.2,23.5
2024-04-28,Ahmedabad,Gujarat,37.2,28.4,32.8,51.6,0.0,8.4,92,Satisfactory,1009.0,42.8
2024-04-29,Ahmedabad,Gujarat,37.8,24.4,31.1,50.6,0.0,6.8,61,Satisfactory,1009.5,20.0
2024-04-30,Ahmedabad,Gujarat,34.9,22.9,28.9,52.7,0.0,6.9,69,Satisfactory,1011.7,2.3
2024-05-01,Ahmedabad,Gujarat,35.0,22.2,28.6,55.1,0.0,7.0,47,Good,1009.4,15.0
2024-05-02,Ahmedabad,Gujarat,33.4,23.0,28.2,58.7,0.0,8.5,50,Good,1007.6,50.5
2024-05-03,Ahmedabad,Gujarat,35.0,24.9,29.9,53.3,3.6,7.8,27,Good,1002.1,44.6
2024-05-04,Ahmedabad,Gujarat,36.9,25.3,31.1,51.4,0.0,9.6,77,Satisfactory,1007.2,37.4
2024-05-05,Ahmedabad,Gujarat,36.2,25.3,30.7,54.2,0.0,8.1,85,Satisfactory,1010.2,34.8
2024-05-06,Ahmedabad,Gujarat,37.3,26.9,32.1,51.1,0.0,13.3,78,Satisfactory,1007.9,34.6
2024-05-07,Ahmedabad,Gujarat,34.5,24.9,29.7,50.4,0.0,7.8,15,Good,1005.6,23.2
2024-05-08,Ahmedabad,Gujarat,33.2,24.4,28.8,50.7,0.0,7.0,52,Satisfactory,1006.9,39.7
2024-05-09,Ahmedabad,Gujarat,32.6,19.6,26.1,61.6,0.0,7.4,52,Satisfactory,1006.2,42.3
2024-05-10,Ahmedabad,Gujarat,33.3,22.2,27.7,58.6,0.0,12.9,15,Good,1007.3,41.0
2024-05-11,Ahmedabad,Gujarat,34.1,21.2,27.6,49.4,0.0,8.0,47,Good,1005.6,21.4
2024-05-12,Ahmedabad,Gujarat,34.4,20.6,27.5,62.0,0.0,11.3,15,Good,1009.4,25.9
2024-05-13,Ahmedabad,Gujarat,33.7,22.5,28.1,54.5,0.0,9.8,63,Satisfactory,1006.4,21.7
2024-05-14,Ahmedabad,Gujarat,32.4,22.6,27.5,52.4,0.0,12.4,15,Good,1006.7,45.6
2024-05-15,Ahmedabad,Gujarat,31.4,22.6,27.0,63.0,3.2,14.2,20,Good,1004.5,36.8
2024-05-16,Ahmedabad,Gujarat,32.7,22.6,27.6,55.1,0.0,10.2,44,Good,1005.0,38.3
2024-05-17,Ahmedabad,Gujarat,33.4,23.5,28.4,56.8,0.0,10.3,15,Good,1003.1,41.0
2024-05-18,Ahmedabad,Gujarat,37.1,25.4,31.2,49.9,0.0,7.3,62,Satisfactory,1007.3,12.2
2024-05-19,Ahmedabad,Gujarat,39.3,28.3,33.8,60.5,0.0,9.9,15,Good,1002.6,43.4
2024-05-20,Ahmedabad,Gujarat,40.5,28.5,34.5,51.4,0.0,9.0,25,Good,1003.6,23.8
2024-05-21,Ahmedabad,Gujarat,39.9,27.8,33.8,56.2,0.0,11.3,15,Good,1000.2,26.2
2024-05-22,Ahmedabad,Gujarat,35.7,25.6,30.7,47.5,0.0,11.8,15,Good,1001.6,23.4
2024-05-23,Ahmedabad,Gujarat,34.9,24.6,29.8,54.0,10.5,8.2,15,Good,1003.6,37.5
2024-05-24,Ahmedabad,Gujarat,35.3,24.6,30.0,59.7,0.0,9.7,15,Good,1003.3,36.1
2024-05-25,Ahmedabad,Gujarat,36.3,22.9,29.6,52.8,0.0,13.9,35,Good,1004.3,18.5
2024-05-26,Ahmedabad,Gujarat,35.6,23.7,29.6,54.8,0.0,12.0,15,Good,1007.7,13.8
2024-05-27,Ahmedabad,Gujarat,35.5,25.5,30.5,64.3,2.6,11.1,15,Good,999.3,36.3
2024-05-28,Ahmedabad,Gujarat,37.0,26.7,31.9,59.2,4.1,11.5,15,Good,1004.7,50.5
2024-05-29,Ahmedabad,Gujarat,37.1,28.2,32.7,59.2,0.0,7.9,22,Good,1003.4,49.6
2024-05-30,Ahmedabad,Gujarat,37.0,27.7,32.4,65.3,0.0,10.5,23,Good,1001.1,54.6
2024-05-31,Ahmedabad,Gujarat,35.9,25.6,30.7,52.5,0.0,9.4,39,Good,1001.8,39.6
2024-06-01,Ahmedabad,Gujarat,34.4,25.0,29.7,69.4,0.0,15.2,15,Good,1005.0,39.0
2024-06-02,Ahmedabad,Gujarat,34.1,25.3,29.7,66.5,0.0,18.3,26,Good,1002.5,43.3
2024-06-03,Ahmedabad,Gujarat,36.2,27.7,31.9,67.9,0.0,9.6,15,Good,1001.2,55.7
2024-06-04,Ahmedabad,Gujarat,39.5,32.1,35.8,64.6,0.0,16.0,15,Good,998.5,65.6
2024-06-05,Ahmedabad,Gujarat,38.7,30.5,34.6,66.2,0.0,12.5,15,Good,999.2,38.2
2024-06-06,Ahmedabad,Gujarat,40.2,30.0,35.1,62.8,0.0,8.5,15,Good,998.1,41.6
2024-06-07,Ahmedabad,Gujarat,39.3,29.7,34.5,72.1,0.0,14.9,15,Good,1002.4,47.1
2024-06-08,Ahmedabad,Gujarat,38.5,30.0,34.2,57.5,0.0,13.9,18,Good,999.0,44.1
2024-06-09,Ahmedabad,Gujarat,38.0,29.4,33.7,66.7,0.0,11.2,16,Good,998.2,41.0
2024-06-10,Ahmedabad,Gujarat,36.8,27.5,32.1,70.1,17.8,12.9,15,Good,1001.2,49.2
2024-06-11,Ahmedabad,Gujarat,40.2,29.0,34.6,68.0,0.0,13.3,15,Good,998.4,39.4
2024-06-12,Ahmedabad,Gujarat,37.5,28.7,33.1,80.4,0.0,16.0,15,Good,1003.4,62.6
2024-06-13,Ahmedabad,Gujarat,37.3,29.1,33.2,69.5,0.0,16.1,15,Good,1000.2,74.0
2024-06-14,Ahmedabad,Gujarat,36.9,28.7,32.8,65.1,0.0,10.8,15,Good,1000.6,50.6
2024-06-15,Ahmedabad,Gujarat,37.0,30.0,33.5,76.5,3.2,10.4,15,Good,1000.2,78.4
2024-06-16,Ahmedabad,Gujarat,37.4,29.4,33.4,64.3,0.0,10.6,15,Good,1000.9,54.7
2024-06-17,Ahmedabad,Gujarat,36.5,28.6,32.6,85.1,9.1,10.5,15,Good,1001.3,47.9
2024-06-18,Ahmedabad,Gujarat,35.7,28.4,32.0,83.7,30.5,11.2,15,Good,999.9,68.6
2024-06-19,Ahmedabad,Gujarat,35.7,27.9,31.8,77.7,2.6,11.4,15,Good,997.8,47.2
2024-06-20,Ahmedabad,Gujarat,35.1,28.9,32.0,84.4,1.2,10.7,15,Good,999.4,69.7
2024-06-21,Ahmedabad,Gujarat,34.6,27.8,31.2,87.3,18.0,11.8,15,Good,999.9,66.0
2024-06-22,Ahmedabad,Gujarat,35.2,27.8,31.5,76.4,0.0,16.1,15,Good,996.3,57.5
2024-06-23,Ahmedabad,Gujarat,34.5,26.8,30.7,78.8,11.4,12.4,15,Good,995.5,57.5
2024-06-24,Ahmedabad,Gujarat,35.0,29.0,32.0,80.8,6.8,10.6,16,Good,996.8,52.5
2024-06-25,Ahmedabad,Gujarat,34.3,29.2,31.8,83.4,0.0,11.4,31,Good,995.3,80.2
2024-06-26,Ahmedabad,Gujarat,36.8,28.0,32.4,77.6,0.0,18.4,15,Good,998.0,63.2
2024-06-27,Ahmedabad,Gujarat,36.9,30.3,33.6,80.9,0.0,16.2,15,Good,997.0,70.8
2024-06-28,Ahmedabad,Gujarat,37.0,29.6,33.3,85.5,0.0,11.3,15,Good,998.7,67.4
2024-06-29,Ahmedabad,Gujarat,36.7,29.3,33.0,88.5,3.4,17.3,15,Good,1000.0,65.6
2024-06-30,Ahmedabad,Gujarat,38.1,31.8,34.9,78.3,5.3,14.9,15,Good,998.5,72.8
2024-07-01,Ahmedabad,Gujarat,37.3,32.1,34.7,85.1,8.6,18.2,15,Good,998.8,76.3
2024-07-02,Ahmedabad,Gujarat,38.6,32.7,35.7,84.4,11.4,10.8,15,Good,999.5,71.3
2024-07-03,Ahmedabad,Gujarat,38.9,30.3,34.6,78.4,0.0,12.0,15,Good,997.2,68.1
2024-07-04,Ahmedabad,Gujarat,40.3,33.3,36.8,83.4,5.5,15.3,15,Good,992.0,54.9
2024-07-05,Ahmedabad,Gujarat,40.6,32.0,36.3,83.1,20.6,14.2,15,Good,993.8,62.7
2024-07-06,Ahmedabad,Gujarat,37.1,31.0,34.1,82.4,12.0,18.1,15,Good,998.9,68.9
2024-07-07,Ahmedabad,Gujarat,36.1,30.3,33.2,87.0,13.9,16.1,15,Good,998.5,74.5
2024-07-08,Ahmedabad,Gujarat,39.9,32.0,35.9,84.8,0.0,11.1,15,Good,998.7,48.9
2024-07-09,Ahmedabad,Gujarat,39.3,34.0,36.6,94.1,4.6,14.8,15,Good,1002.7,82.1
2024-07-10,Ahmedabad,Gujarat,37.4,32.7,35.1,91.9,7.5,16.5,15,Good,997.9,79.4
2024-07-11,Ahmedabad,Gujarat,36.5,30.0,33.2,98.9,72.5,11.8,15,Good,997.8,68.3
2024-07-12,Ahmedabad,Gujarat,36.9,31.6,34.2,93.5,21.3,13.8,15,Good,998.4,63.5
2024-07-13,Ahmedabad,Gujarat,36.6,29.8,33.2,92.7,9.9,12.0,15,Good,995.6,67.8
2024-07-14,Ahmedabad,Gujarat,35.5,28.3,31.9,85.9,6.4,14.4,15,Good,999.8,60.0
2024-07-15,Ahmedabad,Gujarat,36.1,29.4,32.7,97.6,41.8,13.2,15,Good,997.8,73.6
2024-07-16,Ahmedabad,Gujarat,32.3,27.1,29.7,91.6,0.0,13.7,15,Good,1002.3,78.0
2024-07-17,Ahmedabad,Gujarat,33.1,27.7,30.4,100.0,4.9,16.8,15,Good,995.6,93.2
2024-07-18,Ahmedabad,Gujarat,33.2,27.7,30.5,84.9,3.8,12.8,15,Good,998.8,87.2
2024-07-19,Ahmedabad,Gujarat,33.2,28.8,31.0,96.8,0.0,13.1,15,Good,997.4,97.9
2024-07-20,Ahmedabad,Gujarat,35.9,28.5,32.2,87.8,0.0,13.2,15,Good,996.2,81.4
2024-07-21,Ahmedabad,Gujarat,36.0,29.1,32.6,90.0,25.9,14.3,23,Good,999.6,66.9
2024-07-22,Ahmedabad,Gujarat,36.4,32.8,34.6,89.5,0.0,12.9,15,Good,997.1,100.0
2024-07-23,Ahmedabad,Gujarat,35.3,28.0,31.7,94.2,22.6,12.4,15,Good,1001.3,75.8
2024-07-24,Ahmedabad,Gujarat,35.4,27.9,31.7,92.6,0.0,16.0,19,Good,997.7,58.6
2024-07-25,Ahmedabad,Gujarat,34.2,27.2,30.7,93.3,30.2,13.1,15,Good,998.3,83.9
2024-07-26,Ahmedabad,Gujarat,30.7,25.6,28.1,91.5,0.0,13.5,15,Good,1003.9,59.9
2024-07-27,Ahmedabad,Gujarat,31.4,26.2,28.8,98.1,22.5,15.3,15,Good,997.0,80.4
2024-07-28,Ahmedabad,Gujarat,33.7,28.1,30.9,93.6,8.0,12.7,15,Good,997.7,73.5
2024-07-29,Ahmedabad,Gujarat,33.8,30.6,32.2,100.0,4.3,11.7,15,Good,992.8,86.5
2024-07-30,Ahmedabad,Gujarat,32.7,28.0,30.3,94.9,10.2,18.0,15,Good,998.7,93.3
2024-07-31,Ahmedabad,Gujarat,33.6,28.1,30.8,96.3,0.9,14.6,15,Good,1000.9,74.8
2024-08-01,Ahmedabad,Gujarat,34.0,29.9,32.0,93.4,14.5,13.6,15,Good,1000.1,72.8
2024-08-02,Ahmedabad,Gujarat,33.3,29.1,31.2,88.1,10.4,13.8,15,Good,999.9,89.0
2024-08-03,Ahmedabad,Gujarat,36.4,28.5,32.5,90.3,2.2,18.9,66,Satisfactory,997.7,66.5
2024-08-04,Ahmedabad,Gujarat,36.3,29.6,32.9,91.2,14.6,15.2,15,Good,999.0,77.3
2024-08-05,Ahmedabad,Gujarat,36.4,31.7,34.0,89.2,20.7,10.8,15,Good,998.4,82.8
2024-08-06,Ahmedabad,Gujarat,38.1,32.0,35.0,95.1,9.2,13.4,15,Good,999.1,63.0
2024-08-07,Ahmedabad,Gujarat,37.5,30.3,33.9,94.7,6.9,13.6,15,Good,999.9,70.0
2024-08-08,Ahmedabad,Gujarat,36.6,32.4,34.5,84.7,16.3,13.3,19,Good,998.8,74.6
2024-08-09,Ahmedabad,Gujarat,37.3,31.8,34.5,94.9,30.9,10.9,25,Good,999.7,91.2
2024-08-10,Ahmedabad,Gujarat,37.1,31.4,34.2,87.3,8.5,11.4,28,Good,999.7,55.1
2024-08-11,Ahmedabad,Gujarat,36.1,28.0,32.0,88.9,41.8,10.9,15,Good,999.3,70.5
2024-08-12,Ahmedabad,Gujarat,34.8,29.1,32.0,86.8,24.6,19.3,15,Good,1001.0,90.9
2024-08-13,Ahmedabad,Gujarat,35.4,31.7,33.6,84.3,6.8,13.1,26,Good,998.0,83.8
2024-08-14,Ahmedabad,Gujarat,41.0,34.3,37.7,83.5,0.0,13.4,15,Good,999.9,63.1
2024-08-15,Ahmedabad,Gujarat,42.8,35.5,39.2,82.1,0.0,12.5,15,Good,997.1,64.2
2024-08-16,Ahmedabad,Gujarat,39.9,35.4,37.6,80.4,3.0,11.3,15,Good,999.9,71.7
2024-08-17,Ahmedabad,Gujarat,38.1,31.6,34.9,90.2,3.0,11.4,63,Satisfactory,1001.8,72.8
2024-08-18,Ahmedabad,Gujarat,35.7,29.6,32.7,95.1,6.8,19.0,15,Good,999.8,85.8
2024-08-19,Ahmedabad,Gujarat,34.3,30.4,32.3,93.8,6.3,12.3,37,Good,1004.0,81.7
2024-08-20,Ahmedabad,Gujarat,36.7,27.5,32.1,85.5,0.0,11.5,40,Good,1005.8,45.7
2024-08-21,Ahmedabad,Gujarat,37.9,29.2,33.6,75.3,19.3,15.3,15,Good,1000.7,40.9
2024-08-22,Ahmedabad,Gujarat,35.3,26.5,30.9,73.5,19.6,11.8,15,Good,1002.6,56.3
2024-08-23,Ahmedabad,Gujarat,34.1,25.2,29.6,74.9,0.0,10.4,15,Good,1005.9,37.8
2024-08-24,Ahmedabad,Gujarat,29.9,24.9,27.4,86.8,6.3,10.7,61,Satisfactory,1000.7,82.4
2024-08-25,Ahmedabad,Gujarat,32.2,24.4,28.3,74.0,7.3,15.0,15,Good,1004.3,41.6
2024-08-26,Ahmedabad,Gujarat,31.6,24.0,27.8,78.5,0.0,11.1,45,Good,1004.0,57.6
2024-08-27,Ahmedabad,Gujarat,32.7,24.3,28.5,71.5,3.2,12.6,20,Good,1006.4,48.2
2024-08-28,Ahmedabad,Gujarat,34.4,24.0,29.2,77.2,0.0,11.6,18,Good,1004.1,36.8
2024-08-29,Ahmedabad,Gujarat,32.8,26.3,29.5,89.2,15.8,13.7,43,Good,1005.7,74.3
2024-08-30,Ahmedabad,Gujarat,31.5,24.5,28.0,88.0,0.0,11.2,31,Good,1003.7,49.6
2024-08-31,Ahmedabad,Gujarat,29.6,23.9,26.7,85.3,2.7,10.3,15,Good,1007.9,84.2
2024-09-01,Ahmedabad,Gujarat,32.7,27.3,30.0,78.0,0.0,10.0,57,Satisfactory,1003.0,74.2
2024-09-02,Ahmedabad,Gujarat,32.7,24.0,28.4,74.9,2.7,13.7,22,Good,1007.7,54.4
2024-09-03,Ahmedabad,Gujarat,33.3,22.2,27.8,75.2,0.0,10.4,53,Satisfactory,1006.5,24.5
2024-09-04,Ahmedabad,Gujarat,35.5,25.7,30.6,77.2,0.0,11.8,66,Satisfactory,1001.0,46.4
2024-09-05,Ahmedabad,Gujarat,37.8,31.4,34.6,73.0,0.0,14.8,49,Good,1005.0,79.7
2024-09-06,Ahmedabad,Gujarat,36.5,28.7,32.6,75.4,0.0,11.2,72,Satisfactory,1006.8,53.9
2024-09-07,Ahmedabad,Gujarat,36.9,28.2,32.6,67.6,0.0,12.0,23,Good,1003.4,44.6
2024-09-08,Ahmedabad,Gujarat,36.2,26.6,31.4,62.0,0.0,10.0,85,Satisfactory,1004.7,38.2
2024-09-09,Ahmedabad,Gujarat,38.4,30.4,34.4,66.1,0.0,10.4,52,Satisfactory,1005.9,56.4
2024-09-10,Ahmedabad,Gujarat,37.9,27.3,32.6,74.6,8.6,14.5,15,Good,1005.5,49.2
2024-09-11,Ahmedabad,Gujarat,34.5,25.8,30.1,70.8,4.5,12.7,15,Good,1008.1,48.6
2024-09-12,Ahmedabad,Gujarat,36.1,27.8,32.0,65.0,2.5,10.3,54,Satisfactory,1006.7,58.5
2024-09-13,Ahmedabad,Gujarat,36.0,28.1,32.0,71.2,0.0,10.7,47,Good,1004.7,56.8
2024-09-14,Ahmedabad,Gujarat,36.3,27.7,32.0,67.4,1.9,10.1,49,Good,1012.2,46.9
2024-09-15,Ahmedabad,Gujarat,36.0,25.9,30.9,56.3,0.0,12.0,71,Satisfactory,1007.4,18.3
2024-09-16,Ahmedabad,Gujarat,34.4,24.7,29.5,56.5,0.0,9.4,110,Moderate,1008.9,26.7
2024-09-17,Ahmedabad,Gujarat,36.1,23.7,29.9,54.7,6.6,11.9,42,Good,1012.3,30.7
2024-09-18,Ahmedabad,Gujarat,35.2,24.6,29.9,53.2,20.5,15.5,43,Good,1010.7,38.0
2024-09-19,Ahmedabad,Gujarat,33.9,25.6,29.7,62.4,0.0,10.6,61,Satisfactory,1010.3,58.8
2024-09-20,Ahmedabad,Gujarat,32.8,25.3,29.0,66.4,10.5,8.4,50,Satisfactory,1011.8,66.1
2024-09-21,Ahmedabad,Gujarat,35.0,23.9,29.5,67.5,0.0,9.9,57,Satisfactory,1010.8,41.8
2024-09-22,Ahmedabad,Gujarat,34.6,25.6,30.1,64.6,0.0,14.8,104,Moderate,1010.9,42.9
2024-09-23,Ahmedabad,Gujarat,35.1,24.9,30.0,54.6,0.0,10.1,82,Satisfactory,1011.2,13.3
2024-09-24,Ahmedabad,Gujarat,37.5,26.0,31.8,45.5,3.1,8.3,81,Satisfactory,1009.4,26.8
2024-09-25,Ahmedabad,Gujarat,37.3,27.0,32.2,55.0,0.0,9.6,71,Satisfactory,1012.0,23.9
2024-09-26,Ahmedabad,Gujarat,37.1,27.0,32.1,44.5,0.0,13.8,78,Satisfactory,1011.4,22.1
2024-09-27,Ahmedabad,Gujarat,35.5,26.3,30.9,61.4,0.0,8.7,78,Satisfactory,1006.0,39.2
2024-09-28,Ahmedabad,Gujarat,37.6,25.9,31.7,57.1,0.0,13.8,123,Moderate,1012.3,23.6
2024-09-29,Ahmedabad,Gujarat,36.6,23.9,30.3,49.1,0.0,9.2,99,Satisfactory,1009.6,3.6
2024-09-30,Ahmedabad,Gujarat,35.0,25.8,30.4,60.8,0.0,18.5,74,Satisfactory,1011.8,41.2
2024-10-01,Ahmedabad,Gujarat,36.6,26.3,31.5,61.5,0.0,8.7,101,Moderate,1007.9,45.0
2024-10-02,Ahmedabad,Gujarat,36.5,26.5,31.5,53.6,0.0,8.2,130,Moderate,1010.3,31.5
2024-10-03,Ahmedabad,Gujarat,36.0,26.3,31.2,50.8,0.0,7.0,105,Moderate,1011.0,24.8
2024-10-04,Ahmedabad,Gujarat,35.3,24.5,29.9,43.3,0.0,9.3,91,Satisfactory,1013.3,14.7
2024-10-05,Ahmedabad,Gujarat,36.8,24.7,30.8,47.2,0.0,8.9,108,Moderate,1011.0,14.5
2024-10-06,Ahmedabad,Gujarat,34.1,24.6,29.4,50.7,0.0,14.1,110,Moderate,1008.5,41.6
2024-10-07,Ahmedabad,Gujarat,35.4,23.2,29.3,44.7,0.0,11.7,126,Moderate,1012.0,15.6
2024-10-08,Ahmedabad,Gujarat,33.6,23.1,28.3,55.1,0.0,13.2,103,Moderate,1012.7,54.4
2024-10-09,Ahmedabad,Gujarat,34.5,24.6,29.6,44.2,0.0,12.2,107,Moderate,1014.6,38.3
2024-10-10,Ahmedabad,Gujarat,35.6,21.7,28.6,57.5,0.0,9.2,133,Moderate,1014.1,29.8
2024-10-11,Ahmedabad,Gujarat,32.1,23.0,27.6,61.6,0.0,30.6,15,Good,1012.7,63.2
2024-10-12,Ahmedabad,Gujarat,32.4,22.3,27.4,61.8,0.0,8.9,117,Moderate,1015.0,42.8
2024-10-13,Ahmedabad,Gujarat,32.5,21.9,27.2,54.5,0.0,10.1,101,Moderate,1018.4,18.6
2024-10-14,Ahmedabad,Gujarat,34.8,22.5,28.6,49.6,0.0,15.5,103,Moderate,1016.8,9.0
2024-10-15,Ahmedabad,Gujarat,33.4,21.6,27.5,53.7,0.0,11.6,121,Moderate,1011.2,17.7
2024-10-16,Ahmedabad,Gujarat,32.8,20.3,26.6,52.0,0.0,9.4,148,Moderate,1020.4,22.4
2024-10-17,Ahmedabad,Gujarat,33.6,21.7,27.6,54.6,0.0,10.5,89,Satisfactory,1017.7,12.2
2024-10-18,Ahmedabad,Gujarat,34.0,20.7,27.3,44.4,0.0,8.0,112,Moderate,1018.7,6.9
2024-10-19,Ahmedabad,Gujarat,36.2,24.5,30.4,48.1,0.0,8.3,108,Moderate,1011.8,23.8
2024-10-20,Ahmedabad,Gujarat,32.1,20.2,26.2,52.3,0.0,9.9,112,Moderate,1015.4,35.1
2024-10-21,Ahmedabad,Gujarat,32.1,21.1,26.6,66.2,0.0,7.4,103,Moderate,1017.4,48.1
2024-10-22,Ahmedabad,Gujarat,33.2,21.1,27.2,46.7,0.0,7.8,181,Moderate,1014.0,22.6
2024-10-23,Ahmedabad,Gujarat,33.2,21.1,27.2,57.8,0.0,6.7,158,Moderate,1017.5,29.6
2024-10-24,Ahmedabad,Gujarat,34.4,19.9,27.2,37.9,0.0,8.9,117,Moderate,1019.8,0.0
2024-10-25,Ahmedabad,Gujarat,31.4,19.9,25.6,53.6,10.3,9.2,126,Moderate,1016.5,33.6
2024-10-26,Ahmedabad,Gujarat,33.2,20.0,26.6,45.4,0.0,11.9,120,Moderate,1020.4,6.6
2024-10-27,Ahmedabad,Gujarat,35.6,23.4,29.5,42.5,0.0,7.5,146,Moderate,1017.8,23.0
2024-10-28,Ahmedabad,Gujarat,34.9,21.2,28.0,44.4,0.0,8.2,125,Moderate,1013.2,18.8
2024-10-29,Ahmedabad,Gujarat,33.5,21.1,27.3,50.1,0.0,10.9,103,Moderate,1015.6,16.2
2024-10-30,Ahmedabad,Gujarat,34.1,19.9,27.0,42.5,0.0,11.5,124,Moderate,1019.8,0.0
2024-10-31,Ahmedabad,Gujarat,33.1,20.9,27.0,41.2,0.0,11.3,168,Moderate,1015.6,8.7
2024-11-01,Ahmedabad,Gujarat,32.9,18.4,25.7,50.9,0.0,7.5,117,Moderate,1020.4,6.6
2024-11-02,Ahmedabad,Gujarat,30.8,17.8,24.3,48.5,0.0,6.7,177,Moderate,1019.9,12.2
2024-11-03,Ahmedabad,Gujarat,31.2,20.6,25.9,54.2,0.0,9.1,160,Moderate,1019.0,35.9
2024-11-04,Ahmedabad,Gujarat,32.7,20.3,26.5,52.7,0.0,8.7,142,Moderate,1017.2,13.9
2024-11-05,Ahmedabad,Gujarat,34.3,21.7,28.0,52.5,0.0,9.2,167,Moderate,1018.7,8.3
2024-11-06,Ahmedabad,Gujarat,34.1,22.5,28.3,37.1,0.0,9.6,155,Moderate,1021.5,26.5
2024-11-07,Ahmedabad,Gujarat,36.5,24.3,30.4,45.1,0.0,10.0,104,Moderate,1016.9,20.6
2024-11-08,Ahmedabad,Gujarat,35.9,25.7,30.8,42.0,0.0,10.1,143,Moderate,1018.9,44.1
2024-11-09,Ahmedabad,Gujarat,36.2,26.4,31.3,60.4,0.0,8.1,150,Moderate,1021.7,29.3
2024-11-10,Ahmedabad,Gujarat,38.5,23.2,30.9,41.3,0.0,8.4,191,Moderate,1018.5,0.0
2024-11-11,Ahmedabad,Gujarat,34.6,22.8,28.7,53.1,0.0,7.9,153,Moderate,1017.7,27.7
2024-11-12,Ahmedabad,Gujarat,35.3,23.4,29.4,44.1,0.0,10.9,150,Moderate,1017.6,25.5
2024-11-13,Ahmedabad,Gujarat,31.9,21.3,26.6,50.8,0.0,7.1,140,Moderate,1015.3,40.7
2024-11-14,Ahmedabad,Gujarat,33.1,19.7,26.4,52.5,0.0,14.7,146,Moderate,1017.3,14.7
2024-11-15,Ahmedabad,Gujarat,29.0,17.8,23.4,56.1,0.0,8.7,138,Moderate,1021.3,34.4
2024-11-16,Ahmedabad,Gujarat,30.7,18.5,24.6,56.3,0.0,8.7,189,Moderate,1022.3,13.3
2024-11-17,Ahmedabad,Gujarat,28.3,16.7,22.5,47.6,0.0,8.3,158,Moderate,1020.3,23.5
2024-11-18,Ahmedabad,Gujarat,31.9,17.4,24.7,44.6,0.0,11.0,136,Moderate,1022.5,3.2
2024-11-19,Ahmedabad,Gujarat,31.0,17.4,24.2,47.9,0.0,8.9,195,Moderate,1022.6,0.0
2024-11-20,Ahmedabad,Gujarat,31.2,19.8,25.5,54.1,0.0,7.9,143,Moderate,1019.0,29.4
2024-11-21,Ahmedabad,Gujarat,32.0,20.2,26.1,49.6,0.0,10.8,171,Moderate,1019.3,16.9
2024-11-22,Ahmedabad,Gujarat,30.2,17.1,23.7,39.1,0.0,7.6,142,Moderate,1018.6,0.3
2024-11-23,Ahmedabad,Gujarat,30.1,17.6,23.8,47.2,0.0,11.0,173,Moderate,1022.8,29.4
2024-11-24,Ahmedabad,Gujarat,29.6,17.0,23.3,47.5,0.0,6.7,202,Poor,1021.6,0.0
2024-11-25,Ahmedabad,Gujarat,30.1,16.4,23.2,39.7,0.0,12.6,150,Moderate,1023.5,6.8
2024-11-26,Ahmedabad,Gujarat,31.7,17.5,24.6,40.5,0.0,7.6,153,Moderate,1021.3,0.0
2024-11-27,Ahmedabad,Gujarat,29.9,18.6,24.2,52.8,0.0,6.9,156,Moderate,1019.7,34.2
2024-11-28,Ahmedabad,Gujarat,30.0,17.5,23.8,44.1,0.0,8.2,178,Moderate,1023.4,11.5
2024-11-29,Ahmedabad,Gujarat,27.7,17.1,22.4,51.9,0.0,7.9,223,Poor,1018.3,19.5
2024-11-30,Ahmedabad,Gujarat,28.3,15.7,22.0,51.3,0.3,9.5,200,Poor,1021.8,22.8
2024-12-01,Ahmedabad,Gujarat,24.2,14.5,19.3,51.7,0.0,6.9,211,Poor,1021.8,31.4
2024-12-02,Ahmedabad,Gujarat,25.8,14.2,20.0,50.9,0.0,9.5,155,Moderate,1026.2,29.3
2024-12-03,Ahmedabad,Gujarat,27.6,16.1,21.8,59.8,0.0,8.2,207,Poor,1026.2,29.6
2024-12-04,Ahmedabad,Gujarat,30.5,17.2,23.8,50.2,0.0,8.9,204,Poor,1023.1,13.4
2024-12-05,Ahmedabad,Gujarat,29.0,18.4,23.7,53.1,0.0,7.1,194,Moderate,1021.2,29.1
2024-12-06,Ahmedabad,Gujarat,27.2,15.3,21.2,49.6,0.0,8.7,170,Moderate,1026.6,9.4
2024-12-07,Ahmedabad,Gujarat,30.0,16.8,23.4,43.7,0.0,7.6,209,Poor,1021.2,11.6
2024-12-08,Ahmedabad,Gujarat,30.9,17.6,24.2,42.2,0.0,6.6,176,Moderate,1019.6,0.0
2024-12-09,Ahmedabad,Gujarat,27.4,18.8,23.1,42.8,0.0,10.2,196,Moderate,1018.8,40.7
2024-12-10,Ahmedabad,Gujarat,31.3,18.0,24.6,42.1,0.0,7.3,181,Moderate,1022.6,2.4
2024-12-11,Ahmedabad,Gujarat,27.9,15.2,21.6,52.2,0.0,9.5,163,Moderate,1019.9,37.8
2024-12-12,Ahmedabad,Gujarat,25.6,13.4,19.5,57.2,0.0,7.4,182,Moderate,1026.8,26.8
2024-12-13,Ahmedabad,Gujarat,26.6,15.8,21.2,48.9,0.0,8.6,231,Poor,1022.4,21.0
2024-12-14,Ahmedabad,Gujarat,26.2,13.9,20.1,57.3,0.0,16.7,142,Moderate,1021.3,24.0
2024-12-15,Ahmedabad,Gujarat,30.6,16.3,23.5,44.7,0.0,11.6,203,Poor,1025.2,1.9
2024-12-16,Ahmedabad,Gujarat,28.0,19.0,23.5,54.9,0.0,14.0,194,Moderate,1024.8,39.2
2024-12-17,Ahmedabad,Gujarat,30.4,18.0,24.2,47.3,0.0,11.8,178,Moderate,1026.2,11.2
2024-12-18,Ahmedabad,Gujarat,30.2,17.6,23.9,55.5,2.0,8.6,176,Moderate,1019.6,30.6
2024-12-19,Ahmedabad,Gujarat,30.0,18.6,24.3,52.8,0.0,10.9,157,Moderate,1019.1,8.5
2024-12-20,Ahmedabad,Gujarat,31.0,17.8,24.4,39.9,0.0,8.3,220,Poor,1026.0,0.0
2024-12-21,Ahmedabad,Gujarat,28.3,18.1,23.2,64.3,0.0,6.9,170,Moderate,1017.7,44.4
2024-12-22,Ahmedabad,Gujarat,28.5,16.1,22.3,44.1,0.0,9.2,129,Moderate,1021.1,8.7
2024-12-23,Ahmedabad,Gujarat,30.7,17.4,24.0,49.2,0.0,6.6,204,Poor,1023.2,22.6
2024-12-24,Ahmedabad,Gujarat,29.3,14.6,22.0,44.0,0.0,8.3,163,Moderate,1021.0,0.0
2024-12-25,Ahmedabad,Gujarat,28.0,15.9,21.9,57.8,0.0,12.2,180,Moderate,1024.1,16.3
2024-12-26,Ahmedabad,Gujarat,26.4,15.7,21.1,47.8,0.0,11.4,156,Moderate,1021.7,26.3
2024-12-27,Ahmedabad,Gujarat,26.0,12.7,19.3,56.8,0.0,8.3,180,Moderate,1027.0,20.8
2024-12-28,Ahmedabad,Gujarat,26.8,13.7,20.2,40.7,0.0,14.0,180,Moderate,1025.7,16.9
2024-12-29,Ahmedabad,Gujarat,25.3,12.9,19.1,56.4,0.0,9.8,195,Moderate,1025.1,15.9
2024-12-30,Ahmedabad,Gujarat,25.1,13.1,19.1,54.7,0.0,10.4,217,Poor,1023.8,31.0
2024-12-31,Ahmedabad,Gujarat,28.5,14.3,21.4,45.2,0.0,7.9,194,Moderate,1021.8,0.0
2025-01-01,Ahmedabad,Gujarat,25.8,14.2,20.0,48.0,0.0,10.8,189,Moderate,1024.0,14.9
2025-01-02,Ahmedabad,Gujarat,24.6,14.4,19.5,56.7,0.0,8.4,188,Moderate,1022.0,38.6
2025-01-03,Ahmedabad,Gujarat,26.9,13.4,20.2,46.3,0.0,7.2,217,Poor,1028.1,0.0
2025-01-04,Ahmedabad,Gujarat,25.0,14.6,19.8,44.6,0.0,9.8,164,Moderate,1025.0,16.9
2025-01-05,Ahmedabad,Gujarat,27.1,14.1,20.6,44.3,0.0,8.7,182,Moderate,1022.3,2.4
2025-01-06,Ahmedabad,Gujarat,27.5,16.2,21.8,55.4,0.0,8.6,192,Moderate,1026.9,21.3
2025-01-07,Ahmedabad,Gujarat,28.3,15.9,22.1,48.4,0.0,10.1,168,Moderate,1023.6,17.4
2025-01-08,Ahmedabad,Gujarat,28.3,16.2,22.2,43.3,0.0,6.7,227,Poor,1026.4,3.6
2025-01-09,Ahmedabad,Gujarat,28.2,15.5,21.9,50.8,0.0,7.6,201,Poor,1026.4,17.4
2025-01-10,Ahmedabad,Gujarat,29.1,16.6,22.9,52.3,0.0,9.5,162,Moderate,1024.2,17.4
2025-01-11,Ahmedabad,Gujarat,26.5,13.8,20.2,53.4,0.0,7.1,204,Poor,1021.5,9.5
2025-01-12,Ahmedabad,Gujarat,23.8,10.8,17.3,54.9,0.0,7.4,222,Poor,1023.7,13.9
2025-01-13,Ahmedabad,Gujarat,26.1,12.7,19.4,56.7,0.0,10.8,169,Moderate,1031.4,9.4
2025-01-14,Ahmedabad,Gujarat,25.9,12.7,19.3,48.9,0.0,6.9,224,Poor,1023.1,0.0
2025-01-15,Ahmedabad,Gujarat,25.6,14.2,19.9,53.9,0.0,11.6,187,Moderate,1023.5,31.2
2025-01-16,Ahmedabad,Gujarat,27.6,17.1,22.3,58.1,0.0,10.1,189,Moderate,1022.4,33.5
2025-01-17,Ahmedabad,Gujarat,27.1,14.3,20.7,44.1,0.0,10.4,210,Poor,1021.8,0.0
2025-01-18,Ahmedabad,Gujarat,25.9,13.3,19.6,54.2,0.0,7.0,197,Moderate,1025.4,35.3
2025-01-19,Ahmedabad,Gujarat,21.7,10.3,16.0,48.9,0.0,11.7,188,Moderate,1022.3,26.2
2025-01-20,Ahmedabad,Gujarat,24.1,10.9,17.5,60.0,0.0,9.1,188,Moderate,1022.8,4.2
2025-01-21,Ahmedabad,Gujarat,25.0,12.7,18.9,62.9,0.0,14.1,134,Moderate,1024.7,15.9
2025-01-22,Ahmedabad,Gujarat,27.5,14.2,20.8,48.4,0.0,10.2,191,Moderate,1022.9,7.8
2025-01-23,Ahmedabad,Gujarat,25.5,14.7,20.1,58.7,0.0,8.6,191,Moderate,1023.9,31.0
2025-01-24,Ahmedabad,Gujarat,25.8,13.2,19.5,53.3,0.0,6.7,181,Moderate,1023.6,5.7
2025-01-25,Ahmedabad,Gujarat,22.0,11.1,16.5,62.7,0.0,9.6,125,Moderate,1022.1,50.0
2025-01-26,Ahmedabad,Gujarat,21.5,12.1,16.8,64.6,0.0,11.2,190,Moderate,1027.2,36.4
2025-01-27,Ahmedabad,Gujarat,24.0,10.5,17.2,44.5,0.0,10.8,158,Moderate,1026.4,2.8
2025-01-28,Ahmedabad,Gujarat,24.0,14.2,19.1,57.1,0.0,7.1,161,Moderate,1021.6,41.8
2025-01-29,Ahmedabad,Gujarat,25.6,16.0,20.8,43.3,0.0,13.9,140,Moderate,1023.9,28.0
2025-01-30,Ahmedabad,Gujarat,25.7,13.5,19.6,47.0,0.0,7.7,140,Moderate,1022.3,16.5
2025-01-31,Ahmedabad,Gujarat,25.7,15.3,20.5,45.7,0.0,11.5,182,Moderate,1025.1,27.5
2025-02-01,Ahmedabad,Gujarat,25.5,15.5,20.5,45.4,0.0,7.3,234,Poor,1024.6,31.0
2025-02-02,Ahmedabad,Gujarat,28.5,12.9,20.7,46.7,0.0,7.3,168,Moderate,1025.2,7.3
2025-02-03,Ahmedabad,Gujarat,25.1,13.2,19.1,57.4,0.0,7.4,198,Moderate,1021.1,30.6
2025-02-04,Ahmedabad,Gujarat,26.7,13.5,20.1,47.4,0.0,7.4,177,Moderate,1020.0,12.3
2025-02-05,Ahmedabad,Gujarat,25.1,13.8,19.4,52.5,0.0,6.8,186,Moderate,1019.1,30.2
2025-02-06,Ahmedabad,Gujarat,26.9,15.7,21.3,47.0,0.0,7.1,176,Moderate,1027.5,15.8
2025-02-07,Ahmedabad,Gujarat,28.4,15.3,21.8,48.2,0.0,6.3,196,Moderate,1023.7,3.3
2025-02-08,Ahmedabad,Gujarat,26.7,15.4,21.0,50.3,0.0,6.4,151,Moderate,1024.5,26.8
2025-02-09,Ahmedabad,Gujarat,26.1,15.5,20.8,45.3,0.0,15.2,156,Moderate,1019.2,12.8
2025-02-10,Ahmedabad,Gujarat,28.5,14.6,21.5,56.0,0.0,9.4,193,Moderate,1023.0,19.9
2025-02-11,Ahmedabad,Gujarat,27.7,15.9,21.8,47.6,0.0,8.6,184,Moderate,1018.1,23.3
2025-02-12,Ahmedabad,Gujarat,24.6,14.7,19.6,50.8,0.0,9.4,173,Moderate,1023.0,39.5
2025-02-13,Ahmedabad,Gujarat,24.9,12.2,18.5,55.9,0.0,7.9,171,Moderate,1022.3,13.5
2025-02-14,Ahmedabad,Gujarat,22.6,11.1,16.9,44.0,0.0,8.5,158,Moderate,1022.0,8.8
2025-02-15,Ahmedabad,Gujarat,20.9,11.5,16.2,66.9,0.0,8.0,158,Moderate,1021.6,44.2
2025-02-16,Ahmedabad,Gujarat,22.9,9.4,16.2,50.6,0.0,9.9,126,Moderate,1024.9,21.2
2025-02-17,Ahmedabad,Gujarat,23.9,11.8,17.8,52.9,0.0,11.1,167,Moderate,1021.0,12.6
2025-02-18,Ahmedabad,Gujarat,24.8,13.1,19.0,49.4,0.0,7.5,194,Moderate,1024.3,24.7
2025-02-19,Ahmedabad,Gujarat,27.5,14.9,21.2,50.3,0.0,7.1,170,Moderate,1020.7,13.5
2025-02-20,Ahmedabad,Gujarat,29.8,17.4,23.6,45.8,0.0,7.7,161,Moderate,1020.8,13.2
2025-02-21,Ahmedabad,Gujarat,28.3,19.1,23.7,52.1,0.0,7.5,173,Moderate,1021.0,52.9
2025-02-22,Ahmedabad,Gujarat,31.0,15.5,23.3,38.4,0.0,9.9,106,Moderate,1020.8,3.4
2025-02-23,Ahmedabad,Gujarat,31.0,18.3,24.6,42.0,0.0,8.7,143,Moderate,1019.8,0.0
2025-02-24,Ahmedabad,Gujarat,27.9,17.7,22.8,56.1,0.0,7.2,155,Moderate,1024.1,34.8
2025-02-25,Ahmedabad,Gujarat,28.8,15.7,22.2,52.7,0.0,6.4,120,Moderate,1022.1,12.7
2025-02-26,Ahmedabad,Gujarat,25.1,14.6,19.8,50.0,0.0,10.4,149,Moderate,1015.2,24.0
2025-02-27,Ahmedabad,Gujarat,24.3,11.8,18.0,52.6,0.0,7.5,111,Moderate,1020.3,29.6
2025-02-28,Ahmedabad,Gujarat,25.4,12.1,18.7,48.3,0.0,8.0,165,Moderate,1023.4,0.0
2025-03-01,Ahmedabad,Gujarat,25.1,14.0,19.5,56.4,0.0,9.6,149,Moderate,1018.4,35.8
2025-03-02,Ahmedabad,Gujarat,28.3,15.2,21.8,49.2,0.0,9.6,138,Moderate,1019.3,10.7
2025-03-03,Ahmedabad,Gujarat,29.2,19.1,24.1,52.6,0.0,10.9,154,Moderate,1018.6,43.8
2025-03-04,Ahmedabad,Gujarat,29.1,15.2,22.1,46.4,0.0,11.9,137,Moderate,1022.1,7.4
2025-03-05,Ahmedabad,Gujarat,28.3,16.9,22.6,53.6,0.0,7.4,154,Moderate,1016.5,40.2
2025-03-06,Ahmedabad,Gujarat,26.6,15.6,21.1,44.9,0.0,10.4,141,Moderate,1017.1,43.7
2025-03-07,Ahmedabad,Gujarat,26.7,15.6,21.2,48.0,0.0,11.3,112,Moderate,1019.8,12.4
2025-03-08,Ahmedabad,Gujarat,27.2,15.2,21.2,54.8,0.0,11.2,164,Moderate,1019.3,16.6
2025-03-09,Ahmedabad,Gujarat,30.5,18.2,24.3,55.3,0.0,9.1,161,Moderate,1018.6,15.2
2025-03-10,Ahmedabad,Gujarat,32.2,19.7,26.0,58.4,0.0,12.0,134,Moderate,1017.6,40.0
2025-03-11,Ahmedabad,Gujarat,30.3,19.8,25.1,49.7,0.0,16.4,115,Moderate,1016.9,21.9
2025-03-12,Ahmedabad,Gujarat,32.7,21.6,27.1,42.6,0.0,8.6,147,Moderate,1017.5,25.6
2025-03-13,Ahmedabad,Gujarat,32.6,19.2,25.9,44.8,0.0,7.5,159,Moderate,1017.0,17.0
2025-03-14,Ahmedabad,Gujarat,30.9,20.1,25.5,46.0,0.0,9.2,167,Moderate,1016.0,25.9
2025-03-15,Ahmedabad,Gujarat,33.2,22.2,27.7,41.1,0.0,7.9,115,Moderate,1015.6,25.6
2025-03-16,Ahmedabad,Gujarat,31.7,17.2,24.5,42.3,0.0,7.7,149,Moderate,1015.4,9.6
2025-03-17,Ahmedabad,Gujarat,29.6,18.8,24.2,51.0,0.0,14.2,106,Moderate,1015.0,43.1
2025-03-18,Ahmedabad,Gujarat,31.8,18.5,25.1,40.8,0.0,8.1,87,Satisfactory,1017.1,14.9
2025-03-19,Ahmedabad,Gujarat,31.4,19.4,25.4,56.0,0.0,8.0,139,Moderate,1013.2,32.1
2025-03-20,Ahmedabad,Gujarat,33.0,19.4,26.2,46.7,0.0,7.7,152,Moderate,1016.8,0.0
2025-03-21,Ahmedabad,Gujarat,30.4,18.7,24.6,50.8,0.0,9.5,135,Moderate,1015.2,28.0
2025-03-22,Ahmedabad,Gujarat,30.8,18.7,24.7,54.0,0.0,10.2,107,Moderate,1015.3,33.3
2025-03-23,Ahmedabad,Gujarat,29.2,18.2,23.7,52.1,0.0,12.6,111,Moderate,1015.3,22.8
2025-03-24,Ahmedabad,Gujarat,32.7,19.8,26.2,47.2,0.0,7.1,130,Moderate,1015.8,32.8
2025-03-25,Ahmedabad,Gujarat,32.5,20.1,26.3,54.4,0.0,12.5,112,Moderate,1017.6,7.9
2025-03-26,Ahmedabad,Gujarat,32.7,19.9,26.3,45.2,0.0,7.3,138,Moderate,1018.1,24.5
2025-03-27,Ahmedabad,Gujarat,34.5,20.5,27.5,34.4,0.0,7.1,131,Moderate,1016.1,0.0
2025-03-28,Ahmedabad,Gujarat,33.8,22.2,28.0,47.5,0.0,8.4,92,Satisfactory,1013.8,19.2
2025-03-29,Ahmedabad,Gujarat,34.6,21.1,27.9,46.8,0.0,7.2,107,Moderate,1015.1,6.2
2025-03-30,Ahmedabad,Gujarat,33.4,21.0,27.2,45.3,0.0,9.5,88,Satisfactory,1009.5,16.8
2025-03-31,Ahmedabad,Gujarat,31.1,22.0,26.5,58.2,0.0,7.7,106,Moderate,1014.8,37.7
2025-04-01,Ahmedabad,Gujarat,32.8,22.3,27.6,53.1,0.0,11.0,51,Satisfactory,1013.9,42.2
2025-04-02,Ahmedabad,Gujarat,32.4,20.2,26.3,40.0,0.0,10.0,135,Moderate,1010.3,0.8
2025-04-03,Ahmedabad,Gujarat,33.7,22.2,27.9,47.5,0.0,10.2,73,Satisfactory,1011.6,35.3
2025-04-04,Ahmedabad,Gujarat,32.3,21.6,27.0,52.6,0.0,9.3,80,Satisfactory,1013.4,38.2
2025-04-05,Ahmedabad,Gujarat,34.5,21.7,28.1,48.0,0.0,9.2,92,Satisfactory,1013.1,22.6
2025-04-06,Ahmedabad,Gujarat,33.5,23.3,28.4,56.7,0.0,7.6,62,Satisfactory,1014.0,37.1
2025-04-07,Ahmedabad,Gujarat,32.2,21.0,26.6,51.0,0.0,7.8,83,Satisfactory,1015.8,13.5
2025-04-08,Ahmedabad,Gujarat,32.1,20.6,26.4,39.0,0.0,7.9,92,Satisfactory,1012.1,12.4
2025-04-09,Ahmedabad,Gujarat,32.5,18.0,25.3,47.0,0.0,10.8,116,Moderate,1010.2,13.3
2025-04-10,Ahmedabad,Gujarat,32.3,18.0,25.2,45.7,0.0,9.6,84,Satisfactory,1014.0,30.7
2025-04-11,Ahmedabad,Gujarat,33.6,19.4,26.5,55.6,0.0,7.9,75,Satisfactory,1014.4,18.7
2025-04-12,Ahmedabad,Gujarat,34.4,23.1,28.8,39.6,0.0,8.8,55,Satisfactory,1013.6,8.8
2025-04-13,Ahmedabad,Gujarat,36.3,24.8,30.6,44.2,0.0,12.5,115,Moderate,1011.3,8.6
2025-04-14,Ahmedabad,Gujarat,34.7,23.7,29.2,43.0,0.0,6.2,85,Satisfactory,1014.6,19.0
2025-04-15,Ahmedabad,Gujarat,36.2,22.5,29.3,34.1,0.0,8.6,77,Satisfactory,1009.9,7.3
2025-04-16,Ahmedabad,Gujarat,35.5,22.0,28.7,43.0,0.0,9.0,43,Good,1013.6,29.1
2025-04-17,Ahmedabad,Gujarat,35.5,23.7,29.6,49.0,0.0,7.9,86,Satisfactory,1007.7,36.2
2025-04-18,Ahmedabad,Gujarat,36.6,25.2,30.9,51.4,0.0,6.9,62,Satisfactory,1005.0,32.5
2025-04-19,Ahmedabad,Gujarat,35.8,27.5,31.6,56.7,0.0,7.8,104,Moderate,1006.8,59.4
2025-04-20,Ahmedabad,Gujarat,35.8,24.5,30.1,41.2,0.0,7.6,80,Satisfactory,1008.2,25.6
2025-04-21,Ahmedabad,Gujarat,36.7,26.2,31.5,52.4,0.0,9.1,67,Satisfactory,1008.9,43.0
2025-04-22,Ahmedabad,Gujarat,35.1,22.5,28.8,53.4,0.0,7.7,38,Good,1007.6,23.7
2025-04-23,Ahmedabad,Gujarat,36.1,24.4,30.2,48.8,0.0,9.0,60,Satisfactory,1009.1,16.7
2025-04-24,Ahmedabad,Gujarat,38.9,26.6,32.8,43.5,0.0,13.7,43,Good,1009.3,21.0
2025-04-25,Ahmedabad,Gujarat,36.4,24.4,30.4,48.1,2.1,7.4,64,Satisfactory,1009.2,23.4
2025-04-26,Ahmedabad,Gujarat,38.6,26.4,32.5,46.0,12.6,11.6,15,Good,1007.5,18.4
2025-04-27,Ahmedabad,Gujarat,38.7,26.2,32.5,49.6,0.0,8.6,37,Good,1010.0,5.3
2025-04-28,Ahmedabad,Gujarat,37.9,25.0,31.4,52.5,0.0,6.6,50,Good,1006.1,7.7
2025-04-29,Ahmedabad,Gujarat,35.9,25.4,30.7,54.7,0.0,11.4,58,Satisfactory,1007.3,38.1
2025-04-30,Ahmedabad,Gujarat,36.2,26.0,31.1,50.7,0.0,11.3,15,Good,1006.4,34.0
2025-05-01,Ahmedabad,Gujarat,34.9,24.2,29.5,54.8,0.0,7.5,84,Satisfactory,1009.1,48.5
2025-05-02,Ahmedabad,Gujarat,37.0,23.5,30.3,48.3,0.0,10.0,73,Satisfactory,1006.6,18.1
2025-05-03,Ahmedabad,Gujarat,35.5,23.3,29.4,49.7,0.0,8.7,26,Good,1008.3,17.7
2025-05-04,Ahmedabad,Gujarat,32.7,20.2,26.5,47.0,0.0,9.6,99,Satisfactory,1009.8,10.6
2025-05-05,Ahmedabad,Gujarat,35.1,23.9,29.5,63.8,0.0,8.1,52,Satisfactory,1006.1,40.1
2025-05-06,Ahmedabad,Gujarat,35.6,23.2,29.4,44.5,0.0,7.8,44,Good,1003.8,13.3
2025-05-07,Ahmedabad,Gujarat,35.4,22.9,29.2,58.1,0.0,7.6,59,Satisfactory,1006.5,26.0
2025-05-08,Ahmedabad,Gujarat,35.4,24.3,29.9,41.4,0.0,12.6,40,Good,1005.0,30.8
2025-05-09,Ahmedabad,Gujarat,36.9,23.5,30.2,45.4,0.0,7.8,45,Good,1005.0,4.9
2025-05-10,Ahmedabad,Gujarat,38.7,26.4,32.5,50.6,0.0,10.2,15,Good,1000.6,36.7
2025-05-11,Ahmedabad,Gujarat,35.9,24.4,30.1,56.6,0.0,7.9,30,Good,1002.8,42.0
2025-05-12,Ahmedabad,Gujarat,35.8,25.1,30.5,51.5,0.0,17.3,21,Good,1007.4,32.0
2025-05-13,Ahmedabad,Gujarat,34.4,22.3,28.3,61.5,0.0,7.9,55,Satisfactory,1004.3,28.8
2025-05-14,Ahmedabad,Gujarat,32.1,22.2,27.1,55.0,0.0,7.9,67,Satisfactory,1008.7,30.9
2025-05-15,Ahmedabad,Gujarat,34.7,25.3,30.0,53.4,0.0,13.5,15,Good,1004.0,49.8
2025-05-16,Ahmedabad,Gujarat,35.8,24.1,30.0,50.1,0.0,9.1,32,Good,1006.3,31.6
2025-05-17,Ahmedabad,Gujarat,35.7,23.3,29.5,53.2,3.1,7.9,15,Good,1004.7,31.4
2025-05-18,Ahmedabad,Gujarat,35.3,24.7,30.0,57.2,0.0,9.5,51,Satisfactory,1006.2,22.4
2025-05-19,Ahmedabad,Gujarat,34.2,21.2,27.7,55.3,0.0,8.4,22,Good,1004.9,0.0
2025-05-20,Ahmedabad,Gujarat,32.0,22.6,27.3,56.5,0.0,18.9,15,Good,1005.8,50.4
2025-05-21,Ahmedabad,Gujarat,36.1,25.7,30.9,52.5,0.0,7.7,30,Good,1006.7,33.5
2025-05-22,Ahmedabad,Gujarat,36.5,26.4,31.5,48.6,0.0,11.3,15,Good,1004.9,21.7
2025-05-23,Ahmedabad,Gujarat,35.3,26.4,30.8,62.8,0.0,14.0,22,Good,1002.6,64.6
2025-05-24,Ahmedabad,Gujarat,38.2,29.5,33.8,61.9,0.0,11.8,15,Good,999.2,40.2
2025-05-25,Ahmedabad,Gujarat,37.1,25.5,31.3,58.8,0.0,8.9,82,Satisfactory,1003.3,33.4
2025-05-26,Ahmedabad,Gujarat,37.8,27.2,32.5,64.0,0.0,12.9,15,Good,1003.9,50.6
2025-05-27,Ahmedabad,Gujarat,37.1,28.0,32.6,63.6,0.0,10.5,15,Good,1003.2,42.3
2025-05-28,Ahmedabad,Gujarat,37.9,29.4,33.6,56.6,5.1,11.6,29,Good,1000.6,42.2
2025-05-29,Ahmedabad,Gujarat,38.9,28.3,33.6,50.9,5.7,12.2,21,Good,1002.6,29.6
2025-05-30,Ahmedabad,Gujarat,39.8,31.0,35.4,57.5,0.0,8.8,39,Good,1002.9,47.7
2025-05-31,Ahmedabad,Gujarat,41.3,32.5,36.9,64.6,0.0,11.6,15,Good,1003.8,51.0
2025-06-01,Ahmedabad,Gujarat,39.8,29.3,34.5,61.6,0.0,12.2,15,Good,1001.1,31.7
2025-06-02,Ahmedabad,Gujarat,40.4,29.8,35.1,55.2,0.0,10.4,69,Satisfactory,1006.2,14.2
2025-06-03,Ahmedabad,Gujarat,42.1,31.7,36.9,67.5,0.0,9.5,23,Good,1003.5,53.8
2025-06-04,Ahmedabad,Gujarat,39.9,31.6,35.7,64.3,17.3,10.4,15,Good,1001.1,51.0
2025-06-05,Ahmedabad,Gujarat,38.1,28.7,33.4,65.4,0.0,16.3,15,Good,1001.8,56.3
2025-06-06,Ahmedabad,Gujarat,39.4,31.1,35.3,55.9,10.8,11.7,15,Good,1003.4,45.0
2025-06-07,Ahmedabad,Gujarat,38.6,30.3,34.4,74.4,5.8,11.0,15,Good,998.8,59.3
2025-06-08,Ahmedabad,Gujarat,40.0,29.8,34.9,62.9,16.5,9.5,15,Good,998.8,37.3
2025-06-09,Ahmedabad,Gujarat,38.2,29.0,33.6,64.6,9.2,13.8,15,Good,998.1,45.6
2025-06-10,Ahmedabad,Gujarat,41.1,31.4,36.3,62.1,3.9,12.3,15,Good,999.3,32.9
2025-06-11,Ahmedabad,Gujarat,37.9,30.8,34.4,79.4,0.0,10.5,18,Good,998.5,65.9
2025-06-12,Ahmedabad,Gujarat,37.1,28.8,32.9,75.2,23.2,10.3,15,Good,999.8,50.9
2025-06-13,Ahmedabad,Gujarat,37.7,30.1,33.9,69.3,0.0,9.7,30,Good,1000.0,55.2
2025-06-14,Ahmedabad,Gujarat,37.9,29.6,33.8,75.0,9.9,12.7,15,Good,997.2,59.1
2025-06-15,Ahmedabad,Gujarat,37.3,27.0,32.2,79.0,0.0,9.4,15,Good,1003.0,51.6
2025-06-16,Ahmedabad,Gujarat,34.7,27.1,30.9,79.7,0.0,13.0,15,Good,1002.9,68.2
2025-06-17,Ahmedabad,Gujarat,35.9,28.9,32.4,80.7,11.0,9.6,15,Good,999.1,80.0
2025-06-18,Ahmedabad,Gujarat,34.2,26.2,30.2,70.3,0.0,11.4,15,Good,1003.5,72.9
2025-06-19,Ahmedabad,Gujarat,36.5,27.5,32.0,77.9,13.4,14.7,15,Good,1000.6,34.9
2025-06-20,Ahmedabad,Gujarat,33.8,28.0,30.9,74.0,0.0,9.7,15,Good,1002.3,62.2
2025-06-21,Ahmedabad,Gujarat,38.4,30.8,34.6,67.5,10.5,15.8,15,Good,996.2,61.6
2025-06-22,Ahmedabad,Gujarat,34.4,27.3,30.9,75.3,1.7,11.1,15,Good,999.2,80.0
2025-06-23,Ahmedabad,Gujarat,35.9,26.0,30.9,75.2,0.0,11.9,15,Good,1001.0,55.9
2025-06-24,Ahmedabad,Gujarat,31.4,24.3,27.8,83.9,28.8,11.2,15,Good,1000.2,51.8
2025-06-25,Ahmedabad,Gujarat,31.1,23.9,27.5,94.1,0.0,11.4,15,Good,1000.2,79.2
2025-06-26,Ahmedabad,Gujarat,32.2,25.0,28.6,87.2,8.5,11.0,15,Good,999.9,67.5
2025-06-27,Ahmedabad,Gujarat,30.4,23.5,27.0,94.5,7.9,15.0,15,Good,1001.2,60.9
2025-06-28,Ahmedabad,Gujarat,31.0,25.0,28.0,84.8,10.3,14.2,15,Good,1000.3,66.2
2025-06-29,Ahmedabad,Gujarat,32.6,25.2,28.9,82.0,13.0,11.1,15,Good,1002.9,50.4
2025-06-30,Ahmedabad,Gujarat,33.9,26.9,30.4,78.1,0.0,13.6,15,Good,997.3,72.5
2025-07-01,Ahmedabad,Gujarat,33.2,25.2,29.2,84.8,6.1,13.1,15,Good,999.7,67.4
2025-07-02,Ahmedabad,Gujarat,31.7,28.5,30.1,80.0,6.5,12.1,15,Good,1000.7,79.4
2025-07-03,Ahmedabad,Gujarat,35.6,28.5,32.1,80.1,0.3,14.0,15,Good,996.1,68.7
2025-07-04,Ahmedabad,Gujarat,34.2,28.5,31.4,92.0,0.0,12.6,15,Good,998.1,73.2
2025-07-05,Ahmedabad,Gujarat,34.8,28.6,31.7,79.2,7.9,15.1,15,Good,999.0,66.9
2025-07-06,Ahmedabad,Gujarat,35.6,28.8,32.2,80.4,14.2,11.7,15,Good,1001.4,70.1
2025-07-07,Ahmedabad,Gujarat,39.9,30.6,35.2,74.8,7.6,14.9,15,Good,997.8,56.7
2025-07-08,Ahmedabad,Gujarat,38.2,33.7,36.0,94.0,19.1,11.0,15,Good,998.8,87.1
2025-07-09,Ahmedabad,Gujarat,37.1,31.1,34.1,97.2,6.1,13.4,15,Good,999.5,73.8
2025-07-10,Ahmedabad,Gujarat,36.2,29.9,33.1,84.0,0.0,13.2,15,Good,992.6,47.7
2025-07-11,Ahmedabad,Gujarat,35.5,27.7,31.6,92.1,24.1,12.0,15,Good,998.6,54.8
2025-07-12,Ahmedabad,Gujarat,32.1,28.1,30.1,91.4,14.5,14.5,15,Good,998.0,92.9
2025-07-13,Ahmedabad,Gujarat,33.0,25.7,29.3,100.0,22.0,14.8,15,Good,1002.1,78.7
2025-07-14,Ahmedabad,Gujarat,31.7,25.7,28.7,92.3,15.2,12.4,15,Good,1000.6,79.8
2025-07-15,Ahmedabad,Gujarat,32.3,27.0,29.6,98.8,12.4,12.8,15,Good,1000.7,79.9
2025-07-16,Ahmedabad,Gujarat,33.3,28.5,30.9,96.0,15.0,14.2,15,Good,999.7,86.3
2025-07-17,Ahmedabad,Gujarat,31.8,27.3,29.6,90.7,3.8,11.5,15,Good,999.2,100.0
2025-07-18,Ahmedabad,Gujarat,34.5,28.7,31.6,91.4,1.1,12.5,15,Good,1000.1,85.9
2025-07-19,Ahmedabad,Gujarat,33.2,29.1,31.2,96.9,3.4,12.7,15,Good,998.6,84.4
2025-07-20,Ahmedabad,Gujarat,33.0,27.2,30.1,85.2,2.1,13.0,15,Good,1001.5,73.0
2025-07-21,Ahmedabad,Gujarat,33.2,26.3,29.7,93.4,14.8,15.5,15,Good,997.0,59.7
2025-07-22,Ahmedabad,Gujarat,33.3,28.1,30.7,90.3,25.5,15.3,15,Good,1000.9,87.5
2025-07-23,Ahmedabad,Gujarat,33.3,27.1,30.2,100.0,3.7,12.2,15,Good,998.3,89.0
2025-07-24,Ahmedabad,Gujarat,31.7,28.7,30.2,93.0,14.1,13.7,15,Good,1000.5,96.6
2025-07-25,Ahmedabad,Gujarat,33.0,28.0,30.5,100.0,32.4,14.2,15,Good,995.9,100.0
2025-07-26,Ahmedabad,Gujarat,34.8,27.9,31.3,95.8,21.7,14.6,15,Good,999.5,64.2
2025-07-27,Ahmedabad,Gujarat,33.5,28.0,30.8,93.0,16.0,11.9,15,Good,998.8,72.0
2025-07-28,Ahmedabad,Gujarat,32.2,26.6,29.4,98.5,11.7,11.2,15,Good,999.5,90.7
2025-07-29,Ahmedabad,Gujarat,31.0,26.0,28.5,100.0,15.0,19.8,15,Good,996.4,81.6
2025-07-30,Ahmedabad,Gujarat,32.9,29.9,31.4,95.2,0.0,12.3,36,Good,999.3,99.9
2025-07-31,Ahmedabad,Gujarat,34.3,31.3,32.8,89.9,10.1,13.3,15,Good,999.2,75.8
2025-08-01,Ahmedabad,Gujarat,33.1,30.1,31.6,100.0,4.4,14.1,15,Good,995.8,100.0
2025-08-02,Ahmedabad,Gujarat,34.9,29.8,32.4,95.3,6.6,13.2,15,Good,997.0,78.9
2025-08-03,Ahmedabad,Gujarat,31.1,26.8,28.9,98.9,13.9,13.3,15,Good,1000.7,100.0
2025-08-04,Ahmedabad,Gujarat,34.3,25.6,30.0,80.9,23.3,13.9,15,Good,1001.0,45.0
2025-08-05,Ahmedabad,Gujarat,32.4,27.4,29.9,100.0,0.0,12.1,15,Good,1000.2,85.0
2025-08-06,Ahmedabad,Gujarat,30.6,26.3,28.4,88.9,41.9,12.0,15,Good,1000.9,78.9
2025-08-07,Ahmedabad,Gujarat,32.1,24.6,28.3,99.5,1.8,12.1,16,Good,1001.1,48.8
2025-08-08,Ahmedabad,Gujarat,34.2,28.4,31.3,85.5,4.9,14.1,19,Good,999.2,75.5
2025-08-09,Ahmedabad,Gujarat,34.6,25.7,30.2,82.6,0.0,14.6,15,Good,1000.4,58.5
2025-08-10,Ahmedabad,Gujarat,33.2,26.1,29.7,92.0,17.7,11.7,15,Good,998.3,68.2
2025-08-11,Ahmedabad,Gujarat,32.5,28.3,30.4,94.4,6.3,11.8,15,Good,999.9,78.6
2025-08-12,Ahmedabad,Gujarat,35.1,29.0,32.0,83.4,0.0,14.2,30,Good,1000.6,70.9
2025-08-13,Ahmedabad,Gujarat,34.3,27.6,31.0,98.5,9.3,14.8,25,Good,1003.6,77.5
2025-08-14,Ahmedabad,Gujarat,34.6,28.3,31.5,90.0,7.9,15.2,15,Good,1001.0,73.6
2025-08-15,Ahmedabad,Gujarat,34.6,31.6,33.1,91.2,4.5,11.7,50,Satisfactory,1005.0,100.0
2025-08-16,Ahmedabad,Gujarat,35.5,28.4,31.9,88.9,0.0,13.7,15,Good,1005.3,73.2
2025-08-17,Ahmedabad,Gujarat,33.8,26.9,30.3,93.3,13.0,17.5,15,Good,1002.2,71.3
2025-08-18,Ahmedabad,Gujarat,32.3,26.2,29.3,96.4,10.0,11.7,15,Good,1001.7,75.4
2025-08-19,Ahmedabad,Gujarat,31.9,25.9,28.9,87.6,17.2,14.2,15,Good,1007.3,68.4
2025-08-20,Ahmedabad,Gujarat,34.7,25.2,30.0,73.7,0.0,12.7,48,Good,1004.2,45.1
2025-08-21,Ahmedabad,Gujarat,33.1,28.5,30.8,79.3,0.0,19.7,35,Good,1003.5,75.5
2025-08-22,Ahmedabad,Gujarat,31.2,26.9,29.1,81.1,0.0,10.0,57,Satisfactory,1001.9,84.0
2025-08-23,Ahmedabad,Gujarat,33.5,28.5,31.0,83.3,0.0,12.8,39,Good,1002.1,85.6
2025-08-24,Ahmedabad,Gujarat,34.7,27.7,31.2,83.1,7.1,15.8,50,Satisfactory,1001.1,72.4
2025-08-25,Ahmedabad,Gujarat,34.6,28.2,31.4,80.0,6.2,10.6,15,Good,1006.2,57.9
2025-08-26,Ahmedabad,Gujarat,34.2,27.4,30.8,86.0,0.0,13.7,55,Satisfactory,1004.6,64.7
2025-08-27,Ahmedabad,Gujarat,33.0,27.5,30.3,74.3,3.2,11.1,41,Good,1003.4,85.4
2025-08-28,Ahmedabad,Gujarat,34.7,26.3,30.5,77.4,0.0,9.7,47,Good,1003.2,56.1
2025-08-29,Ahmedabad,Gujarat,36.2,27.4,31.8,74.8,0.0,10.9,15,Good,1002.0,40.7
2025-08-30,Ahmedabad,Gujarat,34.3,28.7,31.5,68.4,12.8,10.3,40,Good,1004.2,87.6
2025-08-31,Ahmedabad,Gujarat,33.9,25.6,29.8,75.5,21.2,14.3,41,Good,1005.3,42.4
2025-09-01,Ahmedabad,Gujarat,33.7,23.0,28.4,85.5,0.0,18.9,15,Good,1001.0,34.5
2025-09-02,Ahmedabad,Gujarat,31.8,23.3,27.5,81.5,9.7,10.7,56,Satisfactory,1004.1,60.4
2025-09-03,Ahmedabad,Gujarat,30.5,22.0,26.2,79.8,9.3,10.5,15,Good,1005.3,61.4
2025-09-04,Ahmedabad,Gujarat,31.0,23.8,27.4,75.2,4.3,9.1,19,Good,1008.7,60.4
2025-09-05,Ahmedabad,Gujarat,32.4,25.2,28.8,76.9,10.7,13.6,32,Good,1005.2,64.5
2025-09-06,Ahmedabad,Gujarat,32.7,23.4,28.1,80.1,1.9,15.5,74,Satisfactory,1003.2,49.4
2025-09-07,Ahmedabad,Gujarat,30.7,22.4,26.6,71.2,6.8,12.3,41,Good,1005.2,49.5
2025-09-08,Ahmedabad,Gujarat,31.4,22.9,27.2,76.3,0.0,10.1,68,Satisfactory,1010.9,42.2
2025-09-09,Ahmedabad,Gujarat,32.8,23.7,28.3,73.1,0.0,11.5,35,Good,1006.6,50.5
2025-09-10,Ahmedabad,Gujarat,31.5,24.3,27.9,79.7,0.0,13.1,49,Good,1005.6,55.4
2025-09-11,Ahmedabad,Gujarat,33.8,25.7,29.7,75.7,0.0,10.5,60,Satisfactory,1004.0,58.5
2025-09-12,Ahmedabad,Gujarat,34.6,23.5,29.0,65.5,0.0,12.1,94,Satisfactory,1007.9,32.7
2025-09-13,Ahmedabad,Gujarat,35.5,24.7,30.1,62.4,0.0,10.0,49,Good,1008.0,26.2
2025-09-14,Ahmedabad,Gujarat,34.9,27.2,31.0,65.2,11.6,8.7,45,Good,1008.6,54.6
2025-09-15,Ahmedabad,Gujarat,34.5,23.9,29.2,68.2,19.7,12.5,68,Satisfactory,1013.9,35.0
2025-09-16,Ahmedabad,Gujarat,35.5,25.4,30.4,57.2,0.0,10.7,63,Satisfactory,1005.8,27.0
2025-09-17,Ahmedabad,Gujarat,36.8,24.3,30.6,57.2,5.6,11.0,67,Satisfactory,1007.7,13.9
2025-09-18,Ahmedabad,Gujarat,33.7,24.7,29.2,66.2,0.0,12.8,76,Satisfactory,1009.7,59.5
2025-09-19,Ahmedabad,Gujarat,34.0,24.7,29.3,56.2,8.6,8.8,56,Satisfactory,1008.4,42.7
2025-09-20,Ahmedabad,Gujarat,33.3,24.5,28.9,64.5,0.0,9.3,33,Good,1005.4,45.9
2025-09-21,Ahmedabad,Gujarat,31.4,22.6,27.0,56.5,0.0,14.3,91,Satisfactory,1011.4,44.7
2025-09-22,Ahmedabad,Gujarat,34.8,22.2,28.5,59.2,0.0,10.6,81,Satisfactory,1008.9,39.9
2025-09-23,Ahmedabad,Gujarat,36.0,27.9,31.9,60.4,0.0,12.2,48,Good,1007.2,33.7
2025-09-24,Ahmedabad,Gujarat,35.0,26.2,30.6,58.4,0.0,10.0,100,Moderate,1008.2,33.1
2025-09-25,Ahmedabad,Gujarat,32.8,20.4,26.6,58.4,0.0,11.2,126,Moderate,1014.4,22.1
2025-09-26,Ahmedabad,Gujarat,33.2,20.1,26.7,50.3,0.0,11.3,109,Moderate,1014.1,10.3
2025-09-27,Ahmedabad,Gujarat,30.8,22.1,26.5,71.8,3.2,8.7,134,Moderate,1009.6,65.8
2025-09-28,Ahmedabad,Gujarat,31.2,22.6,26.9,54.4,0.0,17.6,43,Good,1008.4,34.0
2025-09-29,Ahmedabad,Gujarat,32.5,20.8,26.6,60.6,0.0,10.3,96,Satisfactory,1013.9,26.8
2025-09-30,Ahmedabad,Gujarat,32.1,21.5,26.8,61.8,0.0,7.6,107,Moderate,1016.4,21.0
2025-10-01,Ahmedabad,Gujarat,32.0,22.2,27.1,52.6,7.8,7.7,91,Satisfactory,1017.1,46.0
2025-10-02,Ahmedabad,Gujarat,31.1,20.0,25.6,56.3,4.3,8.7,88,Satisfactory,1010.2,33.7
2025-10-03,Ahmedabad,Gujarat,33.7,21.3,27.5,50.6,0.0,7.3,40,Good,1015.4,17.8
2025-10-04,Ahmedabad,Gujarat,35.4,24.6,30.0,53.5,0.0,13.0,129,Moderate,1012.2,23.6
2025-10-05,Ahmedabad,Gujarat,36.1,23.9,30.0,48.9,0.0,8.4,70,Satisfactory,1008.5,31.6
2025-10-06,Ahmedabad,Gujarat,35.5,23.1,29.3,45.8,0.0,7.7,128,Moderate,1011.0,21.7
2025-10-07,Ahmedabad,Gujarat,34.4,24.8,29.6,54.4,0.0,10.1,104,Moderate,1011.3,37.8
2025-10-08,Ahmedabad,Gujarat,34.2,25.4,29.8,55.4,0.0,10.7,103,Moderate,1014.0,55.5
2025-10-09,Ahmedabad,Gujarat,33.9,22.9,28.4,50.4,0.0,8.6,107,Moderate,1010.8,20.2
2025-10-10,Ahmedabad,Gujarat,34.0,22.4,28.2,55.9,0.0,10.7,112,Moderate,1015.7,21.8
2025-10-11,Ahmedabad,Gujarat,34.7,21.8,28.3,41.2,0.0,11.3,121,Moderate,1014.9,13.6
2025-10-12,Ahmedabad,Gujarat,35.0,25.1,30.0,49.0,10.1,8.4,128,Moderate,1015.7,21.6
2025-10-13,Ahmedabad,Gujarat,35.4,24.1,29.7,41.8,0.0,7.4,118,Moderate,1012.6,0.0
2025-10-14,Ahmedabad,Gujarat,35.2,25.4,30.3,52.7,0.0,8.2,94,Satisfactory,1014.8,38.1
2025-10-15,Ahmedabad,Gujarat,36.3,22.0,29.1,42.8,0.0,8.7,93,Satisfactory,1012.4,4.3
2025-10-16,Ahmedabad,Gujarat,35.5,22.8,29.1,41.2,0.0,9.1,144,Moderate,1016.0,11.3
2025-10-17,Ahmedabad,Gujarat,37.0,23.7,30.4,50.4,5.1,11.2,106,Moderate,1014.0,22.7
2025-10-18,Ahmedabad,Gujarat,33.8,23.5,28.6,67.6,0.0,8.7,103,Moderate,1014.8,41.5
2025-10-19,Ahmedabad,Gujarat,32.7,21.0,26.9,47.7,0.0,7.7,113,Moderate,1015.7,10.9
2025-10-20,Ahmedabad,Gujarat,33.1,22.8,27.9,45.4,0.0,8.0,128,Moderate,1012.2,19.3
2025-10-21,Ahmedabad,Gujarat,32.3,21.6,27.0,47.5,0.0,9.4,100,Satisfactory,1018.5,26.3
2025-10-22,Ahmedabad,Gujarat,30.2,18.5,24.4,54.9,0.0,9.6,128,Moderate,1017.2,14.0
2025-10-23,Ahmedabad,Gujarat,29.2,19.8,24.5,47.2,0.0,14.0,147,Moderate,1019.5,21.3
2025-10-24,Ahmedabad,Gujarat,30.0,17.5,23.7,54.1,0.0,8.4,132,Moderate,1019.7,0.9
2025-10-25,Ahmedabad,Gujarat,30.1,18.7,24.4,41.9,0.0,7.6,100,Satisfactory,1015.8,15.1
2025-10-26,Ahmedabad,Gujarat,28.4,17.8,23.1,57.5,0.0,6.5,162,Moderate,1017.5,40.3
2025-10-27,Ahmedabad,Gujarat,27.7,16.8,22.2,59.1,0.0,6.7,168,Moderate,1015.3,34.7
2025-10-28,Ahmedabad,Gujarat,28.6,16.0,22.3,55.5,0.0,9.9,163,Moderate,1021.0,16.8
2025-10-29,Ahmedabad,Gujarat,28.6,17.4,23.0,52.6,0.0,7.8,145,Moderate,1019.1,8.2
2025-10-30,Ahmedabad,Gujarat,27.9,17.0,22.4,53.3,0.0,11.9,186,Moderate,1019.2,19.5
2025-10-31,Ahmedabad,Gujarat,27.4,13.3,20.3,55.6,0.0,6.6,166,Moderate,1019.0,3.0
2025-11-01,Ahmedabad,Gujarat,28.2,16.4,22.3,46.9,0.0,7.9,214,Poor,1017.2,19.3
2025-11-02,Ahmedabad,Gujarat,31.0,17.7,24.4,46.1,0.0,10.8,172,Moderate,1021.2,14.9
2025-11-03,Ahmedabad,Gujarat,29.5,17.2,23.3,47.9,0.0,12.4,166,Moderate,1023.1,14.8
2025-11-04,Ahmedabad,Gujarat,29.3,17.0,23.2,58.3,0.0,10.1,133,Moderate,1021.9,19.0
2025-11-05,Ahmedabad,Gujarat,30.6,18.5,24.6,54.0,0.0,11.1,124,Moderate,1018.7,27.5
2025-11-06,Ahmedabad,Gujarat,32.1,19.5,25.8,49.0,0.0,7.4,159,Moderate,1019.6,4.5
2025-11-07,Ahmedabad,Gujarat,33.4,22.8,28.1,48.8,0.0,8.2,151,Moderate,1020.5,30.9
2025-11-08,Ahmedabad,Gujarat,32.2,21.8,27.0,55.1,0.0,12.6,133,Moderate,1018.9,33.7
2025-11-09,Ahmedabad,Gujarat,31.7,21.7,26.7,46.8,0.0,7.3,158,Moderate,1022.8,48.8
2025-11-10,Ahmedabad,Gujarat,32.6,20.2,26.4,46.8,0.0,8.7,154,Moderate,1021.7,22.2
2025-11-11,Ahmedabad,Gujarat,32.2,21.8,27.0,50.8,0.0,10.3,141,Moderate,1024.7,38.2
2025-11-12,Ahmedabad,Gujarat,33.0,20.6,26.8,48.1,0.0,12.1,166,Moderate,1019.7,31.2
2025-11-13,Ahmedabad,Gujarat,35.7,21.8,28.8,44.6,0.0,8.5,146,Moderate,1014.0,18.9
2025-11-14,Ahmedabad,Gujarat,33.7,21.1,27.4,45.8,0.0,8.0,164,Moderate,1019.5,0.0
2025-11-15,Ahmedabad,Gujarat,32.5,19.9,26.2,51.7,0.0,9.6,135,Moderate,1019.1,30.0
2025-11-16,Ahmedabad,Gujarat,30.3,18.3,24.3,56.1,0.0,14.1,153,Moderate,1020.8,21.9
2025-11-17,Ahmedabad,Gujarat,29.4,18.6,24.0,44.7,0.0,9.5,169,Moderate,1024.2,43.6
2025-11-18,Ahmedabad,Gujarat,30.0,18.6,24.3,59.0,0.0,9.6,144,Moderate,1019.6,28.7
2025-11-19,Ahmedabad,Gujarat,30.6,18.2,24.4,49.2,0.0,8.4,171,Moderate,1019.1,32.9
2025-11-20,Ahmedabad,Gujarat,28.8,15.7,22.2,55.8,0.0,7.3,171,Moderate,1020.2,11.2
2025-11-21,Ahmedabad,Gujarat,29.1,17.5,23.3,48.7,0.0,8.1,162,Moderate,1025.6,22.0
2025-11-22,Ahmedabad,Gujarat,30.8,17.7,24.2,47.1,0.0,8.4,163,Moderate,1020.2,0.0
2025-11-23,Ahmedabad,Gujarat,29.8,19.3,24.5,45.2,0.0,8.0,184,Moderate,1021.7,25.4
2025-11-24,Ahmedabad,Gujarat,26.5,16.2,21.3,49.3,0.0,8.6,175,Moderate,1025.8,36.5
2025-11-25,Ahmedabad,Gujarat,26.3,14.3,20.3,59.7,0.0,9.7,193,Moderate,1023.8,39.5
2025-11-26,Ahmedabad,Gujarat,27.3,13.7,20.5,37.9,0.0,7.6,156,Moderate,1018.0,14.8
2025-11-27,Ahmedabad,Gujarat,26.2,13.3,19.7,42.4,0.0,10.9,167,Moderate,1021.9,0.0
2025-11-28,Ahmedabad,Gujarat,24.1,12.6,18.4,56.3,0.0,9.5,162,Moderate,1022.0,13.4
2025-11-29,Ahmedabad,Gujarat,25.9,12.8,19.3,50.9,0.0,8.8,179,Moderate,1019.6,19.1
2025-11-30,Ahmedabad,Gujarat,27.2,15.0,21.1,48.5,0.0,8.3,186,Moderate,1021.8,24.8
2025-12-01,Ahmedabad,Gujarat,27.8,16.3,22.0,54.3,0.0,7.2,158,Moderate,1017.1,0.0
2025-12-02,Ahmedabad,Gujarat,30.0,14.8,22.4,59.5,0.0,9.7,191,Moderate,1023.2,16.7
2025-12-03,Ahmedabad,Gujarat,28.1,14.9,21.5,48.0,0.0,16.5,209,Poor,1022.9,4.1
2025-12-04,Ahmedabad,Gujarat,26.5,14.0,20.2,63.1,0.0,12.1,177,Moderate,1021.8,39.6
2025-12-05,Ahmedabad,Gujarat,27.5,13.8,20.7,55.3,0.0,10.1,160,Moderate,1019.6,0.0
2025-12-06,Ahmedabad,Gujarat,25.5,15.4,20.5,55.1,0.0,12.7,167,Moderate,1026.1,33.2
2025-12-07,Ahmedabad,Gujarat,25.3,12.8,19.1,50.2,0.0,7.7,180,Moderate,1022.7,17.6
2025-12-08,Ahmedabad,Gujarat,26.5,14.5,20.5,48.3,0.0,7.5,174,Moderate,1025.6,0.0
2025-12-09,Ahmedabad,Gujarat,24.8,14.4,19.6,50.7,0.0,8.6,202,Poor,1023.5,42.9
2025-12-10,Ahmedabad,Gujarat,25.4,15.6,20.5,59.0,0.0,8.7,146,Moderate,1026.5,37.7
2025-12-11,Ahmedabad,Gujarat,27.2,16.4,21.8,53.0,0.0,11.7,185,Moderate,1024.4,35.5
2025-12-12,Ahmedabad,Gujarat,28.9,16.5,22.7,50.6,0.0,10.8,210,Poor,1023.3,18.7
2025-12-13,Ahmedabad,Gujarat,28.0,14.8,21.4,49.3,0.0,6.4,221,Poor,1021.8,8.7
2025-12-14,Ahmedabad,Gujarat,26.0,15.3,20.6,47.7,0.0,10.9,205,Poor,1026.3,19.4
2025-12-15,Ahmedabad,Gujarat,26.5,15.5,21.0,53.0,0.0,8.3,175,Moderate,1023.3,25.9
2025-12-16,Ahmedabad,Gujarat,23.9,13.3,18.6,45.1,0.0,9.4,220,Poor,1022.8,12.1
2025-12-17,Ahmedabad,Gujarat,25.1,11.5,18.3,48.7,0.0,8.5,198,Moderate,1024.2,7.8
2025-12-18,Ahmedabad,Gujarat,24.2,12.4,18.3,49.7,0.0,7.6,224,Poor,1024.4,26.7
2025-12-19,Ahmedabad,Gujarat,24.0,13.3,18.6,49.7,0.0,9.3,213,Poor,1026.2,22.2
2025-12-20,Ahmedabad,Gujarat,23.7,11.1,17.4,46.1,0.0,7.5,201,Poor,1021.1,33.2
2025-12-21,Ahmedabad,Gujarat,23.9,12.8,18.4,56.2,5.2,8.3,182,Moderate,1029.4,40.9
2025-12-22,Ahmedabad,Gujarat,25.7,14.4,20.0,57.3,0.0,7.3,247,Poor,1025.1,30.5
2025-12-23,Ahmedabad,Gujarat,24.6,11.9,18.3,51.1,0.0,7.0,157,Moderate,1024.7,3.5
2025-12-24,Ahmedabad,Gujarat,23.6,12.1,17.9,59.5,0.0,16.2,168,Moderate,1025.7,19.6
2025-12-25,Ahmedabad,Gujarat,22.5,11.6,17.0,51.3,0.0,7.8,163,Moderate,1022.0,25.7
2025-12-26,Ahmedabad,Gujarat,25.5,12.9,19.2,53.0,0.0,8.3,196,Moderate,1024.7,30.3
2025-12-27,Ahmedabad,Gujarat,24.4,12.8,18.6,60.7,0.0,12.1,191,Moderate,1026.0,31.3
2025-12-28,Ahmedabad,Gujarat,24.6,13.5,19.1,52.4,0.0,8.9,178,Moderate,1024.0,18.2
2025-12-29,Ahmedabad,Gujarat,26.2,12.3,19.3,52.3,0.0,7.3,184,Moderate,1025.5,11.9
2025-12-30,Ahmedabad,Gujarat,24.8,13.7,19.2,66.5,0.0,7.3,167,Moderate,1026.1,32.9
2025-12-31,Ahmedabad,Gujarat,24.2,13.3,18.7,53.2,0.0,7.2,206,Poor,1023.2,24.4
2024-01-01,Jaipur,Rajasthan,22.8,10.7,16.7,54.2,0.0,13.2,175,Moderate,1024.5,24.7
2024-01-02,Jaipur,Rajasthan,21.0,9.4,15.2,45.3,0.0,7.0,172,Moderate,1029.3,21.9
2024-01-03,Jaipur,Rajasthan,23.1,10.7,16.9,49.0,0.0,13.3,212,Poor,1023.0,16.4
2024-01-04,Jaipur,Rajasthan,22.4,10.9,16.6,52.4,0.0,7.9,186,Moderate,1023.6,24.7
2024-01-05,Jaipur,Rajasthan,21.3,7.8,14.5,60.5,0.0,8.0,212,Poor,1025.5,10.8
2024-01-06,Jaipur,Rajasthan,18.7,6.1,12.4,55.6,0.0,6.7,229,Poor,1026.6,17.7
2024-01-07,Jaipur,Rajasthan,20.2,8.7,14.4,51.7,0.0,9.2,174,Moderate,1025.7,24.1
2024-01-08,Jaipur,Rajasthan,20.0,8.4,14.2,59.4,0.0,7.1,197,Moderate,1025.2,40.9
2024-01-09,Jaipur,Rajasthan,21.9,8.0,14.9,60.0,0.0,9.8,189,Moderate,1026.1,10.4
2024-01-10,Jaipur,Rajasthan,21.6,9.5,15.5,41.2,0.0,8.4,240,Poor,1026.1,6.2
2024-01-11,Jaipur,Rajasthan,24.1,12.9,18.5,56.3,0.0,9.1,217,Poor,1023.9,20.8
2024-01-12,Jaipur,Rajasthan,25.0,11.5,18.2,57.4,0.0,10.2,163,Moderate,1027.7,33.9
2024-01-13,Jaipur,Rajasthan,22.0,10.0,16.0,55.6,0.0,14.6,161,Moderate,1025.5,29.7
2024-01-14,Jaipur,Rajasthan,23.7,9.8,16.8,51.6,0.0,8.6,180,Moderate,1023.9,18.1
2024-01-15,Jaipur,Rajasthan,23.1,11.1,17.1,63.7,0.0,9.8,168,Moderate,1026.8,34.8
2024-01-16,Jaipur,Rajasthan,20.6,6.6,13.6,55.1,0.0,9.4,180,Moderate,1021.2,0.0
2024-01-17,Jaipur,Rajasthan,19.6,10.6,15.1,52.5,0.0,9.1,176,Moderate,1022.5,33.0
2024-01-18,Jaipur,Rajasthan,20.0,8.8,14.4,54.3,0.0,6.8,194,Moderate,1024.5,14.9
2024-01-19,Jaipur,Rajasthan,23.3,11.0,17.2,60.9,0.0,7.4,188,Moderate,1021.7,26.4
2024-01-20,Jaipur,Rajasthan,22.0,11.6,16.8,58.9,0.0,6.9,217,Poor,1025.7,32.0
2024-01-21,Jaipur,Rajasthan,23.5,11.5,17.5,54.4,0.0,12.7,159,Moderate,1025.4,20.2
2024-01-22,Jaipur,Rajasthan,23.5,10.4,16.9,46.6,0.0,12.8,138,Moderate,1027.2,18.8
2024-01-23,Jaipur,Rajasthan,24.6,11.8,18.2,62.2,0.0,10.2,170,Moderate,1022.4,11.6
2024-01-24,Jaipur,Rajasthan,24.2,13.1,18.7,60.2,0.0,11.1,165,Moderate,1024.5,40.5
2024-01-25,Jaipur,Rajasthan,23.0,9.8,16.4,63.4,0.0,6.9,221,Poor,1026.5,23.0
2024-01-26,Jaipur,Rajasthan,22.6,9.1,15.8,56.1,0.0,9.8,199,Moderate,1024.4,21.7
2024-01-27,Jaipur,Rajasthan,22.1,11.4,16.8,57.7,0.0,7.6,214,Poor,1025.7,39.1
2024-01-28,Jaipur,Rajasthan,25.0,10.9,17.9,47.3,0.0,7.1,207,Poor,1023.1,10.3
2024-01-29,Jaipur,Rajasthan,23.6,12.1,17.9,56.3,0.0,11.1,131,Moderate,1025.9,13.9
2024-01-30,Jaipur,Rajasthan,24.0,12.4,18.2,62.3,0.0,9.8,158,Moderate,1021.6,30.4
2024-01-31,Jaipur,Rajasthan,26.7,15.4,21.1,60.0,2.1,7.0,149,Moderate,1019.1,40.4
2024-02-01,Jaipur,Rajasthan,24.9,12.8,18.9,62.7,0.0,12.3,204,Poor,1022.0,17.5
2024-02-02,Jaipur,Rajasthan,23.9,12.2,18.1,53.8,0.0,8.5,197,Moderate,1022.7,22.8
2024-02-03,Jaipur,Rajasthan,24.6,12.3,18.5,44.8,0.0,10.3,181,Moderate,1023.6,0.0
2024-02-04,Jaipur,Rajasthan,23.8,12.8,18.3,57.0,0.0,7.8,166,Moderate,1023.6,35.3
2024-02-05,Jaipur,Rajasthan,25.9,14.1,20.0,51.0,0.0,9.2,163,Moderate,1020.7,1.2
2024-02-06,Jaipur,Rajasthan,26.7,13.9,20.3,47.1,0.0,10.5,150,Moderate,1019.9,8.6
2024-02-07,Jaipur,Rajasthan,26.2,14.0,20.1,50.6,0.0,7.0,191,Moderate,1025.1,19.0
2024-02-08,Jaipur,Rajasthan,25.9,12.2,19.1,50.3,0.0,13.5,162,Moderate,1021.8,7.9
2024-02-09,Jaipur,Rajasthan,25.4,13.1,19.2,49.8,0.0,10.2,182,Moderate,1021.0,0.0
2024-02-10,Jaipur,Rajasthan,26.6,12.8,19.7,47.6,0.0,9.4,177,Moderate,1022.4,0.0
2024-02-11,Jaipur,Rajasthan,27.3,14.5,20.9,50.9,0.0,6.3,193,Moderate,1019.3,17.4
2024-02-12,Jaipur,Rajasthan,22.5,11.8,17.2,60.7,0.0,8.6,179,Moderate,1020.8,39.3
2024-02-13,Jaipur,Rajasthan,22.8,11.6,17.2,61.1,0.0,11.2,184,Moderate,1023.7,38.2
2024-02-14,Jaipur,Rajasthan,24.0,11.8,17.9,51.0,0.0,6.4,188,Moderate,1019.8,23.3
2024-02-15,Jaipur,Rajasthan,23.6,14.1,18.8,42.8,0.0,12.8,142,Moderate,1018.8,19.7
2024-02-16,Jaipur,Rajasthan,26.5,15.8,21.1,46.7,0.0,6.7,179,Moderate,1020.0,27.3
2024-02-17,Jaipur,Rajasthan,29.7,16.4,23.1,54.1,0.0,9.2,167,Moderate,1020.5,33.6
2024-02-18,Jaipur,Rajasthan,28.2,15.2,21.7,45.7,0.0,13.8,143,Moderate,1023.0,17.6
2024-02-19,Jaipur,Rajasthan,27.5,15.9,21.7,50.8,0.0,9.5,157,Moderate,1020.9,18.1
2024-02-20,Jaipur,Rajasthan,28.3,15.7,22.0,49.1,0.0,10.7,175,Moderate,1021.0,18.7
2024-02-21,Jaipur,Rajasthan,27.9,15.8,21.9,52.3,0.0,11.1,163,Moderate,1017.8,30.1
2024-02-22,Jaipur,Rajasthan,28.9,13.9,21.4,48.1,0.0,9.9,173,Moderate,1020.3,0.0
2024-02-23,Jaipur,Rajasthan,27.2,15.3,21.2,55.5,0.0,7.3,159,Moderate,1017.6,16.8
2024-02-24,Jaipur,Rajasthan,26.3,15.0,20.7,51.1,0.0,8.2,180,Moderate,1021.7,22.5
2024-02-25,Jaipur,Rajasthan,28.2,15.2,21.7,40.3,0.0,7.3,172,Moderate,1019.7,0.0
2024-02-26,Jaipur,Rajasthan,25.2,14.4,19.8,55.2,0.0,13.2,121,Moderate,1019.7,30.5
2024-02-27,Jaipur,Rajasthan,23.9,13.4,18.6,58.7,0.0,8.2,142,Moderate,1021.1,33.4
2024-02-28,Jaipur,Rajasthan,23.3,9.6,16.5,38.1,0.0,11.5,122,Moderate,1019.5,0.0
2024-02-29,Jaipur,Rajasthan,24.2,12.0,18.1,47.4,0.0,10.3,118,Moderate,1019.0,13.0
2024-03-01,Jaipur,Rajasthan,25.6,13.1,19.3,50.2,0.0,9.1,203,Poor,1017.5,12.8
2024-03-02,Jaipur,Rajasthan,27.5,12.6,20.1,45.5,0.0,7.3,184,Moderate,1022.7,5.4
2024-03-03,Jaipur,Rajasthan,25.9,13.9,19.9,49.2,0.0,7.5,170,Moderate,1018.6,7.5
2024-03-04,Jaipur,Rajasthan,28.4,15.3,21.8,44.4,0.0,7.7,153,Moderate,1017.7,9.6
2024-03-05,Jaipur,Rajasthan,27.9,17.3,22.6,55.0,0.0,6.9,132,Moderate,1019.4,25.1
2024-03-06,Jaipur,Rajasthan,29.5,17.4,23.4,51.9,0.0,15.1,97,Satisfactory,1017.6,33.6
2024-03-07,Jaipur,Rajasthan,29.5,16.6,23.1,40.8,0.0,10.1,128,Moderate,1012.9,24.2
2024-03-08,Jaipur,Rajasthan,28.3,15.9,22.1,49.8,0.0,9.1,118,Moderate,1021.7,4.3
2024-03-09,Jaipur,Rajasthan,29.2,18.3,23.8,53.9,0.0,6.5,155,Moderate,1016.1,27.3
2024-03-10,Jaipur,Rajasthan,29.9,17.5,23.7,49.3,0.0,8.4,136,Moderate,1015.3,24.8
2024-03-11,Jaipur,Rajasthan,27.2,14.0,20.6,37.2,0.0,8.5,149,Moderate,1017.4,0.0
2024-03-12,Jaipur,Rajasthan,25.4,13.1,19.2,59.9,0.0,8.9,133,Moderate,1016.9,36.5
2024-03-13,Jaipur,Rajasthan,25.9,15.1,20.5,45.8,0.0,9.0,89,Satisfactory,1016.4,20.4
2024-03-14,Jaipur,Rajasthan,26.5,13.4,19.9,49.8,0.0,10.0,118,Moderate,1017.7,21.4
2024-03-15,Jaipur,Rajasthan,28.0,12.3,20.1,43.9,0.0,6.9,137,Moderate,1013.5,0.0
2024-03-16,Jaipur,Rajasthan,27.1,16.1,21.6,47.4,0.0,7.9,131,Moderate,1018.1,40.8
2024-03-17,Jaipur,Rajasthan,27.6,16.4,22.0,50.4,0.0,9.8,106,Moderate,1018.3,22.8
2024-03-18,Jaipur,Rajasthan,29.6,18.8,24.2,50.8,0.0,9.8,105,Moderate,1012.3,27.7
2024-03-19,Jaipur,Rajasthan,30.9,17.6,24.3,44.3,0.0,9.2,102,Moderate,1016.4,0.0
2024-03-20,Jaipur,Rajasthan,27.7,15.3,21.5,50.4,0.0,10.9,74,Satisfactory,1014.4,25.8
2024-03-21,Jaipur,Rajasthan,26.4,16.3,21.4,48.0,0.0,8.2,115,Moderate,1015.1,26.3
2024-03-22,Jaipur,Rajasthan,27.5,15.5,21.5,56.8,0.0,8.7,130,Moderate,1016.5,16.7
2024-03-23,Jaipur,Rajasthan,29.1,15.5,22.3,46.3,0.0,10.9,95,Satisfactory,1017.1,0.5
2024-03-24,Jaipur,Rajasthan,29.7,15.9,22.8,44.0,0.0,7.0,87,Satisfactory,1015.8,17.5
2024-03-25,Jaipur,Rajasthan,26.9,12.1,19.5,51.1,0.0,13.4,118,Moderate,1013.1,7.1
2024-03-26,Jaipur,Rajasthan,26.2,13.6,19.9,51.2,0.0,10.5,132,Moderate,1015.7,10.6
2024-03-27,Jaipur,Rajasthan,26.7,16.8,21.8,56.6,0.0,7.7,97,Satisfactory,1015.9,35.6
2024-03-28,Jaipur,Rajasthan,28.1,16.0,22.0,49.9,0.0,11.0,76,Satisfactory,1013.1,20.6
2024-03-29,Jaipur,Rajasthan,29.5,17.1,23.3,45.3,0.0,7.1,102,Moderate,1012.5,17.6
2024-03-30,Jaipur,Rajasthan,31.7,17.1,24.4,37.4,0.0,12.7,96,Satisfactory,1013.6,1.8
2024-03-31,Jaipur,Rajasthan,31.1,19.2,25.2,44.4,0.0,6.5,94,Satisfactory,1014.5,17.3
2024-04-01,Jaipur,Rajasthan,30.4,19.1,24.8,38.9,0.0,6.9,67,Satisfactory,1012.2,16.2
2024-04-02,Jaipur,Rajasthan,31.6,18.5,25.0,45.9,0.0,7.5,119,Moderate,1013.5,4.6
2024-04-03,Jaipur,Rajasthan,30.6,19.8,25.2,42.7,0.0,7.6,102,Moderate,1010.3,33.5
2024-04-04,Jaipur,Rajasthan,28.0,17.3,22.6,51.1,0.0,9.4,124,Moderate,1013.9,34.6
2024-04-05,Jaipur,Rajasthan,27.4,15.5,21.5,52.1,0.0,10.8,85,Satisfactory,1009.9,10.1
2024-04-06,Jaipur,Rajasthan,24.3,14.0,19.2,53.0,0.0,6.7,126,Moderate,1014.7,28.0
2024-04-07,Jaipur,Rajasthan,27.5,13.4,20.4,46.8,0.0,13.0,71,Satisfactory,1015.3,0.0
2024-04-08,Jaipur,Rajasthan,28.6,16.6,22.6,53.3,0.0,9.9,69,Satisfactory,1012.4,25.3
2024-04-09,Jaipur,Rajasthan,27.6,17.2,22.4,55.4,0.0,15.1,56,Satisfactory,1013.8,32.1
2024-04-10,Jaipur,Rajasthan,28.9,15.0,21.9,52.7,0.0,8.7,122,Moderate,1013.1,5.9
2024-04-11,Jaipur,Rajasthan,28.8,18.7,23.8,52.3,0.0,13.5,64,Satisfactory,1009.2,20.9
2024-04-12,Jaipur,Rajasthan,28.6,17.2,22.9,52.5,0.0,15.6,95,Satisfactory,1009.7,23.2
2024-04-13,Jaipur,Rajasthan,28.2,18.9,23.6,48.9,0.0,7.7,70,Satisfactory,1011.0,61.7
2024-04-14,Jaipur,Rajasthan,27.3,16.9,22.1,60.4,0.0,7.5,48,Good,1011.7,58.5
2024-04-15,Jaipur,Rajasthan,28.7,17.7,23.2,59.7,0.0,8.3,90,Satisfactory,1009.9,26.4
2024-04-16,Jaipur,Rajasthan,29.2,15.6,22.4,52.5,0.0,8.2,60,Satisfactory,1009.1,13.4
2024-04-17,Jaipur,Rajasthan,28.5,17.6,23.1,56.4,0.0,9.5,75,Satisfactory,1005.5,25.9
2024-04-18,Jaipur,Rajasthan,31.2,19.6,25.4,49.1,0.0,8.2,75,Satisfactory,1013.7,37.1
2024-04-19,Jaipur,Rajasthan,30.6,15.5,23.1,45.8,0.0,11.2,65,Satisfactory,1014.3,0.0
2024-04-20,Jaipur,Rajasthan,32.2,19.8,26.0,46.9,0.0,10.3,98,Satisfactory,1008.2,0.0
2024-04-21,Jaipur,Rajasthan,32.8,19.7,26.2,47.4,0.0,7.7,73,Satisfactory,1006.8,5.7
2024-04-22,Jaipur,Rajasthan,32.1,20.5,26.3,55.1,0.0,8.8,65,Satisfactory,1012.4,32.6
2024-04-23,Jaipur,Rajasthan,29.6,19.9,24.7,47.3,0.0,11.5,47,Good,1005.5,34.7
2024-04-24,Jaipur,Rajasthan,32.9,21.1,27.0,46.1,0.0,9.9,69,Satisfactory,1011.0,28.4
2024-04-25,Jaipur,Rajasthan,30.2,20.1,25.1,47.5,0.0,10.6,63,Satisfactory,1010.6,39.1
2024-04-26,Jaipur,Rajasthan,31.2,20.2,25.7,51.0,0.0,7.7,51,Satisfactory,1008.3,21.1
2024-04-27,Jaipur,Rajasthan,31.6,20.1,25.8,48.6,2.3,9.2,73,Satisfactory,1011.6,20.1
2024-04-28,Jaipur,Rajasthan,33.3,22.5,27.9,49.0,0.0,7.4,53,Satisfactory,1006.8,28.4
2024-04-29,Jaipur,Rajasthan,34.1,23.3,28.7,50.2,0.0,9.5,63,Satisfactory,1009.4,46.8
2024-04-30,Jaipur,Rajasthan,32.6,21.4,27.0,47.2,0.0,8.9,22,Good,1007.5,30.1
2024-05-01,Jaipur,Rajasthan,33.8,19.8,26.8,50.3,0.0,9.7,67,Satisfactory,1005.5,23.5
2024-05-02,Jaipur,Rajasthan,32.6,22.0,27.3,57.2,1.9,7.8,33,Good,1011.7,30.6
2024-05-03,Jaipur,Rajasthan,34.1,23.5,28.8,61.7,0.0,10.3,58,Satisfactory,1005.6,44.4
2024-05-04,Jaipur,Rajasthan,37.3,25.5,31.4,54.2,0.0,11.9,66,Satisfactory,1005.3,18.3
2024-05-05,Jaipur,Rajasthan,36.0,25.3,30.7,44.7,0.0,6.9,58,Satisfactory,1007.8,18.0
2024-05-06,Jaipur,Rajasthan,38.3,24.8,31.6,40.6,0.0,7.4,72,Satisfactory,1008.2,17.6
2024-05-07,Jaipur,Rajasthan,36.5,25.7,31.1,55.7,0.0,8.1,19,Good,1003.1,36.4
2024-05-08,Jaipur,Rajasthan,36.4,25.1,30.7,53.4,0.0,8.8,38,Good,1008.6,14.8
2024-05-09,Jaipur,Rajasthan,35.3,24.3,29.8,54.7,0.0,8.4,26,Good,1005.8,35.7
2024-05-10,Jaipur,Rajasthan,35.3,21.7,28.5,47.6,0.0,7.7,26,Good,1005.8,7.5
2024-05-11,Jaipur,Rajasthan,32.7,22.3,27.5,49.6,0.0,10.0,15,Good,1005.8,25.6
2024-05-12,Jaipur,Rajasthan,33.8,22.6,28.2,56.2,0.0,9.9,34,Good,1005.7,28.6
2024-05-13,Jaipur,Rajasthan,34.2,23.8,29.0,61.5,0.0,8.6,55,Satisfactory,1002.3,54.6
2024-05-14,Jaipur,Rajasthan,30.6,20.6,25.6,61.0,0.0,10.5,56,Satisfactory,1007.0,45.7
2024-05-15,Jaipur,Rajasthan,30.8,19.2,25.0,51.0,0.0,9.3,15,Good,1006.6,28.2
2024-05-16,Jaipur,Rajasthan,30.2,19.3,24.8,51.7,0.0,14.7,15,Good,1005.3,26.7
2024-05-17,Jaipur,Rajasthan,31.1,21.3,26.2,55.0,0.0,7.7,16,Good,1005.9,24.3
2024-05-18,Jaipur,Rajasthan,35.4,23.8,29.6,56.8,3.9,8.4,15,Good,1004.0,16.7
2024-05-19,Jaipur,Rajasthan,37.8,29.2,33.5,61.7,0.0,9.3,19,Good,1003.0,53.3
2024-05-20,Jaipur,Rajasthan,39.5,28.1,33.8,48.1,0.0,12.7,16,Good,1003.8,20.7
2024-05-21,Jaipur,Rajasthan,36.0,27.7,31.8,50.9,0.0,11.8,15,Good,1002.9,57.3
2024-05-22,Jaipur,Rajasthan,35.3,24.8,30.1,63.9,0.0,11.1,15,Good,1002.1,36.3
2024-05-23,Jaipur,Rajasthan,35.0,24.9,29.9,63.6,0.0,8.2,46,Good,1005.1,34.7
2024-05-24,Jaipur,Rajasthan,35.4,24.5,30.0,59.1,0.0,9.0,25,Good,1001.2,37.9
2024-05-25,Jaipur,Rajasthan,36.7,27.0,31.8,58.8,0.0,9.9,27,Good,1004.8,53.2
2024-05-26,Jaipur,Rajasthan,35.9,25.9,30.9,54.5,0.0,12.5,20,Good,1002.1,25.6
2024-05-27,Jaipur,Rajasthan,36.9,26.1,31.5,65.0,0.0,10.1,29,Good,1004.2,45.2
2024-05-28,Jaipur,Rajasthan,36.7,27.4,32.1,61.5,8.5,11.7,15,Good,1005.1,38.0
2024-05-29,Jaipur,Rajasthan,38.6,30.1,34.3,56.8,0.0,11.4,15,Good,1001.3,43.7
2024-05-30,Jaipur,Rajasthan,38.3,27.2,32.8,70.2,0.0,11.9,41,Good,1003.4,37.0
2024-05-31,Jaipur,Rajasthan,36.1,26.7,31.4,52.9,0.0,9.4,28,Good,1003.2,36.6
2024-06-01,Jaipur,Rajasthan,35.3,26.2,30.7,61.6,0.0,12.5,15,Good,1002.3,50.2
2024-06-02,Jaipur,Rajasthan,33.4,23.9,28.6,58.5,0.0,11.9,15,Good,1003.6,25.7
2024-06-03,Jaipur,Rajasthan,32.5,25.0,28.7,71.1,0.0,15.4,40,Good,1001.7,65.4
2024-06-04,Jaipur,Rajasthan,36.9,27.8,32.3,69.9,9.2,10.1,15,Good,1004.4,46.2
2024-06-05,Jaipur,Rajasthan,36.6,27.2,31.9,67.5,0.0,11.3,15,Good,1001.2,38.2
2024-06-06,Jaipur,Rajasthan,38.4,30.1,34.3,65.5,0.0,9.2,15,Good,998.8,50.6
2024-06-07,Jaipur,Rajasthan,40.4,30.5,35.5,54.7,7.3,9.0,15,Good,998.9,36.0
2024-06-08,Jaipur,Rajasthan,38.6,28.7,33.7,70.9,0.0,16.5,15,Good,1001.9,48.9
2024-06-09,Jaipur,Rajasthan,37.2,29.4,33.3,61.5,0.0,12.1,15,Good,998.3,50.1
2024-06-10,Jaipur,Rajasthan,36.3,31.3,33.8,69.2,0.0,9.2,58,Satisfactory,1003.6,67.3
2024-06-11,Jaipur,Rajasthan,41.8,32.1,36.9,65.9,0.0,12.6,15,Good,1001.4,52.6
2024-06-12,Jaipur,Rajasthan,38.7,29.7,34.2,61.2,0.0,10.7,15,Good,997.0,35.7
2024-06-13,Jaipur,Rajasthan,38.4,31.0,34.7,66.6,4.2,12.9,15,Good,1000.7,60.2
2024-06-14,Jaipur,Rajasthan,37.8,30.7,34.3,76.8,10.1,13.7,15,Good,997.3,63.4
2024-06-15,Jaipur,Rajasthan,38.5,30.0,34.2,73.4,3.8,12.4,15,Good,997.4,31.8
2024-06-16,Jaipur,Rajasthan,36.3,27.5,31.9,69.9,11.0,11.3,15,Good,998.7,40.1
2024-06-17,Jaipur,Rajasthan,35.2,29.5,32.4,71.6,0.0,11.9,15,Good,997.9,85.6
2024-06-18,Jaipur,Rajasthan,36.6,28.0,32.3,75.6,15.5,13.4,15,Good,1000.7,53.9
2024-06-19,Jaipur,Rajasthan,36.3,28.8,32.5,71.4,2.8,13.9,15,Good,999.6,55.0
2024-06-20,Jaipur,Rajasthan,36.3,31.1,33.7,77.3,4.7,10.8,15,Good,999.5,59.1
2024-06-21,Jaipur,Rajasthan,34.4,27.7,31.1,78.3,0.0,10.3,58,Satisfactory,999.3,53.2
2024-06-22,Jaipur,Rajasthan,35.7,25.5,30.6,65.1,3.3,10.6,15,Good,998.3,38.6
2024-06-23,Jaipur,Rajasthan,34.0,26.5,30.3,75.6,0.0,11.9,15,Good,998.3,48.8
2024-06-24,Jaipur,Rajasthan,36.4,28.0,32.2,81.2,0.0,14.2,15,Good,1000.9,55.3
2024-06-25,Jaipur,Rajasthan,36.8,29.9,33.4,77.8,0.0,12.2,15,Good,997.6,57.5
2024-06-26,Jaipur,Rajasthan,38.5,29.8,34.2,72.1,13.2,10.8,15,Good,1000.7,54.2
2024-06-27,Jaipur,Rajasthan,38.4,29.9,34.1,79.4,0.0,13.2,15,Good,996.6,45.0
2024-06-28,Jaipur,Rajasthan,38.1,32.1,35.1,70.5,14.5,12.6,15,Good,997.6,58.4
2024-06-29,Jaipur,Rajasthan,38.8,34.1,36.5,84.7,26.5,14.8,15,Good,997.7,81.8
2024-06-30,Jaipur,Rajasthan,37.0,31.1,34.1,78.1,0.0,11.3,15,Good,1000.0,59.0
2024-07-01,Jaipur,Rajasthan,38.5,30.7,34.6,84.7,11.3,13.7,15,Good,999.4,66.4
2024-07-02,Jaipur,Rajasthan,35.4,31.5,33.5,88.0,2.4,13.5,15,Good,998.3,90.6
2024-07-03,Jaipur,Rajasthan,38.2,31.5,34.9,84.4,0.0,14.3,15,Good,997.4,60.6
2024-07-04,Jaipur,Rajasthan,38.4,34.1,36.2,96.9,0.0,15.5,15,Good,995.0,100.0
2024-07-05,Jaipur,Rajasthan,36.4,30.8,33.6,92.6,0.0,10.9,15,Good,997.1,84.9
2024-07-06,Jaipur,Rajasthan,35.5,29.9,32.7,91.4,0.0,12.1,15,Good,1002.2,74.7
2024-07-07,Jaipur,Rajasthan,32.6,27.9,30.3,92.6,8.5,13.0,15,Good,996.4,72.2
2024-07-08,Jaipur,Rajasthan,33.3,29.9,31.6,85.3,7.2,12.2,15,Good,996.8,94.3
2024-07-09,Jaipur,Rajasthan,37.0,31.3,34.2,86.3,24.7,13.7,15,Good,994.4,64.8
2024-07-10,Jaipur,Rajasthan,35.6,31.9,33.8,88.8,6.7,13.1,15,Good,995.8,69.3
2024-07-11,Jaipur,Rajasthan,35.1,30.4,32.7,97.9,2.8,11.6,41,Good,995.2,98.9
2024-07-12,Jaipur,Rajasthan,37.5,30.7,34.1,87.8,10.3,14.9,15,Good,994.7,70.8
2024-07-13,Jaipur,Rajasthan,33.2,28.1,30.6,94.9,21.7,11.9,15,Good,998.8,72.0
2024-07-14,Jaipur,Rajasthan,34.9,27.3,31.1,85.8,0.0,13.9,15,Good,999.5,69.4
2024-07-15,Jaipur,Rajasthan,36.1,28.6,32.3,95.9,9.0,11.9,15,Good,998.4,51.2
2024-07-16,Jaipur,Rajasthan,34.8,29.3,32.0,98.3,17.7,13.9,15,Good,995.7,93.0
2024-07-17,Jaipur,Rajasthan,36.2,29.7,33.0,87.1,5.0,13.3,15,Good,994.2,77.9
2024-07-18,Jaipur,Rajasthan,36.6,32.1,34.3,100.0,13.2,13.6,15,Good,993.1,92.8
2024-07-19,Jaipur,Rajasthan,38.5,34.6,36.5,82.9,1.1,14.1,15,Good,994.2,74.4
2024-07-20,Jaipur,Rajasthan,40.0,33.7,36.8,87.6,17.1,15.8,15,Good,994.5,70.8
2024-07-21,Jaipur,Rajasthan,40.0,33.1,36.6,87.7,27.4,12.8,15,Good,995.7,67.6
2024-07-22,Jaipur,Rajasthan,39.2,34.8,37.0,88.9,0.0,11.8,15,Good,997.1,86.3
2024-07-23,Jaipur,Rajasthan,37.3,30.8,34.1,88.4,23.8,13.2,15,Good,996.7,67.2
2024-07-24,Jaipur,Rajasthan,35.5,30.3,32.9,94.0,19.9,15.9,15,Good,1001.0,84.5
2024-07-25,Jaipur,Rajasthan,34.5,29.9,32.2,87.7,0.0,11.2,18,Good,1002.7,80.0
2024-07-26,Jaipur,Rajasthan,34.2,27.8,31.0,92.1,20.7,11.8,15,Good,998.3,65.5
2024-07-27,Jaipur,Rajasthan,33.6,28.1,30.8,92.6,0.0,13.3,15,Good,994.8,73.7
2024-07-28,Jaipur,Rajasthan,31.8,26.0,28.9,100.0,0.0,16.2,15,Good,998.2,81.1
2024-07-29,Jaipur,Rajasthan,34.3,29.0,31.6,99.4,28.1,12.6,15,Good,998.1,74.7
2024-07-30,Jaipur,Rajasthan,32.6,29.2,30.9,94.3,0.0,13.2,15,Good,1000.3,100.0
2024-07-31,Jaipur,Rajasthan,32.5,28.8,30.7,93.3,7.7,12.4,15,Good,996.4,82.3
2024-08-01,Jaipur,Rajasthan,34.3,26.3,30.3,89.2,0.0,12.7,15,Good,996.0,76.1
2024-08-02,Jaipur,Rajasthan,32.1,26.5,29.3,91.4,12.2,15.0,15,Good,1000.2,74.0
2024-08-03,Jaipur,Rajasthan,32.8,28.0,30.4,96.1,0.0,15.5,44,Good,998.4,74.8
2024-08-04,Jaipur,Rajasthan,33.8,26.8,30.3,89.8,18.6,15.2,15,Good,998.5,69.0
2024-08-05,Jaipur,Rajasthan,34.2,27.3,30.8,86.3,1.7,14.7,29,Good,997.9,65.2
2024-08-06,Jaipur,Rajasthan,32.6,26.7,29.7,96.8,0.0,11.7,20,Good,999.2,85.2
2024-08-07,Jaipur,Rajasthan,30.4,25.4,27.9,88.0,18.9,18.0,15,Good,1001.1,98.9
2024-08-08,Jaipur,Rajasthan,31.6,24.2,27.9,89.1,51.3,17.5,15,Good,996.0,70.4
2024-08-09,Jaipur,Rajasthan,31.9,27.3,29.6,98.6,0.0,12.9,15,Good,1000.5,81.1
2024-08-10,Jaipur,Rajasthan,33.7,26.8,30.2,94.3,0.0,15.6,36,Good,1001.8,64.7
2024-08-11,Jaipur,Rajasthan,33.5,28.9,31.2,94.7,7.7,10.7,32,Good,1001.2,74.1
2024-08-12,Jaipur,Rajasthan,34.3,27.0,30.7,77.5,2.3,15.8,15,Good,1004.9,53.9
2024-08-13,Jaipur,Rajasthan,35.2,27.2,31.2,77.8,9.1,13.3,24,Good,999.8,59.2
2024-08-14,Jaipur,Rajasthan,38.0,31.4,34.7,77.6,11.3,11.4,26,Good,999.7,55.8
2024-08-15,Jaipur,Rajasthan,40.3,31.1,35.7,80.9,0.0,15.8,15,Good,1002.3,64.8
2024-08-16,Jaipur,Rajasthan,38.1,30.1,34.1,74.7,15.6,10.5,22,Good,1000.5,50.5
2024-08-17,Jaipur,Rajasthan,35.9,28.7,32.3,67.6,19.2,14.4,15,Good,1004.1,35.8
2024-08-18,Jaipur,Rajasthan,34.0,25.1,29.6,85.0,8.5,15.5,16,Good,1003.7,48.7
2024-08-19,Jaipur,Rajasthan,34.7,25.4,30.0,86.6,35.0,16.1,15,Good,1002.4,64.2
2024-08-20,Jaipur,Rajasthan,32.7,27.1,29.9,77.4,2.1,10.1,32,Good,1002.3,54.8
2024-08-21,Jaipur,Rajasthan,37.7,29.1,33.4,80.7,8.5,10.4,15,Good,1001.0,54.7
2024-08-22,Jaipur,Rajasthan,33.8,27.8,30.8,85.9,8.1,10.4,46,Good,1002.4,67.1
2024-08-23,Jaipur,Rajasthan,34.3,26.1,30.2,65.7,4.8,13.7,65,Satisfactory,1001.1,51.3
2024-08-24,Jaipur,Rajasthan,33.1,26.8,29.9,82.5,0.0,16.7,15,Good,1004.4,60.8
2024-08-25,Jaipur,Rajasthan,31.7,25.5,28.6,86.2,0.0,12.9,31,Good,1007.5,91.7
2024-08-26,Jaipur,Rajasthan,30.8,23.2,27.0,66.8,0.0,11.1,22,Good,1000.7,56.4
2024-08-27,Jaipur,Rajasthan,31.0,21.9,26.5,84.6,0.0,15.9,38,Good,1007.0,58.2
2024-08-28,Jaipur,Rajasthan,30.0,23.7,26.9,80.6,6.5,16.0,30,Good,1005.2,65.1
2024-08-29,Jaipur,Rajasthan,33.5,24.9,29.2,65.6,0.0,16.7,29,Good,1006.4,45.9
2024-08-30,Jaipur,Rajasthan,29.2,23.0,26.1,78.2,3.2,10.2,29,Good,1004.2,49.9
2024-08-31,Jaipur,Rajasthan,29.8,19.1,24.5,79.2,4.9,9.8,32,Good,1005.7,56.9
2024-09-01,Jaipur,Rajasthan,33.6,23.6,28.6,77.4,17.9,9.4,17,Good,1007.6,57.4
2024-09-02,Jaipur,Rajasthan,32.9,21.5,27.2,62.0,0.0,9.6,15,Good,1005.6,41.5
2024-09-03,Jaipur,Rajasthan,32.3,22.9,27.6,73.6,0.0,9.1,80,Satisfactory,1007.5,61.1
2024-09-04,Jaipur,Rajasthan,34.4,27.8,31.1,69.3,14.1,13.7,45,Good,1003.9,71.8
2024-09-05,Jaipur,Rajasthan,41.7,30.8,36.2,57.4,0.0,12.0,77,Satisfactory,1003.4,19.3
2024-09-06,Jaipur,Rajasthan,38.7,29.7,34.2,57.8,0.0,23.7,15,Good,1005.6,51.8
2024-09-07,Jaipur,Rajasthan,38.6,29.0,33.8,58.8,12.8,11.0,54,Satisfactory,1005.8,44.3
2024-09-08,Jaipur,Rajasthan,38.4,29.9,34.2,70.3,14.8,11.1,23,Good,1006.7,40.2
2024-09-09,Jaipur,Rajasthan,38.2,30.3,34.2,69.5,3.3,13.9,34,Good,1004.6,47.9
2024-09-10,Jaipur,Rajasthan,35.2,28.5,31.9,73.1,9.8,10.1,97,Satisfactory,1006.2,63.1
2024-09-11,Jaipur,Rajasthan,34.7,26.0,30.3,72.7,0.0,9.3,56,Satisfactory,1008.7,47.3
2024-09-12,Jaipur,Rajasthan,34.7,26.4,30.6,57.2,0.0,11.3,82,Satisfactory,1009.8,56.1
2024-09-13,Jaipur,Rajasthan,34.9,25.7,30.3,62.7,13.2,10.4,59,Satisfactory,1005.6,41.3
2024-09-14,Jaipur,Rajasthan,33.5,23.9,28.7,66.1,0.0,11.1,34,Good,1010.3,47.0
2024-09-15,Jaipur,Rajasthan,34.2,25.3,29.8,58.5,0.0,15.5,52,Satisfactory,1006.3,32.8
2024-09-16,Jaipur,Rajasthan,31.9,23.0,27.4,54.3,0.0,9.2,81,Satisfactory,1009.1,41.4
2024-09-17,Jaipur,Rajasthan,31.1,21.7,26.4,67.3,3.1,9.2,87,Satisfactory,1009.8,36.8
2024-09-18,Jaipur,Rajasthan,32.5,21.8,27.2,65.8,0.0,12.3,28,Good,1008.2,40.8
2024-09-19,Jaipur,Rajasthan,32.7,20.8,26.7,53.9,0.0,9.1,57,Satisfactory,1009.2,15.6
2024-09-20,Jaipur,Rajasthan,32.6,21.0,26.8,62.1,12.2,21.0,44,Good,1006.2,22.2
2024-09-21,Jaipur,Rajasthan,30.8,22.7,26.7,65.1,0.0,9.7,59,Satisfactory,1011.4,53.7
2024-09-22,Jaipur,Rajasthan,31.1,22.2,26.6,67.7,0.0,10.8,105,Moderate,1009.7,55.9
2024-09-23,Jaipur,Rajasthan,30.9,19.7,25.3,50.9,15.4,13.0,59,Satisfactory,1010.7,12.1
2024-09-24,Jaipur,Rajasthan,31.9,21.6,26.8,58.3,0.0,10.2,94,Satisfactory,1009.5,26.8
2024-09-25,Jaipur,Rajasthan,33.1,21.4,27.2,56.9,0.0,9.6,115,Moderate,1012.1,23.3
2024-09-26,Jaipur,Rajasthan,34.1,24.3,29.2,55.2,0.0,12.4,54,Satisfactory,1010.7,35.4
2024-09-27,Jaipur,Rajasthan,33.2,22.5,27.8,42.6,0.0,8.5,102,Moderate,1008.6,30.8
2024-09-28,Jaipur,Rajasthan,32.5,22.7,27.6,58.9,0.0,10.4,92,Satisfactory,1011.0,40.9
2024-09-29,Jaipur,Rajasthan,32.8,21.8,27.3,52.8,0.0,8.1,100,Moderate,1009.4,12.0
2024-09-30,Jaipur,Rajasthan,36.1,25.9,31.0,48.3,0.0,11.9,83,Satisfactory,1010.7,32.9
2024-10-01,Jaipur,Rajasthan,38.5,27.5,33.0,51.5,12.2,9.2,89,Satisfactory,1011.6,21.5
2024-10-02,Jaipur,Rajasthan,38.1,26.5,32.3,48.8,0.0,10.3,31,Good,1011.1,15.7
2024-10-03,Jaipur,Rajasthan,34.6,25.6,30.1,54.7,0.0,12.9,118,Moderate,1012.4,32.9
2024-10-04,Jaipur,Rajasthan,34.1,23.4,28.8,49.4,0.0,8.0,75,Satisfactory,1014.2,23.5
2024-10-05,Jaipur,Rajasthan,35.8,23.5,29.6,42.0,0.0,10.6,139,Moderate,1010.4,24.4
2024-10-06,Jaipur,Rajasthan,33.0,22.6,27.8,47.8,0.0,11.7,78,Satisfactory,1011.8,45.1
2024-10-07,Jaipur,Rajasthan,34.3,23.4,28.9,54.4,0.0,11.2,80,Satisfactory,1009.0,26.2
2024-10-08,Jaipur,Rajasthan,29.8,21.6,25.7,53.7,0.0,8.9,118,Moderate,1012.9,53.9
2024-10-09,Jaipur,Rajasthan,34.0,20.7,27.4,41.8,0.0,7.3,121,Moderate,1012.2,0.0
2024-10-10,Jaipur,Rajasthan,34.3,21.8,28.1,54.6,0.0,12.8,112,Moderate,1014.7,24.1
2024-10-11,Jaipur,Rajasthan,34.0,19.9,26.9,36.9,0.0,7.3,126,Moderate,1014.8,8.9
2024-10-12,Jaipur,Rajasthan,31.3,19.4,25.4,41.2,0.0,7.1,117,Moderate,1017.5,11.9
2024-10-13,Jaipur,Rajasthan,29.5,18.4,24.0,55.0,7.0,9.1,102,Moderate,1014.1,16.2
2024-10-14,Jaipur,Rajasthan,30.7,19.5,25.1,55.0,0.0,8.0,134,Moderate,1015.7,37.1
2024-10-15,Jaipur,Rajasthan,31.4,19.0,25.2,40.2,0.0,10.0,102,Moderate,1016.6,18.1
2024-10-16,Jaipur,Rajasthan,32.7,19.8,26.3,44.4,0.0,11.1,119,Moderate,1019.6,6.8
2024-10-17,Jaipur,Rajasthan,31.2,20.7,25.9,53.1,0.0,8.6,87,Satisfactory,1016.1,31.8
2024-10-18,Jaipur,Rajasthan,33.1,21.4,27.2,39.6,0.0,16.8,110,Moderate,1014.9,4.9
2024-10-19,Jaipur,Rajasthan,32.9,21.9,27.4,46.3,0.0,7.7,132,Moderate,1015.4,44.4
2024-10-20,Jaipur,Rajasthan,29.2,15.4,22.3,40.2,0.0,6.8,133,Moderate,1017.7,5.6
2024-10-21,Jaipur,Rajasthan,27.6,16.0,21.8,56.2,2.2,8.9,165,Moderate,1019.8,19.6
2024-10-22,Jaipur,Rajasthan,30.9,19.2,25.1,60.9,0.0,9.1,164,Moderate,1015.5,48.3
2024-10-23,Jaipur,Rajasthan,30.3,17.9,24.1,53.2,0.0,10.3,149,Moderate,1015.3,17.1
2024-10-24,Jaipur,Rajasthan,29.2,17.9,23.5,58.2,0.0,8.2,156,Moderate,1022.3,27.6
2024-10-25,Jaipur,Rajasthan,27.5,16.7,22.1,57.9,4.1,6.9,139,Moderate,1015.4,20.7
2024-10-26,Jaipur,Rajasthan,28.2,18.0,23.1,43.2,0.0,9.1,143,Moderate,1019.2,21.4
2024-10-27,Jaipur,Rajasthan,30.5,18.2,24.4,52.0,0.0,9.8,146,Moderate,1018.1,8.9
2024-10-28,Jaipur,Rajasthan,27.7,15.8,21.8,53.6,0.0,9.2,152,Moderate,1018.8,28.0
2024-10-29,Jaipur,Rajasthan,29.9,16.9,23.4,63.6,0.0,9.8,141,Moderate,1015.4,39.0
2024-10-30,Jaipur,Rajasthan,30.6,17.1,23.9,62.0,0.0,9.5,153,Moderate,1023.3,0.0
2024-10-31,Jaipur,Rajasthan,30.3,16.7,23.5,45.8,0.0,9.2,145,Moderate,1018.5,6.9
2024-11-01,Jaipur,Rajasthan,29.8,18.1,23.9,45.9,0.0,7.9,158,Moderate,1017.1,11.7
2024-11-02,Jaipur,Rajasthan,30.7,17.5,24.1,44.2,0.0,7.8,170,Moderate,1015.6,6.7
2024-11-03,Jaipur,Rajasthan,30.9,19.3,25.1,50.2,0.0,14.1,121,Moderate,1014.1,27.3
2024-11-04,Jaipur,Rajasthan,32.6,20.7,26.7,45.7,0.0,7.3,157,Moderate,1019.2,8.7
2024-11-05,Jaipur,Rajasthan,34.6,21.0,27.8,58.7,0.0,14.2,139,Moderate,1015.9,17.4
2024-11-06,Jaipur,Rajasthan,32.9,22.2,27.6,50.7,0.0,7.6,134,Moderate,1017.3,37.1
2024-11-07,Jaipur,Rajasthan,35.0,20.4,27.7,39.5,0.0,12.8,174,Moderate,1016.7,0.0
2024-11-08,Jaipur,Rajasthan,34.0,21.9,27.9,45.9,0.0,11.0,132,Moderate,1019.1,20.1
2024-11-09,Jaipur,Rajasthan,33.4,21.3,27.4,40.8,0.0,10.2,185,Moderate,1019.0,14.1
2024-11-10,Jaipur,Rajasthan,31.5,19.9,25.7,37.9,0.0,6.2,135,Moderate,1020.4,15.0
2024-11-11,Jaipur,Rajasthan,30.6,17.8,24.2,44.4,0.0,7.8,129,Moderate,1021.0,4.7
2024-11-12,Jaipur,Rajasthan,30.0,16.0,23.0,59.4,0.0,9.3,152,Moderate,1018.4,12.7
2024-11-13,Jaipur,Rajasthan,26.4,15.2,20.8,55.2,0.0,11.2,164,Moderate,1017.9,19.1
2024-11-14,Jaipur,Rajasthan,28.6,15.6,22.1,46.6,0.0,8.6,172,Moderate,1020.1,15.7
2024-11-15,Jaipur,Rajasthan,24.6,13.5,19.1,56.1,0.0,6.9,197,Moderate,1022.3,29.7
2024-11-16,Jaipur,Rajasthan,27.2,13.4,20.3,60.2,0.0,8.8,148,Moderate,1021.3,3.7
2024-11-17,Jaipur,Rajasthan,26.9,13.2,20.1,48.0,0.0,9.7,184,Moderate,1017.5,0.0
2024-11-18,Jaipur,Rajasthan,26.9,14.7,20.8,42.0,0.0,8.3,132,Moderate,1021.3,0.0
2024-11-19,Jaipur,Rajasthan,27.0,14.7,20.9,51.2,0.0,13.6,135,Moderate,1019.2,20.3
2024-11-20,Jaipur,Rajasthan,30.3,16.5,23.4,53.6,0.0,8.9,163,Moderate,1020.7,27.3
2024-11-21,Jaipur,Rajasthan,31.5,17.7,24.6,45.6,0.0,11.4,140,Moderate,1022.3,0.0
2024-11-22,Jaipur,Rajasthan,28.5,14.1,21.3,53.3,0.0,7.7,186,Moderate,1016.5,0.1
2024-11-23,Jaipur,Rajasthan,25.3,14.7,20.0,57.3,0.0,10.5,154,Moderate,1024.9,44.8
2024-11-24,Jaipur,Rajasthan,24.2,12.5,18.3,44.6,0.0,7.5,199,Moderate,1020.4,37.2
2024-11-25,Jaipur,Rajasthan,22.9,12.8,17.8,59.3,0.0,10.6,189,Moderate,1024.7,38.2
2024-11-26,Jaipur,Rajasthan,25.0,13.2,19.1,54.8,0.0,8.3,162,Moderate,1024.1,23.5
2024-11-27,Jaipur,Rajasthan,25.8,13.4,19.6,55.0,0.0,6.9,174,Moderate,1021.8,28.1
2024-11-28,Jaipur,Rajasthan,25.4,13.3,19.3,46.3,0.0,8.0,177,Moderate,1023.4,14.3
2024-11-29,Jaipur,Rajasthan,25.3,10.8,18.1,58.3,0.0,7.3,212,Poor,1021.6,0.0
2024-11-30,Jaipur,Rajasthan,24.1,11.6,17.9,43.0,0.0,8.1,160,Moderate,1019.7,0.0
2024-12-01,Jaipur,Rajasthan,22.4,10.2,16.3,49.1,0.0,6.9,133,Moderate,1025.9,19.9
2024-12-02,Jaipur,Rajasthan,21.9,11.0,16.5,55.5,0.0,6.7,177,Moderate,1022.3,32.6
2024-12-03,Jaipur,Rajasthan,26.2,11.2,18.7,57.9,0.0,7.2,165,Moderate,1026.7,15.9
2024-12-04,Jaipur,Rajasthan,24.8,13.6,19.2,60.1,0.0,6.4,155,Moderate,1024.8,26.4
2024-12-05,Jaipur,Rajasthan,25.9,13.1,19.5,54.0,0.0,11.9,174,Moderate,1021.3,16.4
2024-12-06,Jaipur,Rajasthan,20.6,10.8,15.7,59.8,0.0,8.7,158,Moderate,1025.3,24.1
2024-12-07,Jaipur,Rajasthan,21.6,11.3,16.4,49.6,0.0,8.9,191,Moderate,1025.1,30.1
2024-12-08,Jaipur,Rajasthan,23.5,12.3,17.9,48.0,0.0,8.2,160,Moderate,1027.1,37.0
2024-12-09,Jaipur,Rajasthan,24.1,12.4,18.3,51.1,0.0,7.0,255,Poor,1022.6,22.1
2024-12-10,Jaipur,Rajasthan,22.9,12.8,17.9,62.8,0.0,9.7,207,Poor,1023.3,45.4
2024-12-11,Jaipur,Rajasthan,20.9,8.9,14.9,58.8,0.0,9.3,169,Moderate,1025.5,16.7
2024-12-12,Jaipur,Rajasthan,18.1,7.6,12.8,56.5,0.0,7.1,175,Moderate,1025.3,39.7
2024-12-13,Jaipur,Rajasthan,20.5,10.7,15.6,51.3,0.0,10.7,179,Moderate,1021.8,27.6
2024-12-14,Jaipur,Rajasthan,22.7,9.3,16.0,55.6,0.0,6.9,209,Poor,1026.5,0.0
2024-12-15,Jaipur,Rajasthan,22.5,11.9,17.2,58.2,0.0,8.9,179,Moderate,1027.4,38.2
2024-12-16,Jaipur,Rajasthan,24.7,10.5,17.6,39.4,0.0,11.2,157,Moderate,1024.4,5.3
2024-12-17,Jaipur,Rajasthan,24.5,11.2,17.8,45.9,0.0,12.7,147,Moderate,1021.6,14.4
2024-12-18,Jaipur,Rajasthan,22.9,14.3,18.6,56.7,0.0,8.3,191,Moderate,1023.7,29.6
2024-12-19,Jaipur,Rajasthan,26.5,14.2,20.3,41.9,0.0,7.4,178,Moderate,1021.7,5.9
2024-12-20,Jaipur,Rajasthan,27.6,13.3,20.5,44.8,0.0,6.6,202,Poor,1023.0,15.2
2024-12-21,Jaipur,Rajasthan,26.2,13.6,19.9,47.7,0.0,8.0,146,Moderate,1024.0,25.7
2024-12-22,Jaipur,Rajasthan,28.0,14.3,21.2,51.1,0.0,7.9,204,Poor,1024.6,4.2
2024-12-23,Jaipur,Rajasthan,27.0,14.9,20.9,48.7,0.0,11.4,177,Moderate,1026.2,12.5
2024-12-24,Jaipur,Rajasthan,24.9,11.5,18.2,59.2,0.0,8.9,153,Moderate,1025.5,12.4
2024-12-25,Jaipur,Rajasthan,23.2,13.4,18.3,52.6,0.0,6.9,205,Poor,1022.1,30.8
2024-12-26,Jaipur,Rajasthan,23.0,12.8,17.9,55.9,0.0,10.6,198,Moderate,1025.7,39.5
2024-12-27,Jaipur,Rajasthan,25.3,11.6,18.5,49.9,0.0,11.2,168,Moderate,1023.6,1.7
2024-12-28,Jaipur,Rajasthan,25.2,12.3,18.8,48.5,0.0,9.2,205,Poor,1023.8,18.0
2024-12-29,Jaipur,Rajasthan,23.5,10.6,17.0,43.3,0.0,10.7,157,Moderate,1024.6,10.6
2024-12-30,Jaipur,Rajasthan,22.7,10.1,16.4,51.8,0.0,8.6,142,Moderate,1025.0,18.7
2024-12-31,Jaipur,Rajasthan,21.8,11.1,16.4,55.1,0.0,10.4,184,Moderate,1026.8,43.0
2025-01-01,Jaipur,Rajasthan,20.4,8.9,14.7,55.5,0.0,7.7,175,Moderate,1026.2,24.6
2025-01-02,Jaipur,Rajasthan,21.1,7.1,14.1,50.7,0.0,12.8,154,Moderate,1023.0,11.7
2025-01-03,Jaipur,Rajasthan,22.9,7.5,15.2,52.6,0.0,6.9,209,Poor,1022.1,0.0
2025-01-04,Jaipur,Rajasthan,21.8,10.6,16.2,54.9,0.0,18.5,172,Moderate,1026.1,32.3
2025-01-05,Jaipur,Rajasthan,20.7,9.2,14.9,45.2,0.0,14.9,212,Poor,1026.2,12.6
2025-01-06,Jaipur,Rajasthan,24.5,11.7,18.1,46.4,0.0,13.0,190,Moderate,1026.8,6.2
2025-01-07,Jaipur,Rajasthan,24.2,12.1,18.1,46.8,0.0,7.4,207,Poor,1024.0,21.3
2025-01-08,Jaipur,Rajasthan,25.9,16.3,21.1,60.6,0.0,8.1,174,Moderate,1023.9,23.4
2025-01-09,Jaipur,Rajasthan,28.6,14.4,21.5,48.0,0.0,7.8,147,Moderate,1024.2,9.9
2025-01-10,Jaipur,Rajasthan,29.8,17.0,23.4,47.6,0.0,7.4,238,Poor,1019.6,0.6
2025-01-11,Jaipur,Rajasthan,27.1,16.8,22.0,52.2,0.0,7.7,204,Poor,1019.8,33.9
2025-01-12,Jaipur,Rajasthan,23.4,12.1,17.7,63.5,0.0,9.9,223,Poor,1025.7,26.9
2025-01-13,Jaipur,Rajasthan,24.4,13.5,19.0,47.9,0.0,8.1,165,Moderate,1024.6,30.4
2025-01-14,Jaipur,Rajasthan,23.6,10.9,17.3,47.6,0.0,7.1,216,Poor,1027.0,12.6
2025-01-15,Jaipur,Rajasthan,23.0,9.2,16.1,56.7,0.0,6.5,201,Poor,1028.2,6.6
2025-01-16,Jaipur,Rajasthan,24.8,10.7,17.8,48.0,0.0,10.9,206,Poor,1023.4,9.8
2025-01-17,Jaipur,Rajasthan,23.7,9.4,16.6,45.6,0.0,9.1,200,Poor,1023.6,0.0
2025-01-18,Jaipur,Rajasthan,21.6,10.0,15.8,50.1,0.0,8.7,183,Moderate,1021.8,13.8
2025-01-19,Jaipur,Rajasthan,20.1,7.5,13.8,63.3,0.0,6.2,200,Poor,1026.1,10.2
2025-01-20,Jaipur,Rajasthan,18.0,5.7,11.8,67.4,0.0,7.1,183,Moderate,1021.4,19.8
2025-01-21,Jaipur,Rajasthan,20.7,8.3,14.5,57.3,0.0,8.8,204,Poor,1022.8,20.0
2025-01-22,Jaipur,Rajasthan,20.7,8.1,14.4,56.4,0.0,9.7,166,Moderate,1025.3,20.6
2025-01-23,Jaipur,Rajasthan,24.4,11.4,17.9,54.2,0.0,6.1,176,Moderate,1022.3,9.1
2025-01-24,Jaipur,Rajasthan,22.1,8.8,15.4,52.6,0.0,8.7,181,Moderate,1024.2,2.1
2025-01-25,Jaipur,Rajasthan,20.0,5.6,12.8,53.1,0.0,9.2,196,Moderate,1024.6,0.2
2025-01-26,Jaipur,Rajasthan,19.7,8.0,13.8,54.0,0.0,7.2,188,Moderate,1022.4,22.5
2025-01-27,Jaipur,Rajasthan,19.8,6.9,13.4,53.5,0.0,11.8,167,Moderate,1020.5,22.0
2025-01-28,Jaipur,Rajasthan,23.6,9.3,16.5,51.9,0.0,6.9,210,Poor,1025.1,0.0
2025-01-29,Jaipur,Rajasthan,22.6,10.3,16.4,58.5,0.0,9.3,192,Moderate,1023.3,38.2
2025-01-30,Jaipur,Rajasthan,22.3,10.7,16.5,63.3,0.0,7.8,172,Moderate,1024.2,29.9
2025-01-31,Jaipur,Rajasthan,25.9,11.2,18.5,47.1,0.0,10.0,153,Moderate,1022.8,2.8
2025-02-01,Jaipur,Rajasthan,23.6,11.9,17.7,48.5,0.0,8.6,175,Moderate,1022.9,21.3
2025-02-02,Jaipur,Rajasthan,24.9,12.1,18.5,43.9,0.0,11.4,157,Moderate,1023.1,15.2
2025-02-03,Jaipur,Rajasthan,24.2,11.4,17.8,49.2,0.0,7.1,164,Moderate,1022.5,21.3
2025-02-04,Jaipur,Rajasthan,23.9,12.8,18.3,45.1,0.0,7.8,194,Moderate,1022.0,19.7
2025-02-05,Jaipur,Rajasthan,22.9,11.7,17.3,60.5,1.4,10.0,195,Moderate,1020.8,27.4
2025-02-06,Jaipur,Rajasthan,22.4,12.2,17.3,55.1,0.0,8.9,172,Moderate,1027.7,38.7
2025-02-07,Jaipur,Rajasthan,21.4,9.6,15.5,51.4,0.0,10.1,169,Moderate,1025.2,23.3
2025-02-08,Jaipur,Rajasthan,22.0,10.9,16.4,57.5,0.0,10.6,151,Moderate,1025.8,26.1
2025-02-09,Jaipur,Rajasthan,23.9,12.9,18.4,66.0,0.0,10.4,143,Moderate,1024.7,38.0
2025-02-10,Jaipur,Rajasthan,24.1,11.4,17.7,48.6,0.0,9.2,186,Moderate,1021.7,10.4
2025-02-11,Jaipur,Rajasthan,24.6,11.7,18.1,43.5,0.0,10.5,136,Moderate,1021.7,4.7
2025-02-12,Jaipur,Rajasthan,22.3,10.7,16.5,53.6,0.0,8.4,155,Moderate,1022.4,28.2
2025-02-13,Jaipur,Rajasthan,23.1,10.3,16.7,40.3,0.0,9.8,149,Moderate,1021.5,1.6
2025-02-14,Jaipur,Rajasthan,22.6,10.5,16.6,53.5,0.0,7.0,179,Moderate,1023.9,7.5
2025-02-15,Jaipur,Rajasthan,18.4,9.0,13.7,63.5,0.0,9.0,159,Moderate,1021.2,41.7
2025-02-16,Jaipur,Rajasthan,19.3,7.6,13.4,49.5,0.0,9.1,149,Moderate,1020.7,0.0
2025-02-17,Jaipur,Rajasthan,23.1,11.8,17.4,48.0,0.0,13.4,180,Moderate,1019.0,22.7
2025-02-18,Jaipur,Rajasthan,24.9,10.9,17.9,60.3,0.0,8.2,198,Moderate,1020.7,0.0
2025-02-19,Jaipur,Rajasthan,23.9,12.3,18.1,47.3,0.0,6.7,173,Moderate,1020.2,23.9
2025-02-20,Jaipur,Rajasthan,25.0,14.5,19.8,52.6,0.0,6.7,166,Moderate,1019.3,42.9
2025-02-21,Jaipur,Rajasthan,27.0,14.1,20.6,47.1,0.0,13.3,134,Moderate,1020.4,2.7
2025-02-22,Jaipur,Rajasthan,28.2,12.7,20.4,50.7,0.0,12.4,146,Moderate,1017.8,0.0
2025-02-23,Jaipur,Rajasthan,29.3,17.0,23.1,48.1,0.0,9.4,126,Moderate,1020.8,20.4
2025-02-24,Jaipur,Rajasthan,29.4,16.9,23.1,46.0,0.0,6.6,180,Moderate,1017.0,6.7
2025-02-25,Jaipur,Rajasthan,27.1,15.7,21.4,51.8,0.0,9.5,147,Moderate,1017.2,14.0
2025-02-26,Jaipur,Rajasthan,27.8,14.1,21.0,66.9,0.0,9.7,132,Moderate,1018.2,22.0
2025-02-27,Jaipur,Rajasthan,23.9,13.6,18.8,50.5,0.0,8.7,142,Moderate,1019.7,26.2
2025-02-28,Jaipur,Rajasthan,24.6,13.7,19.1,50.6,0.0,9.5,161,Moderate,1021.5,26.2
2025-03-01,Jaipur,Rajasthan,24.1,12.7,18.4,51.4,0.0,8.0,142,Moderate,1019.7,18.3
2025-03-02,Jaipur,Rajasthan,25.6,13.8,19.7,55.7,0.0,6.6,133,Moderate,1016.1,24.1
2025-03-03,Jaipur,Rajasthan,27.3,14.5,20.9,62.0,0.0,10.9,92,Satisfactory,1019.8,14.7
2025-03-04,Jaipur,Rajasthan,24.3,11.8,18.1,50.8,0.0,9.4,138,Moderate,1020.4,14.5
2025-03-05,Jaipur,Rajasthan,25.8,13.9,19.8,53.6,0.0,12.4,139,Moderate,1017.7,17.9
2025-03-06,Jaipur,Rajasthan,22.3,12.1,17.2,44.2,0.0,10.4,124,Moderate,1019.8,27.9
2025-03-07,Jaipur,Rajasthan,25.8,11.1,18.5,50.5,0.0,7.4,123,Moderate,1021.8,10.1
2025-03-08,Jaipur,Rajasthan,25.0,12.8,18.9,52.4,0.0,6.4,117,Moderate,1017.0,22.0
2025-03-09,Jaipur,Rajasthan,23.2,10.1,16.7,57.4,0.0,9.6,124,Moderate,1021.1,14.0
2025-03-10,Jaipur,Rajasthan,25.6,13.4,19.5,46.5,0.0,8.7,108,Moderate,1020.8,8.5
2025-03-11,Jaipur,Rajasthan,23.2,12.4,17.8,50.0,0.0,8.9,106,Moderate,1018.9,34.6
2025-03-12,Jaipur,Rajasthan,23.5,10.6,17.0,55.8,0.0,9.4,117,Moderate,1016.2,25.7
2025-03-13,Jaipur,Rajasthan,21.3,11.8,16.6,47.3,0.0,6.4,176,Moderate,1021.3,26.2
2025-03-14,Jaipur,Rajasthan,23.1,9.4,16.2,47.4,0.0,8.4,179,Moderate,1020.4,7.9
2025-03-15,Jaipur,Rajasthan,24.2,12.1,18.2,52.1,0.0,7.4,155,Moderate,1019.0,16.6
2025-03-16,Jaipur,Rajasthan,24.1,12.2,18.2,42.5,0.0,9.0,137,Moderate,1017.6,28.6
2025-03-17,Jaipur,Rajasthan,26.1,12.7,19.4,51.5,0.0,7.4,83,Satisfactory,1019.6,24.8
2025-03-18,Jaipur,Rajasthan,24.4,15.2,19.8,67.1,0.0,8.0,181,Moderate,1015.3,55.3
2025-03-19,Jaipur,Rajasthan,27.5,18.1,22.8,41.3,0.0,7.9,130,Moderate,1017.7,20.8
2025-03-20,Jaipur,Rajasthan,26.5,14.8,20.7,45.1,0.0,8.0,95,Satisfactory,1015.8,9.8
2025-03-21,Jaipur,Rajasthan,25.9,13.4,19.6,53.1,0.0,10.7,170,Moderate,1013.2,13.8
2025-03-22,Jaipur,Rajasthan,28.2,13.6,20.9,51.9,0.0,7.9,114,Moderate,1014.1,7.2
2025-03-23,Jaipur,Rajasthan,26.8,14.4,20.6,49.1,0.0,11.0,125,Moderate,1016.8,10.4
2025-03-24,Jaipur,Rajasthan,30.1,16.4,23.3,47.8,0.0,6.3,110,Moderate,1015.5,19.4
2025-03-25,Jaipur,Rajasthan,29.3,18.9,24.1,54.6,0.0,7.5,125,Moderate,1015.6,11.2
2025-03-26,Jaipur,Rajasthan,28.3,17.9,23.1,53.9,0.0,6.4,129,Moderate,1014.1,37.1
2025-03-27,Jaipur,Rajasthan,30.1,17.7,23.9,45.4,0.0,10.2,121,Moderate,1014.9,30.3
2025-03-28,Jaipur,Rajasthan,30.8,18.4,24.6,50.7,0.0,8.5,133,Moderate,1015.3,29.8
2025-03-29,Jaipur,Rajasthan,32.8,22.2,27.5,43.5,0.0,8.2,107,Moderate,1017.8,12.6
2025-03-30,Jaipur,Rajasthan,31.7,21.2,26.4,46.6,0.0,7.7,108,Moderate,1012.5,29.7
2025-03-31,Jaipur,Rajasthan,32.7,21.5,27.1,40.2,0.0,10.8,93,Satisfactory,1015.0,31.0
2025-04-01,Jaipur,Rajasthan,33.4,23.3,28.4,49.3,0.0,9.2,73,Satisfactory,1013.7,38.4
2025-04-02,Jaipur,Rajasthan,35.0,21.0,28.0,46.0,0.0,7.7,79,Satisfactory,1012.6,8.8
2025-04-03,Jaipur,Rajasthan,31.9,19.7,25.8,50.6,0.0,15.3,70,Satisfactory,1010.2,18.1
2025-04-04,Jaipur,Rajasthan,31.9,20.4,26.1,44.3,0.0,8.0,122,Moderate,1015.3,7.3
2025-04-05,Jaipur,Rajasthan,31.6,21.6,26.6,54.6,0.0,6.6,107,Moderate,1012.8,54.7
2025-04-06,Jaipur,Rajasthan,32.4,19.5,25.9,43.5,0.0,11.5,80,Satisfactory,1011.1,15.5
2025-04-07,Jaipur,Rajasthan,28.5,18.9,23.7,57.8,0.0,7.8,85,Satisfactory,1011.0,37.7
2025-04-08,Jaipur,Rajasthan,27.3,16.4,21.9,45.2,0.0,7.3,64,Satisfactory,1013.6,23.3
2025-04-09,Jaipur,Rajasthan,26.4,16.0,21.2,51.5,0.0,10.2,61,Satisfactory,1011.2,34.0
2025-04-10,Jaipur,Rajasthan,27.5,14.2,20.8,47.7,0.0,9.5,84,Satisfactory,1011.9,21.9
2025-04-11,Jaipur,Rajasthan,25.3,14.5,19.9,55.0,0.0,7.7,84,Satisfactory,1012.0,35.8
2025-04-12,Jaipur,Rajasthan,27.0,17.6,22.3,58.2,0.0,7.6,100,Satisfactory,1012.4,25.5
2025-04-13,Jaipur,Rajasthan,28.7,19.6,24.1,48.6,0.0,10.7,68,Satisfactory,1012.9,44.6
2025-04-14,Jaipur,Rajasthan,30.8,18.4,24.6,51.3,0.0,9.0,88,Satisfactory,1010.7,25.0
2025-04-15,Jaipur,Rajasthan,31.9,19.6,25.8,47.3,0.0,10.7,36,Good,1010.5,10.1
2025-04-16,Jaipur,Rajasthan,32.0,21.7,26.8,44.0,0.0,8.6,53,Satisfactory,1010.6,27.1
2025-04-17,Jaipur,Rajasthan,33.0,21.4,27.2,46.1,0.0,7.2,82,Satisfactory,1008.7,19.9
2025-04-18,Jaipur,Rajasthan,34.8,20.8,27.8,39.2,0.0,9.6,68,Satisfactory,1008.7,5.9
2025-04-19,Jaipur,Rajasthan,36.2,22.3,29.3,47.2,0.0,9.9,82,Satisfactory,1008.3,24.4
2025-04-20,Jaipur,Rajasthan,33.8,21.3,27.6,44.7,0.0,8.4,94,Satisfactory,1010.1,11.7
2025-04-21,Jaipur,Rajasthan,35.9,23.1,29.5,52.5,0.0,8.6,93,Satisfactory,1012.1,16.2
2025-04-22,Jaipur,Rajasthan,34.0,22.2,28.1,43.4,0.0,7.4,102,Moderate,1006.6,21.2
2025-04-23,Jaipur,Rajasthan,35.7,22.1,28.9,41.2,0.0,6.9,107,Moderate,1009.2,0.0
2025-04-24,Jaipur,Rajasthan,37.1,25.6,31.3,41.4,0.0,10.4,49,Good,1007.4,13.3
2025-04-25,Jaipur,Rajasthan,37.8,25.2,31.5,54.3,0.0,7.3,114,Moderate,1007.3,32.4
2025-04-26,Jaipur,Rajasthan,38.6,26.9,32.8,40.7,0.0,9.6,119,Moderate,1006.2,16.4
2025-04-27,Jaipur,Rajasthan,37.5,25.3,31.4,36.3,0.0,11.1,22,Good,1009.6,0.0
2025-04-28,Jaipur,Rajasthan,37.0,25.8,31.4,41.4,0.0,10.1,38,Good,1002.4,19.5
2025-04-29,Jaipur,Rajasthan,35.9,24.0,30.0,44.5,0.0,10.7,56,Satisfactory,1005.2,28.6
2025-04-30,Jaipur,Rajasthan,35.0,23.7,29.4,43.9,0.0,12.2,48,Good,1009.6,18.4
2025-05-01,Jaipur,Rajasthan,35.5,22.1,28.8,43.5,0.0,6.9,18,Good,1009.8,19.6
2025-05-02,Jaipur,Rajasthan,35.9,23.2,29.6,46.9,0.0,10.2,25,Good,1010.6,17.0
2025-05-03,Jaipur,Rajasthan,34.6,22.7,28.6,44.7,0.0,9.4,51,Satisfactory,1007.8,32.9
2025-05-04,Jaipur,Rajasthan,36.2,24.2,30.2,48.5,0.0,9.4,40,Good,1007.5,12.2
2025-05-05,Jaipur,Rajasthan,36.9,26.4,31.7,49.1,0.0,10.3,55,Satisfactory,1002.3,30.9
2025-05-06,Jaipur,Rajasthan,36.0,24.2,30.1,56.2,0.0,7.3,90,Satisfactory,1006.3,20.9
2025-05-07,Jaipur,Rajasthan,34.3,25.2,29.7,55.8,0.0,13.0,15,Good,1007.4,42.9
2025-05-08,Jaipur,Rajasthan,35.8,23.5,29.7,50.4,0.0,10.1,88,Satisfactory,1005.1,19.1
2025-05-09,Jaipur,Rajasthan,36.3,23.0,29.7,57.1,0.0,7.1,85,Satisfactory,1005.8,10.9
2025-05-10,Jaipur,Rajasthan,36.4,26.4,31.4,53.4,0.0,10.7,15,Good,1007.8,34.5
2025-05-11,Jaipur,Rajasthan,34.3,22.9,28.6,52.6,0.0,7.2,15,Good,1008.8,35.0
2025-05-12,Jaipur,Rajasthan,34.3,23.3,28.8,49.4,0.0,11.6,20,Good,1006.2,34.3
2025-05-13,Jaipur,Rajasthan,33.7,22.3,28.0,63.4,0.0,11.6,15,Good,1005.7,41.4
2025-05-14,Jaipur,Rajasthan,34.9,21.3,28.1,45.8,0.0,7.8,49,Good,1007.0,16.1
2025-05-15,Jaipur,Rajasthan,34.6,22.1,28.4,46.0,2.6,7.5,47,Good,1004.6,19.5
2025-05-16,Jaipur,Rajasthan,33.9,24.4,29.1,52.3,0.0,10.6,29,Good,1007.1,49.2
2025-05-17,Jaipur,Rajasthan,34.9,23.3,29.1,52.1,0.0,7.5,41,Good,1003.8,37.5
2025-05-18,Jaipur,Rajasthan,33.3,22.1,27.7,55.0,0.0,9.2,25,Good,1006.6,26.5
2025-05-19,Jaipur,Rajasthan,32.5,20.5,26.5,51.1,0.0,14.1,22,Good,1005.2,9.6
2025-05-20,Jaipur,Rajasthan,31.7,20.6,26.2,57.4,0.0,9.4,67,Satisfactory,1003.9,17.7
2025-05-21,Jaipur,Rajasthan,34.9,23.4,29.1,48.2,0.0,11.9,15,Good,1004.9,20.7
2025-05-22,Jaipur,Rajasthan,35.5,23.5,29.5,50.7,0.0,13.3,15,Good,1003.1,26.7
2025-05-23,Jaipur,Rajasthan,34.3,25.2,29.8,58.9,0.0,12.8,23,Good,1005.7,39.5
2025-05-24,Jaipur,Rajasthan,35.5,25.0,30.2,48.3,2.3,10.4,15,Good,1001.4,16.6
2025-05-25,Jaipur,Rajasthan,33.5,24.0,28.8,50.8,0.0,8.8,28,Good,1004.1,29.9
2025-05-26,Jaipur,Rajasthan,35.8,23.4,29.6,47.6,14.3,13.5,22,Good,1001.8,19.9
2025-05-27,Jaipur,Rajasthan,36.8,25.8,31.3,56.8,0.9,7.7,15,Good,1005.1,31.5
2025-05-28,Jaipur,Rajasthan,36.4,27.2,31.8,65.6,0.0,8.3,68,Satisfactory,1003.8,71.4
2025-05-29,Jaipur,Rajasthan,38.1,29.7,33.9,60.5,0.0,10.6,15,Good,1001.6,54.2
2025-05-30,Jaipur,Rajasthan,38.8,30.6,34.7,65.2,0.0,14.6,15,Good,1001.2,45.9
2025-05-31,Jaipur,Rajasthan,41.3,29.3,35.3,57.5,2.2,13.7,15,Good,1004.3,31.1
2025-06-01,Jaipur,Rajasthan,39.6,29.5,34.6,55.6,0.0,10.1,17,Good,1002.5,24.7
2025-06-02,Jaipur,Rajasthan,40.7,30.2,35.4,65.3,0.0,12.8,21,Good,999.1,38.9
2025-06-03,Jaipur,Rajasthan,42.0,32.1,37.1,58.3,0.0,10.5,15,Good,1001.9,18.3
2025-06-04,Jaipur,Rajasthan,39.8,30.7,35.2,58.9,0.0,10.0,34,Good,999.3,51.2
2025-06-05,Jaipur,Rajasthan,39.4,29.9,34.6,65.4,11.4,11.9,37,Good,1000.7,40.6
2025-06-06,Jaipur,Rajasthan,38.1,30.2,34.1,71.8,0.0,10.5,15,Good,996.2,44.2
2025-06-07,Jaipur,Rajasthan,40.0,27.3,33.6,68.0,12.6,11.9,15,Good,1002.0,22.6
2025-06-08,Jaipur,Rajasthan,38.4,30.2,34.3,69.5,0.0,13.5,25,Good,998.7,47.1
2025-06-09,Jaipur,Rajasthan,37.7,29.4,33.6,67.1,0.0,12.6,21,Good,999.7,44.5
2025-06-10,Jaipur,Rajasthan,39.7,30.5,35.1,63.9,11.2,9.5,15,Good,996.8,34.5
2025-06-11,Jaipur,Rajasthan,37.6,31.2,34.4,74.8,0.0,10.1,17,Good,1000.0,52.5
2025-06-12,Jaipur,Rajasthan,39.7,30.9,35.3,58.9,0.0,15.6,15,Good,999.4,44.2
2025-06-13,Jaipur,Rajasthan,41.1,33.3,37.2,73.2,0.0,13.6,15,Good,996.1,53.7
2025-06-14,Jaipur,Rajasthan,39.4,30.5,35.0,71.3,4.5,11.9,27,Good,999.2,60.6
2025-06-15,Jaipur,Rajasthan,39.1,29.3,34.2,62.3,8.9,10.9,15,Good,998.7,38.2
2025-06-16,Jaipur,Rajasthan,36.5,29.7,33.1,66.5,0.0,13.7,15,Good,1001.8,56.6
2025-06-17,Jaipur,Rajasthan,35.9,28.6,32.3,65.4,2.0,10.8,21,Good,998.1,57.8
2025-06-18,Jaipur,Rajasthan,37.0,28.1,32.6,80.8,0.0,12.8,15,Good,1000.3,74.8
2025-06-19,Jaipur,Rajasthan,38.1,31.9,35.0,85.1,0.0,11.7,15,Good,995.6,68.7
2025-06-20,Jaipur,Rajasthan,39.3,30.3,34.8,70.3,0.0,12.4,15,Good,998.6,53.1
2025-06-21,Jaipur,Rajasthan,40.6,33.0,36.8,67.3,0.0,11.5,15,Good,998.5,51.8
2025-06-22,Jaipur,Rajasthan,35.9,29.6,32.8,83.8,0.0,13.8,15,Good,999.6,63.3
2025-06-23,Jaipur,Rajasthan,37.0,29.0,33.0,74.9,0.0,9.9,15,Good,998.4,46.2
2025-06-24,Jaipur,Rajasthan,35.7,26.1,30.9,83.8,7.5,10.5,15,Good,1002.6,50.6
2025-06-25,Jaipur,Rajasthan,31.2,25.2,28.2,77.3,22.0,11.9,15,Good,999.1,60.2
2025-06-26,Jaipur,Rajasthan,33.3,23.3,28.3,80.3,11.4,12.6,15,Good,1000.6,34.3
2025-06-27,Jaipur,Rajasthan,33.4,24.3,28.8,90.6,11.1,16.1,15,Good,998.8,54.3
2025-06-28,Jaipur,Rajasthan,29.9,23.5,26.7,81.0,10.8,15.0,15,Good,998.3,65.7
2025-06-29,Jaipur,Rajasthan,32.1,26.6,29.3,90.7,0.0,10.7,15,Good,996.8,100.0
2025-06-30,Jaipur,Rajasthan,33.4,25.4,29.4,82.5,0.0,13.2,15,Good,997.2,61.4
2025-07-01,Jaipur,Rajasthan,32.4,27.3,29.9,92.4,4.5,12.9,15,Good,1000.0,80.2
2025-07-02,Jaipur,Rajasthan,34.9,29.1,32.0,91.1,0.0,10.7,23,Good,1000.8,67.7
2025-07-03,Jaipur,Rajasthan,35.0,29.1,32.1,83.9,0.9,13.9,15,Good,999.3,77.4
2025-07-04,Jaipur,Rajasthan,35.2,27.7,31.4,96.3,14.2,13.5,15,Good,997.5,57.2
2025-07-05,Jaipur,Rajasthan,37.7,30.2,33.9,81.1,0.0,15.5,15,Good,996.2,49.9
2025-07-06,Jaipur,Rajasthan,35.5,30.0,32.7,88.6,0.0,13.3,15,Good,998.1,92.3
2025-07-07,Jaipur,Rajasthan,38.1,31.3,34.7,89.1,0.0,11.9,15,Good,995.1,53.8
2025-07-08,Jaipur,Rajasthan,36.9,33.1,35.0,91.6,2.0,13.4,41,Good,998.8,93.7
2025-07-09,Jaipur,Rajasthan,37.3,30.8,34.1,84.6,16.8,11.5,15,Good,998.0,68.9
2025-07-10,Jaipur,Rajasthan,37.3,30.2,33.7,83.1,11.6,12.9,15,Good,995.4,63.3
2025-07-11,Jaipur,Rajasthan,37.3,29.6,33.5,98.0,10.2,11.9,15,Good,1000.4,68.3
2025-07-12,Jaipur,Rajasthan,33.2,28.5,30.8,91.8,0.0,16.9,15,Good,995.7,100.0
2025-07-13,Jaipur,Rajasthan,34.6,27.5,31.1,95.5,31.0,13.2,15,Good,998.2,68.1
2025-07-14,Jaipur,Rajasthan,35.2,29.5,32.4,86.0,0.0,12.0,15,Good,999.3,72.2
2025-07-15,Jaipur,Rajasthan,35.4,31.0,33.2,90.7,12.7,18.1,15,Good,998.9,91.1
2025-07-16,Jaipur,Rajasthan,36.4,31.8,34.1,91.4,22.3,13.5,15,Good,996.0,83.9
2025-07-17,Jaipur,Rajasthan,34.0,29.6,31.8,99.6,13.8,12.3,15,Good,997.0,100.0
2025-07-18,Jaipur,Rajasthan,35.4,30.7,33.1,87.1,0.0,12.9,15,Good,995.6,94.7
2025-07-19,Jaipur,Rajasthan,36.2,29.8,33.0,87.1,6.4,15.4,15,Good,998.0,68.9
2025-07-20,Jaipur,Rajasthan,33.6,29.5,31.5,100.0,28.3,14.7,15,Good,999.7,98.0
2025-07-21,Jaipur,Rajasthan,33.3,26.1,29.7,94.3,0.0,14.0,20,Good,994.7,54.1
2025-07-22,Jaipur,Rajasthan,35.8,29.3,32.5,93.6,5.0,11.8,15,Good,998.9,90.1
2025-07-23,Jaipur,Rajasthan,37.0,30.5,33.8,83.8,14.1,17.9,15,Good,996.5,69.5
2025-07-24,Jaipur,Rajasthan,35.2,29.7,32.5,95.8,11.2,15.9,15,Good,997.8,87.8
2025-07-25,Jaipur,Rajasthan,34.0,29.4,31.7,100.0,0.0,20.6,15,Good,996.1,100.0
2025-07-26,Jaipur,Rajasthan,35.1,28.1,31.6,89.3,13.0,13.5,15,Good,997.1,56.5
2025-07-27,Jaipur,Rajasthan,35.7,30.5,33.1,100.0,25.0,13.6,15,Good,1001.9,91.7
2025-07-28,Jaipur,Rajasthan,34.8,30.0,32.4,93.8,33.2,11.2,15,Good,997.6,90.8
2025-07-29,Jaipur,Rajasthan,31.6,28.0,29.8,90.2,22.4,13.1,15,Good,999.0,89.7
2025-07-30,Jaipur,Rajasthan,35.1,29.1,32.1,86.6,5.9,11.5,15,Good,996.7,65.1
2025-07-31,Jaipur,Rajasthan,36.5,28.7,32.6,91.6,16.8,12.9,15,Good,1003.6,77.0
2025-08-01,Jaipur,Rajasthan,36.4,28.6,32.5,85.2,0.0,16.5,15,Good,999.5,64.5
2025-08-02,Jaipur,Rajasthan,36.4,31.3,33.9,88.9,18.6,14.5,15,Good,998.3,82.8
2025-08-03,Jaipur,Rajasthan,34.3,26.6,30.4,93.6,0.0,16.8,33,Good,1001.2,60.1
2025-08-04,Jaipur,Rajasthan,29.7,23.4,26.5,90.5,0.0,15.5,34,Good,1001.3,74.2
2025-08-05,Jaipur,Rajasthan,30.1,23.4,26.8,90.6,15.1,12.9,34,Good,1000.3,88.5
2025-08-06,Jaipur,Rajasthan,29.3,23.0,26.1,97.3,18.0,11.7,19,Good,1000.7,69.3
2025-08-07,Jaipur,Rajasthan,29.6,23.2,26.4,96.8,24.6,15.5,15,Good,997.9,73.3
2025-08-08,Jaipur,Rajasthan,31.9,25.9,28.9,84.1,2.1,13.1,15,Good,999.7,64.0
2025-08-09,Jaipur,Rajasthan,29.8,24.3,27.1,97.5,1.9,16.0,15,Good,1000.1,80.8
2025-08-10,Jaipur,Rajasthan,29.3,25.9,27.6,86.1,15.0,13.7,18,Good,1001.7,74.3
2025-08-11,Jaipur,Rajasthan,33.3,26.1,29.7,83.9,20.2,14.1,15,Good,1000.3,64.0
2025-08-12,Jaipur,Rajasthan,35.2,27.2,31.2,80.4,9.0,15.0,30,Good,1001.8,63.8
2025-08-13,Jaipur,Rajasthan,34.5,26.6,30.6,86.0,8.2,16.8,15,Good,1001.0,74.5
2025-08-14,Jaipur,Rajasthan,33.9,26.0,30.0,87.3,4.4,12.7,15,Good,999.4,57.1
2025-08-15,Jaipur,Rajasthan,36.4,30.0,33.2,85.4,20.6,12.7,17,Good,1003.3,68.5
2025-08-16,Jaipur,Rajasthan,33.7,27.9,30.8,81.6,12.9,14.6,15,Good,1000.4,70.2
2025-08-17,Jaipur,Rajasthan,33.0,26.9,30.0,87.1,15.9,11.5,15,Good,1002.7,71.6
2025-08-18,Jaipur,Rajasthan,34.0,28.3,31.1,84.2,0.0,14.2,15,Good,998.8,60.4
2025-08-19,Jaipur,Rajasthan,33.2,27.2,30.2,90.6,0.0,14.7,15,Good,1003.5,76.0
2025-08-20,Jaipur,Rajasthan,34.4,29.5,32.0,86.4,10.3,20.3,15,Good,998.3,79.0
2025-08-21,Jaipur,Rajasthan,33.0,27.2,30.1,88.3,9.3,13.9,46,Good,1006.2,74.8
2025-08-22,Jaipur,Rajasthan,33.5,26.7,30.1,82.8,25.7,15.8,15,Good,1003.9,67.7
2025-08-23,Jaipur,Rajasthan,34.7,25.7,30.2,72.5,3.5,11.8,15,Good,1002.2,43.8
2025-08-24,Jaipur,Rajasthan,31.7,27.6,29.6,86.6,18.7,11.6,32,Good,1004.2,86.6
2025-08-25,Jaipur,Rajasthan,36.5,29.3,32.9,83.2,5.7,12.1,15,Good,999.8,61.0
2025-08-26,Jaipur,Rajasthan,37.5,29.4,33.5,82.9,7.0,11.1,15,Good,1002.0,63.2
2025-08-27,Jaipur,Rajasthan,35.8,26.0,30.9,62.0,12.1,13.5,47,Good,1004.8,49.5
2025-08-28,Jaipur,Rajasthan,33.9,26.0,30.0,79.6,0.0,10.6,57,Satisfactory,1004.9,55.9
2025-08-29,Jaipur,Rajasthan,33.8,24.9,29.3,78.0,8.0,10.4,39,Good,1004.1,74.8
2025-08-30,Jaipur,Rajasthan,34.8,26.8,30.8,79.1,2.9,10.3,29,Good,1004.6,67.4
2025-08-31,Jaipur,Rajasthan,33.2,24.7,29.0,67.7,0.0,12.7,44,Good,1006.8,52.1
2025-09-01,Jaipur,Rajasthan,33.4,25.4,29.4,76.8,1.8,10.2,58,Satisfactory,1006.2,76.6
2025-09-02,Jaipur,Rajasthan,34.2,25.4,29.8,61.9,2.9,10.1,52,Satisfactory,1001.1,39.8
2025-09-03,Jaipur,Rajasthan,31.6,22.6,27.1,67.3,23.1,10.1,56,Satisfactory,1005.8,31.0
2025-09-04,Jaipur,Rajasthan,34.0,22.7,28.4,69.8,0.0,9.0,32,Good,1005.7,25.8
2025-09-05,Jaipur,Rajasthan,31.9,23.6,27.8,77.1,0.0,10.5,46,Good,1003.6,63.3
2025-09-06,Jaipur,Rajasthan,32.5,22.1,27.3,80.6,0.0,12.8,60,Satisfactory,1004.3,41.6
2025-09-07,Jaipur,Rajasthan,31.4,21.5,26.4,69.0,0.0,12.4,37,Good,1009.9,49.0
2025-09-08,Jaipur,Rajasthan,31.8,22.0,26.9,69.7,0.0,12.4,72,Satisfactory,1005.6,65.0
2025-09-09,Jaipur,Rajasthan,31.4,24.1,27.8,77.1,2.4,13.0,79,Satisfactory,1006.1,52.7
2025-09-10,Jaipur,Rajasthan,32.1,22.2,27.1,56.7,0.0,12.6,55,Satisfactory,1005.8,30.9
2025-09-11,Jaipur,Rajasthan,32.2,24.8,28.5,73.0,0.0,10.3,70,Satisfactory,1008.0,68.5
2025-09-12,Jaipur,Rajasthan,33.4,22.6,28.0,68.3,4.0,12.5,49,Good,1008.1,41.0
2025-09-13,Jaipur,Rajasthan,34.6,24.7,29.7,52.7,0.0,9.1,61,Satisfactory,1011.2,42.3
2025-09-14,Jaipur,Rajasthan,34.9,23.4,29.2,56.5,1.8,11.0,91,Satisfactory,1006.6,32.5
2025-09-15,Jaipur,Rajasthan,36.4,25.3,30.8,51.6,0.0,9.0,53,Satisfactory,1008.5,25.0
2025-09-16,Jaipur,Rajasthan,37.8,28.1,32.9,64.2,0.0,9.5,90,Satisfactory,1003.3,41.7
2025-09-17,Jaipur,Rajasthan,36.9,24.8,30.8,52.8,0.0,14.1,50,Satisfactory,1005.0,18.6
2025-09-18,Jaipur,Rajasthan,35.2,24.9,30.0,58.9,0.0,9.8,55,Satisfactory,1011.0,37.2
2025-09-19,Jaipur,Rajasthan,35.4,26.4,30.9,55.8,3.4,9.3,96,Satisfactory,1010.5,59.2
2025-09-20,Jaipur,Rajasthan,33.5,23.5,28.5,58.7,0.0,12.6,85,Satisfactory,1010.1,48.1
2025-09-21,Jaipur,Rajasthan,30.8,20.5,25.6,59.1,12.2,9.1,55,Satisfactory,1012.4,41.4
2025-09-22,Jaipur,Rajasthan,35.2,22.9,29.0,54.2,10.3,11.3,63,Satisfactory,1007.3,20.3
2025-09-23,Jaipur,Rajasthan,37.2,26.6,31.9,53.8,0.0,10.6,77,Satisfactory,1012.2,32.3
2025-09-24,Jaipur,Rajasthan,38.0,26.4,32.2,59.6,0.0,9.9,89,Satisfactory,1006.9,21.1
2025-09-25,Jaipur,Rajasthan,33.2,25.0,29.1,64.7,0.0,8.7,77,Satisfactory,1010.7,53.5
2025-09-26,Jaipur,Rajasthan,33.6,21.6,27.6,47.2,0.0,14.8,112,Moderate,1016.2,26.8
2025-09-27,Jaipur,Rajasthan,34.8,21.6,28.2,59.2,0.0,8.8,67,Satisfactory,1009.0,21.4
2025-09-28,Jaipur,Rajasthan,32.3,23.1,27.7,60.1,0.0,13.7,47,Good,1013.8,28.9
2025-09-29,Jaipur,Rajasthan,33.1,20.9,27.0,54.4,0.0,11.1,86,Satisfactory,1013.4,20.7
2025-09-30,Jaipur,Rajasthan,32.6,22.2,27.4,61.3,3.0,12.0,41,Good,1010.5,34.1
2025-10-01,Jaipur,Rajasthan,31.7,22.7,27.2,66.9,11.2,10.1,67,Satisfactory,1016.0,55.8
2025-10-02,Jaipur,Rajasthan,34.6,23.0,28.8,51.0,0.0,14.6,70,Satisfactory,1009.8,28.8
2025-10-03,Jaipur,Rajasthan,36.2,24.1,30.2,42.8,0.0,15.9,83,Satisfactory,1011.3,14.3
2025-10-04,Jaipur,Rajasthan,37.8,25.9,31.8,52.1,0.0,9.2,97,Satisfactory,1012.4,23.4
2025-10-05,Jaipur,Rajasthan,35.7,23.5,29.6,43.3,0.0,8.5,110,Moderate,1011.7,8.6
2025-10-06,Jaipur,Rajasthan,34.2,24.2,29.2,61.4,0.0,9.7,86,Satisfactory,1018.5,66.3
2025-10-07,Jaipur,Rajasthan,32.3,23.0,27.6,52.6,0.0,9.0,99,Satisfactory,1010.4,51.7
2025-10-08,Jaipur,Rajasthan,31.7,22.3,27.0,61.1,5.6,12.6,107,Moderate,1016.5,43.8
2025-10-09,Jaipur,Rajasthan,29.7,18.8,24.3,52.9,1.8,10.8,54,Satisfactory,1009.7,37.9
2025-10-10,Jaipur,Rajasthan,30.1,19.4,24.7,52.1,0.0,7.6,124,Moderate,1008.5,24.3
2025-10-11,Jaipur,Rajasthan,29.5,17.8,23.6,52.5,5.7,7.6,65,Satisfactory,1014.9,24.8
2025-10-12,Jaipur,Rajasthan,34.6,21.2,27.9,42.4,0.0,9.9,113,Moderate,1015.2,20.7
2025-10-13,Jaipur,Rajasthan,32.8,23.5,28.1,62.4,0.5,12.4,119,Moderate,1016.8,56.5
2025-10-14,Jaipur,Rajasthan,36.1,25.5,30.8,52.8,0.0,8.0,127,Moderate,1016.5,18.5
2025-10-15,Jaipur,Rajasthan,36.2,24.3,30.3,44.7,0.0,10.4,102,Moderate,1014.0,13.2
2025-10-16,Jaipur,Rajasthan,41.3,28.6,34.9,39.4,0.0,11.1,121,Moderate,1013.5,19.9
2025-10-17,Jaipur,Rajasthan,39.5,28.1,33.8,44.6,0.0,10.5,98,Satisfactory,1013.5,28.9
2025-10-18,Jaipur,Rajasthan,39.3,25.3,32.3,37.9,0.0,7.2,159,Moderate,1016.6,0.0
2025-10-19,Jaipur,Rajasthan,36.8,26.0,31.4,47.0,0.0,8.4,146,Moderate,1011.5,27.9
2025-10-20,Jaipur,Rajasthan,32.2,19.3,25.8,43.5,0.0,8.4,108,Moderate,1014.4,0.0
2025-10-21,Jaipur,Rajasthan,29.6,18.6,24.1,51.1,0.0,11.0,154,Moderate,1018.1,43.1
2025-10-22,Jaipur,Rajasthan,29.3,14.3,21.8,53.3,0.0,8.2,137,Moderate,1019.3,0.0
2025-10-23,Jaipur,Rajasthan,28.9,16.7,22.8,48.2,0.0,7.3,112,Moderate,1019.8,11.4
2025-10-24,Jaipur,Rajasthan,27.4,14.0,20.7,57.9,0.0,10.8,155,Moderate,1017.7,0.0
2025-10-25,Jaipur,Rajasthan,27.9,16.8,22.3,57.9,0.0,7.6,175,Moderate,1016.5,47.5
2025-10-26,Jaipur,Rajasthan,27.2,15.2,21.2,50.5,0.0,6.8,137,Moderate,1019.4,22.6
2025-10-27,Jaipur,Rajasthan,23.5,13.4,18.4,60.3,0.0,8.2,148,Moderate,1016.7,55.3
2025-10-28,Jaipur,Rajasthan,21.4,12.5,17.0,60.3,0.0,6.9,145,Moderate,1022.8,52.6
2025-10-29,Jaipur,Rajasthan,21.3,10.8,16.1,60.0,0.0,6.7,160,Moderate,1018.9,42.5
2025-10-30,Jaipur,Rajasthan,22.9,10.4,16.7,52.8,0.0,6.4,167,Moderate,1019.3,4.8
2025-10-31,Jaipur,Rajasthan,19.9,10.1,15.0,52.2,0.0,9.9,163,Moderate,1022.0,27.5
2025-11-01,Jaipur,Rajasthan,21.5,12.0,16.8,54.7,0.0,9.0,105,Moderate,1018.7,43.0
2025-11-02,Jaipur,Rajasthan,25.4,13.4,19.4,58.2,0.0,16.3,116,Moderate,1017.2,27.5
2025-11-03,Jaipur,Rajasthan,25.0,12.2,18.6,55.1,0.0,7.9,172,Moderate,1022.2,17.1
2025-11-04,Jaipur,Rajasthan,24.3,12.0,18.1,47.2,0.0,13.2,123,Moderate,1018.1,27.4
2025-11-05,Jaipur,Rajasthan,23.5,11.6,17.5,58.4,4.5,10.0,152,Moderate,1021.0,28.8
2025-11-06,Jaipur,Rajasthan,25.2,12.1,18.6,53.0,0.0,7.9,135,Moderate,1020.3,1.0
2025-11-07,Jaipur,Rajasthan,26.8,16.0,21.4,50.3,0.0,7.2,173,Moderate,1015.9,11.9
2025-11-08,Jaipur,Rajasthan,26.3,16.1,21.2,44.6,0.0,9.4,155,Moderate,1017.7,29.0
2025-11-09,Jaipur,Rajasthan,28.3,15.9,22.1,46.0,0.0,7.4,174,Moderate,1020.4,31.3
2025-11-10,Jaipur,Rajasthan,27.9,16.9,22.4,50.2,0.0,9.3,165,Moderate,1022.2,22.2
2025-11-11,Jaipur,Rajasthan,28.0,15.5,21.8,58.3,0.0,7.3,132,Moderate,1018.5,13.3
2025-11-12,Jaipur,Rajasthan,29.3,16.8,23.1,45.6,0.0,7.0,211,Poor,1018.0,15.4
2025-11-13,Jaipur,Rajasthan,29.3,17.7,23.5,49.2,0.0,6.5,139,Moderate,1021.1,7.1
2025-11-14,Jaipur,Rajasthan,30.0,17.3,23.7,44.7,0.0,9.1,216,Poor,1021.5,15.9
2025-11-15,Jaipur,Rajasthan,30.4,17.4,23.9,59.1,0.0,8.6,117,Moderate,1021.8,29.0
2025-11-16,Jaipur,Rajasthan,26.4,16.6,21.5,57.7,0.0,7.0,171,Moderate,1021.2,52.4
2025-11-17,Jaipur,Rajasthan,28.3,15.2,21.8,40.0,0.0,8.4,136,Moderate,1019.7,1.3
2025-11-18,Jaipur,Rajasthan,29.9,19.9,24.9,46.7,0.0,6.7,208,Poor,1021.6,33.8
2025-11-19,Jaipur,Rajasthan,29.0,17.4,23.2,45.1,0.0,8.8,146,Moderate,1020.4,22.4
2025-11-20,Jaipur,Rajasthan,28.9,14.9,21.9,46.2,0.0,8.5,146,Moderate,1022.4,0.0
2025-11-21,Jaipur,Rajasthan,27.6,15.2,21.4,46.1,0.0,10.4,167,Moderate,1020.2,16.5
2025-11-22,Jaipur,Rajasthan,26.6,14.7,20.7,47.4,0.0,6.7,209,Poor,1021.2,15.6
2025-11-23,Jaipur,Rajasthan,28.2,14.9,21.5,59.4,3.1,6.2,204,Poor,1022.5,17.5
2025-11-24,Jaipur,Rajasthan,25.0,14.1,19.6,51.6,0.0,12.7,158,Moderate,1018.0,33.3
2025-11-25,Jaipur,Rajasthan,23.1,13.4,18.3,59.4,0.0,9.5,165,Moderate,1025.2,47.0
2025-11-26,Jaipur,Rajasthan,23.4,12.4,17.9,55.4,0.0,7.5,190,Moderate,1022.6,37.6
2025-11-27,Jaipur,Rajasthan,21.7,8.6,15.1,55.5,0.0,12.4,166,Moderate,1018.0,24.0
2025-11-28,Jaipur,Rajasthan,20.1,8.6,14.4,60.1,0.0,16.0,160,Moderate,1024.2,25.9
2025-11-29,Jaipur,Rajasthan,18.8,9.7,14.2,51.3,0.0,9.7,173,Moderate,1023.2,50.4
2025-11-30,Jaipur,Rajasthan,22.5,8.8,15.6,52.1,0.0,8.4,193,Moderate,1021.6,5.6
2025-12-01,Jaipur,Rajasthan,22.8,12.2,17.5,54.9,0.0,6.9,195,Moderate,1027.2,36.6
2025-12-02,Jaipur,Rajasthan,23.1,9.3,16.2,51.4,0.0,7.9,216,Poor,1025.4,3.8
2025-12-03,Jaipur,Rajasthan,20.8,9.3,15.0,49.5,0.0,6.8,172,Moderate,1023.8,0.0
2025-12-04,Jaipur,Rajasthan,21.7,10.2,15.9,55.2,0.0,9.6,166,Moderate,1024.0,28.7
2025-12-05,Jaipur,Rajasthan,24.1,10.9,17.5,50.1,0.0,18.1,157,Moderate,1024.1,0.0
2025-12-06,Jaipur,Rajasthan,22.1,10.5,16.3,49.9,0.0,9.9,176,Moderate,1020.7,14.0
2025-12-07,Jaipur,Rajasthan,21.9,12.3,17.1,67.2,0.0,12.4,194,Moderate,1029.1,38.2
2025-12-08,Jaipur,Rajasthan,24.5,11.6,18.0,44.7,0.0,8.3,163,Moderate,1023.7,5.6
2025-12-09,Jaipur,Rajasthan,23.0,13.6,18.3,64.8,0.0,9.6,211,Poor,1027.2,43.3
2025-12-10,Jaipur,Rajasthan,25.3,14.8,20.0,40.5,0.0,8.1,182,Moderate,1021.5,0.0
2025-12-11,Jaipur,Rajasthan,24.9,14.8,19.8,52.6,0.0,6.6,218,Poor,1024.5,31.7
2025-12-12,Jaipur,Rajasthan,24.8,12.5,18.7,49.3,0.0,6.3,249,Poor,1021.3,0.0
2025-12-13,Jaipur,Rajasthan,23.3,10.9,17.1,47.8,0.0,17.3,188,Moderate,1018.4,15.9
2025-12-14,Jaipur,Rajasthan,23.5,12.6,18.1,47.8,0.0,7.6,205,Poor,1025.7,21.0
2025-12-15,Jaipur,Rajasthan,23.1,10.7,16.9,50.9,0.0,8.4,214,Poor,1024.7,14.6
2025-12-16,Jaipur,Rajasthan,20.0,8.6,14.3,59.1,0.0,6.3,189,Moderate,1024.0,16.5
2025-12-17,Jaipur,Rajasthan,20.2,5.9,13.1,52.5,0.0,8.1,197,Moderate,1018.7,0.5
2025-12-18,Jaipur,Rajasthan,19.1,8.1,13.6,69.9,0.0,10.5,170,Moderate,1024.4,40.3
2025-12-19,Jaipur,Rajasthan,21.1,8.0,14.5,54.2,0.0,10.2,173,Moderate,1025.6,2.6
2025-12-20,Jaipur,Rajasthan,18.7,5.4,12.1,51.3,0.0,8.8,197,Moderate,1023.7,4.0
2025-12-21,Jaipur,Rajasthan,20.0,7.2,13.6,42.2,0.0,10.7,188,Moderate,1025.7,18.9
2025-12-22,Jaipur,Rajasthan,21.6,8.7,15.2,44.7,0.0,7.7,203,Poor,1023.7,9.6
2025-12-23,Jaipur,Rajasthan,19.4,8.0,13.7,57.1,0.0,12.5,184,Moderate,1023.0,31.9
2025-12-24,Jaipur,Rajasthan,17.2,6.7,12.0,48.0,0.0,20.5,155,Moderate,1025.7,13.7
2025-12-25,Jaipur,Rajasthan,18.5,7.0,12.8,55.7,0.0,11.8,204,Poor,1021.4,20.6
2025-12-26,Jaipur,Rajasthan,20.8,9.5,15.1,56.1,0.0,8.4,179,Moderate,1026.1,20.8
2025-12-27,Jaipur,Rajasthan,22.4,10.1,16.2,55.2,0.0,7.4,201,Poor,1025.0,32.1
2025-12-28,Jaipur,Rajasthan,23.2,10.8,17.0,50.0,0.0,6.9,222,Poor,1025.8,10.6
2025-12-29,Jaipur,Rajasthan,23.6,10.8,17.2,58.6,0.0,8.7,208,Poor,1026.8,0.0
2025-12-30,Jaipur,Rajasthan,22.9,9.3,16.1,51.5,0.0,6.9,196,Moderate,1024.3,7.1
2025-12-31,Jaipur,Rajasthan,21.8,12.2,17.0,55.7,0.0,9.3,151,Moderate,1019.2,33.8
2024-01-01,Lucknow,Uttar Pradesh,22.4,10.6,16.5,58.8,0.0,9.3,161,Moderate,1023.7,23.7
2024-01-02,Lucknow,Uttar Pradesh,21.6,7.4,14.5,50.5,0.0,7.2,186,Moderate,1029.3,0.0
2024-01-03,Lucknow,Uttar Pradesh,21.6,10.5,16.0,53.9,0.0,15.7,227,Poor,1023.0,0.0
2024-01-04,Lucknow,Uttar Pradesh,25.9,11.2,18.6,49.5,0.0,8.3,185,Moderate,1025.3,9.1
2024-01-05,Lucknow,Uttar Pradesh,21.4,8.4,14.9,46.1,0.0,9.4,218,Poor,1024.6,1.9
2024-01-06,Lucknow,Uttar Pradesh,19.1,8.2,13.7,57.1,0.0,6.9,186,Moderate,1023.1,23.9
2024-01-07,Lucknow,Uttar Pradesh,20.6,8.0,14.3,63.4,0.0,10.1,165,Moderate,1026.8,13.9
2024-01-08,Lucknow,Uttar Pradesh,20.1,9.0,14.6,61.4,0.0,8.6,175,Moderate,1024.1,25.6
2024-01-09,Lucknow,Uttar Pradesh,19.6,8.0,13.8,59.0,0.0,9.2,206,Poor,1024.4,26.2
2024-01-10,Lucknow,Uttar Pradesh,17.0,4.8,10.9,50.4,0.0,7.9,145,Moderate,1028.3,7.1
2024-01-11,Lucknow,Uttar Pradesh,19.3,5.7,12.5,49.5,0.0,10.1,225,Poor,1025.1,15.1
2024-01-12,Lucknow,Uttar Pradesh,22.6,7.2,14.9,51.5,0.0,10.6,196,Moderate,1025.4,11.0
2024-01-13,Lucknow,Uttar Pradesh,21.9,9.8,15.8,53.4,0.0,7.8,184,Moderate,1024.6,31.2
2024-01-14,Lucknow,Uttar Pradesh,23.3,10.7,17.0,52.1,0.0,7.3,176,Moderate,1024.1,15.0
2024-01-15,Lucknow,Uttar Pradesh,22.5,12.0,17.3,57.0,0.0,7.3,181,Moderate,1021.5,34.8
2024-01-16,Lucknow,Uttar Pradesh,20.6,8.6,14.6,51.6,0.0,12.0,206,Poor,1026.6,37.2
2024-01-17,Lucknow,Uttar Pradesh,19.6,8.1,13.8,50.8,0.0,7.7,156,Moderate,1025.5,17.5
2024-01-18,Lucknow,Uttar Pradesh,18.8,5.8,12.3,53.1,0.0,11.4,180,Moderate,1027.0,12.0
2024-01-19,Lucknow,Uttar Pradesh,18.4,6.0,12.2,56.3,4.4,8.9,208,Poor,1025.6,8.1
2024-01-20,Lucknow,Uttar Pradesh,18.1,8.0,13.0,60.6,0.0,8.1,144,Moderate,1027.2,29.8
2024-01-21,Lucknow,Uttar Pradesh,20.3,8.3,14.3,49.5,0.0,6.5,178,Moderate,1025.0,17.7
2024-01-22,Lucknow,Uttar Pradesh,16.5,4.7,10.6,49.9,0.0,14.4,138,Moderate,1028.4,11.1
2024-01-23,Lucknow,Uttar Pradesh,19.7,7.0,13.3,53.9,0.0,8.7,157,Moderate,1023.0,32.2
2024-01-24,Lucknow,Uttar Pradesh,19.0,8.6,13.8,62.2,0.0,8.0,191,Moderate,1023.1,32.2
2024-01-25,Lucknow,Uttar Pradesh,20.7,7.8,14.3,49.7,0.0,8.9,198,Moderate,1028.0,5.9
2024-01-26,Lucknow,Uttar Pradesh,19.4,8.3,13.9,57.0,0.0,9.2,173,Moderate,1026.2,24.5
2024-01-27,Lucknow,Uttar Pradesh,20.9,10.5,15.7,57.7,0.0,7.6,152,Moderate,1027.7,26.6
2024-01-28,Lucknow,Uttar Pradesh,22.2,10.9,16.6,64.4,0.0,8.2,164,Moderate,1024.9,41.7
2024-01-29,Lucknow,Uttar Pradesh,23.7,11.3,17.5,45.5,0.0,7.1,194,Moderate,1022.7,15.0
2024-01-30,Lucknow,Uttar Pradesh,26.1,11.4,18.7,57.2,0.0,7.7,182,Moderate,1026.6,16.6
2024-01-31,Lucknow,Uttar Pradesh,27.5,14.7,21.1,53.9,0.0,8.6,154,Moderate,1018.5,24.4
2024-02-01,Lucknow,Uttar Pradesh,25.8,14.6,20.2,62.1,0.0,6.9,172,Moderate,1023.9,33.5
2024-02-02,Lucknow,Uttar Pradesh,25.6,13.2,19.4,58.8,0.0,8.4,196,Moderate,1017.4,21.9
2024-02-03,Lucknow,Uttar Pradesh,23.9,12.0,17.9,53.1,0.0,8.2,182,Moderate,1025.8,20.3
2024-02-04,Lucknow,Uttar Pradesh,25.6,13.7,19.7,44.8,0.0,7.8,155,Moderate,1020.1,8.3
2024-02-05,Lucknow,Uttar Pradesh,25.6,14.4,20.0,52.3,0.0,10.9,175,Moderate,1021.4,11.4
2024-02-06,Lucknow,Uttar Pradesh,26.2,14.7,20.4,43.6,0.0,7.1,166,Moderate,1019.9,13.7
2024-02-07,Lucknow,Uttar Pradesh,26.2,13.1,19.7,53.6,0.0,8.9,158,Moderate,1023.1,26.1
2024-02-08,Lucknow,Uttar Pradesh,23.4,11.3,17.4,50.0,0.0,7.7,177,Moderate,1022.1,23.9
2024-02-09,Lucknow,Uttar Pradesh,22.8,9.3,16.1,50.2,0.0,9.0,146,Moderate,1025.5,8.9
2024-02-10,Lucknow,Uttar Pradesh,23.1,11.0,17.1,44.4,0.0,8.9,160,Moderate,1021.0,29.8
2024-02-11,Lucknow,Uttar Pradesh,24.7,12.5,18.6,50.4,0.0,16.1,173,Moderate,1019.5,14.7
2024-02-12,Lucknow,Uttar Pradesh,22.2,10.5,16.4,53.4,0.0,18.6,196,Moderate,1021.4,16.3
2024-02-13,Lucknow,Uttar Pradesh,23.2,9.8,16.5,52.9,0.0,7.5,132,Moderate,1025.5,29.2
2024-02-14,Lucknow,Uttar Pradesh,23.2,11.3,17.2,54.9,0.0,8.5,147,Moderate,1024.0,30.5
2024-02-15,Lucknow,Uttar Pradesh,22.5,12.3,17.4,48.1,0.0,7.5,192,Moderate,1024.1,22.8
2024-02-16,Lucknow,Uttar Pradesh,21.7,13.0,17.4,62.1,0.0,8.9,135,Moderate,1020.5,44.2
2024-02-17,Lucknow,Uttar Pradesh,25.1,10.8,18.0,48.2,0.0,7.6,162,Moderate,1018.7,0.0
2024-02-18,Lucknow,Uttar Pradesh,25.1,14.6,19.9,64.4,0.0,7.5,203,Poor,1023.6,30.2
2024-02-19,Lucknow,Uttar Pradesh,26.7,13.5,20.1,48.5,0.0,8.0,145,Moderate,1017.8,2.6
2024-02-20,Lucknow,Uttar Pradesh,26.6,16.3,21.4,50.8,0.0,8.0,154,Moderate,1020.1,15.6
2024-02-21,Lucknow,Uttar Pradesh,25.9,14.1,20.0,47.9,0.0,6.3,135,Moderate,1019.0,17.1
2024-02-22,Lucknow,Uttar Pradesh,24.3,11.1,17.7,58.0,0.0,8.1,172,Moderate,1021.0,17.5
2024-02-23,Lucknow,Uttar Pradesh,24.4,11.8,18.1,47.0,0.0,14.6,100,Satisfactory,1017.2,5.4
2024-02-24,Lucknow,Uttar Pradesh,23.7,11.3,17.5,57.0,0.0,7.6,141,Moderate,1022.4,0.0
2024-02-25,Lucknow,Uttar Pradesh,24.5,11.2,17.9,56.6,0.0,10.9,118,Moderate,1023.2,0.0
2024-02-26,Lucknow,Uttar Pradesh,23.1,10.7,16.9,49.9,0.0,9.7,141,Moderate,1022.7,16.1
2024-02-27,Lucknow,Uttar Pradesh,24.4,12.6,18.5,50.7,0.0,8.0,192,Moderate,1017.8,20.0
2024-02-28,Lucknow,Uttar Pradesh,23.8,13.8,18.8,49.6,0.0,7.4,160,Moderate,1020.6,26.3
2024-02-29,Lucknow,Uttar Pradesh,26.3,14.8,20.6,46.8,0.0,7.1,156,Moderate,1018.8,33.3
2024-03-01,Lucknow,Uttar Pradesh,23.8,13.0,18.4,55.9,0.0,7.4,155,Moderate,1019.6,30.2
2024-03-02,Lucknow,Uttar Pradesh,23.8,12.4,18.1,55.1,0.0,6.9,148,Moderate,1022.9,32.5
2024-03-03,Lucknow,Uttar Pradesh,24.5,12.3,18.4,52.1,0.0,6.5,176,Moderate,1018.5,4.6
2024-03-04,Lucknow,Uttar Pradesh,26.3,13.9,20.1,53.5,0.0,7.3,161,Moderate,1020.1,33.1
2024-03-05,Lucknow,Uttar Pradesh,28.5,15.8,22.1,54.1,0.0,11.1,104,Moderate,1014.5,21.7
2024-03-06,Lucknow,Uttar Pradesh,28.2,15.1,21.7,45.1,0.0,10.0,156,Moderate,1018.2,0.0
2024-03-07,Lucknow,Uttar Pradesh,25.4,13.9,19.7,53.1,0.0,7.8,144,Moderate,1020.3,33.1
2024-03-08,Lucknow,Uttar Pradesh,27.1,12.4,19.8,48.4,0.0,11.6,137,Moderate,1018.0,5.8
2024-03-09,Lucknow,Uttar Pradesh,28.0,13.6,20.8,50.5,0.0,7.4,92,Satisfactory,1019.1,3.1
2024-03-10,Lucknow,Uttar Pradesh,27.4,15.1,21.2,52.4,0.0,6.7,137,Moderate,1016.0,39.1
2024-03-11,Lucknow,Uttar Pradesh,27.2,14.5,20.8,55.1,0.0,14.1,113,Moderate,1016.6,21.1
2024-03-12,Lucknow,Uttar Pradesh,25.4,12.8,19.1,44.5,0.0,9.1,112,Moderate,1017.6,4.3
2024-03-13,Lucknow,Uttar Pradesh,25.5,12.2,18.9,48.4,0.0,9.7,148,Moderate,1016.7,11.6
2024-03-14,Lucknow,Uttar Pradesh,24.6,11.8,18.2,46.2,0.0,7.5,93,Satisfactory,1019.6,34.5
2024-03-15,Lucknow,Uttar Pradesh,27.5,13.5,20.5,44.9,0.0,7.6,193,Moderate,1019.2,1.6
2024-03-16,Lucknow,Uttar Pradesh,27.3,15.8,21.5,43.3,0.0,7.8,100,Moderate,1017.9,15.9
2024-03-17,Lucknow,Uttar Pradesh,26.2,13.8,20.0,53.1,0.0,10.0,128,Moderate,1011.8,16.9
2024-03-18,Lucknow,Uttar Pradesh,25.8,15.5,20.6,61.2,0.0,7.1,128,Moderate,1015.9,56.7
2024-03-19,Lucknow,Uttar Pradesh,26.5,12.9,19.7,53.0,0.0,7.3,147,Moderate,1018.3,0.0
2024-03-20,Lucknow,Uttar Pradesh,27.5,13.3,20.4,54.7,0.0,10.4,148,Moderate,1016.0,0.0
2024-03-21,Lucknow,Uttar Pradesh,28.7,16.5,22.6,46.1,0.0,18.0,81,Satisfactory,1015.1,9.8
2024-03-22,Lucknow,Uttar Pradesh,28.6,15.9,22.2,43.3,0.0,8.3,118,Moderate,1017.4,9.1
2024-03-23,Lucknow,Uttar Pradesh,28.0,15.5,21.8,51.9,0.0,7.1,106,Moderate,1017.4,19.0
2024-03-24,Lucknow,Uttar Pradesh,26.6,13.6,20.1,47.6,0.0,7.0,93,Satisfactory,1017.0,13.0
2024-03-25,Lucknow,Uttar Pradesh,25.0,14.4,19.7,51.0,0.0,8.8,108,Moderate,1012.8,31.8
2024-03-26,Lucknow,Uttar Pradesh,25.2,15.6,20.4,51.0,0.0,12.3,96,Satisfactory,1013.1,20.9
2024-03-27,Lucknow,Uttar Pradesh,24.5,14.4,19.5,45.8,0.0,10.8,99,Satisfactory,1016.3,6.9
2024-03-28,Lucknow,Uttar Pradesh,26.0,13.8,19.9,60.9,0.0,9.4,93,Satisfactory,1011.0,17.0
2024-03-29,Lucknow,Uttar Pradesh,26.6,14.1,20.4,48.9,0.0,7.0,113,Moderate,1018.2,16.3
2024-03-30,Lucknow,Uttar Pradesh,27.9,17.0,22.5,52.6,0.0,8.9,117,Moderate,1014.4,35.0
2024-03-31,Lucknow,Uttar Pradesh,28.9,17.5,23.2,55.4,0.0,6.7,77,Satisfactory,1012.4,30.8
2024-04-01,Lucknow,Uttar Pradesh,29.1,16.1,22.6,62.4,0.0,12.9,99,Satisfactory,1012.8,29.2
2024-04-02,Lucknow,Uttar Pradesh,28.7,16.4,22.6,46.0,0.0,7.5,132,Moderate,1016.1,9.3
2024-04-03,Lucknow,Uttar Pradesh,28.2,16.1,22.2,41.4,0.0,8.0,67,Satisfactory,1011.1,24.2
2024-04-04,Lucknow,Uttar Pradesh,28.0,13.2,20.6,47.3,0.0,11.7,87,Satisfactory,1010.0,4.8
2024-04-05,Lucknow,Uttar Pradesh,25.9,15.6,20.7,44.7,0.0,7.9,102,Moderate,1011.7,30.2
2024-04-06,Lucknow,Uttar Pradesh,26.6,14.1,20.3,52.8,0.0,13.2,94,Satisfactory,1014.2,38.5
2024-04-07,Lucknow,Uttar Pradesh,27.3,12.9,20.1,54.7,0.0,6.1,113,Moderate,1016.8,0.0
2024-04-08,Lucknow,Uttar Pradesh,26.1,14.4,20.2,47.7,0.0,7.4,115,Moderate,1015.8,20.7
2024-04-09,Lucknow,Uttar Pradesh,25.0,15.6,20.3,46.5,0.0,10.2,83,Satisfactory,1012.3,20.8
2024-04-10,Lucknow,Uttar Pradesh,27.2,14.8,21.0,58.5,0.0,10.7,55,Satisfactory,1013.4,34.6
2024-04-11,Lucknow,Uttar Pradesh,31.3,16.9,24.1,46.0,0.0,7.5,76,Satisfactory,1012.5,12.0
2024-04-12,Lucknow,Uttar Pradesh,30.0,18.1,24.1,53.2,0.0,7.0,115,Moderate,1012.1,12.0
2024-04-13,Lucknow,Uttar Pradesh,34.7,20.9,27.8,44.9,0.0,9.6,56,Satisfactory,1006.5,20.7
2024-04-14,Lucknow,Uttar Pradesh,32.7,22.9,27.8,51.0,0.0,8.5,88,Satisfactory,1009.6,27.2
2024-04-15,Lucknow,Uttar Pradesh,34.3,22.1,28.2,38.7,0.0,6.4,99,Satisfactory,1011.6,21.6
2024-04-16,Lucknow,Uttar Pradesh,31.9,20.9,26.4,45.5,0.0,7.1,90,Satisfactory,1014.1,32.4
2024-04-17,Lucknow,Uttar Pradesh,32.0,22.0,27.0,48.3,0.0,10.3,87,Satisfactory,1010.8,29.6
2024-04-18,Lucknow,Uttar Pradesh,33.6,21.4,27.5,43.2,0.0,9.5,67,Satisfactory,1011.9,12.6
2024-04-19,Lucknow,Uttar Pradesh,31.3,19.5,25.4,61.4,0.0,7.8,68,Satisfactory,1011.9,21.8
2024-04-20,Lucknow,Uttar Pradesh,30.4,20.2,25.3,55.9,0.0,7.0,111,Moderate,1009.2,29.5
2024-04-21,Lucknow,Uttar Pradesh,33.2,19.8,26.5,50.7,0.0,10.1,105,Moderate,1006.8,10.3
2024-04-22,Lucknow,Uttar Pradesh,30.6,18.9,24.7,47.0,0.0,11.5,88,Satisfactory,1012.1,13.2
2024-04-23,Lucknow,Uttar Pradesh,30.4,17.6,24.0,39.4,0.0,9.7,71,Satisfactory,1013.6,3.0
2024-04-24,Lucknow,Uttar Pradesh,29.2,17.3,23.3,63.7,0.0,7.4,51,Satisfactory,1009.1,40.8
2024-04-25,Lucknow,Uttar Pradesh,28.5,19.7,24.1,49.7,0.0,7.9,64,Satisfactory,1011.9,54.4
2024-04-26,Lucknow,Uttar Pradesh,29.1,19.1,24.1,46.6,0.0,15.0,38,Good,1009.7,14.9
2024-04-27,Lucknow,Uttar Pradesh,30.7,19.9,25.3,55.2,0.0,9.0,79,Satisfactory,1006.1,32.1
2024-04-28,Lucknow,Uttar Pradesh,31.4,20.8,26.1,67.0,0.0,15.9,44,Good,1008.6,41.4
2024-04-29,Lucknow,Uttar Pradesh,33.2,20.7,27.0,54.7,0.0,8.0,67,Satisfactory,1007.0,7.5
2024-04-30,Lucknow,Uttar Pradesh,31.5,19.4,25.4,55.4,0.0,8.7,51,Satisfactory,1009.2,30.0
2024-05-01,Lucknow,Uttar Pradesh,33.4,22.7,28.1,64.0,0.0,7.2,15,Good,1008.3,42.5
2024-05-02,Lucknow,Uttar Pradesh,33.5,22.3,27.9,46.4,0.0,7.5,81,Satisfactory,1006.1,20.8
2024-05-03,Lucknow,Uttar Pradesh,36.4,24.0,30.2,50.0,0.0,7.3,49,Good,1003.9,22.5
2024-05-04,Lucknow,Uttar Pradesh,36.6,25.9,31.2,58.9,0.0,7.6,70,Satisfactory,1005.2,42.8
2024-05-05,Lucknow,Uttar Pradesh,36.1,23.7,29.9,40.6,13.4,10.4,21,Good,1009.4,18.8
2024-05-06,Lucknow,Uttar Pradesh,39.3,27.3,33.3,46.4,0.0,15.1,62,Satisfactory,1002.9,15.1
2024-05-07,Lucknow,Uttar Pradesh,37.8,25.9,31.8,49.5,0.0,9.3,28,Good,1006.9,22.0
2024-05-08,Lucknow,Uttar Pradesh,36.0,26.3,31.1,56.6,4.4,7.1,39,Good,1006.7,51.0
2024-05-09,Lucknow,Uttar Pradesh,34.5,24.3,29.4,48.1,2.7,8.9,37,Good,1004.7,38.3
2024-05-10,Lucknow,Uttar Pradesh,34.9,23.7,29.3,55.2,4.7,8.7,15,Good,1004.0,35.3
2024-05-11,Lucknow,Uttar Pradesh,32.5,21.4,26.9,56.9,0.0,11.1,39,Good,1007.4,37.1
2024-05-12,Lucknow,Uttar Pradesh,33.5,20.8,27.2,47.9,0.0,7.7,56,Satisfactory,1005.9,14.6
2024-05-13,Lucknow,Uttar Pradesh,32.8,21.8,27.3,60.1,0.0,9.1,42,Good,1004.8,38.6
2024-05-14,Lucknow,Uttar Pradesh,30.0,21.0,25.5,61.9,0.0,12.9,73,Satisfactory,1007.1,26.5
2024-05-15,Lucknow,Uttar Pradesh,31.7,19.9,25.8,52.6,0.0,15.8,15,Good,1009.1,30.3
2024-05-16,Lucknow,Uttar Pradesh,33.5,23.4,28.4,56.6,0.0,9.9,15,Good,1007.4,28.6
2024-05-17,Lucknow,Uttar Pradesh,35.4,24.4,29.9,64.0,0.0,10.6,15,Good,1004.7,45.1
2024-05-18,Lucknow,Uttar Pradesh,36.6,28.9,32.7,64.8,2.1,10.8,23,Good,996.7,56.5
2024-05-19,Lucknow,Uttar Pradesh,42.9,29.6,36.3,46.0,0.0,8.7,53,Satisfactory,1001.8,16.8
2024-05-20,Lucknow,Uttar Pradesh,40.5,32.9,36.7,58.4,0.0,11.5,23,Good,1000.0,45.0
2024-05-21,Lucknow,Uttar Pradesh,40.2,29.1,34.6,50.5,0.0,8.7,15,Good,1002.1,30.0
2024-05-22,Lucknow,Uttar Pradesh,35.6,26.3,31.0,62.5,1.5,9.9,52,Satisfactory,1002.6,46.1
2024-05-23,Lucknow,Uttar Pradesh,35.9,25.4,30.6,54.2,14.4,7.8,15,Good,1002.6,40.6
2024-05-24,Lucknow,Uttar Pradesh,35.8,23.3,29.5,49.1,0.0,8.3,15,Good,1005.6,29.3
2024-05-25,Lucknow,Uttar Pradesh,35.4,24.4,29.9,59.7,0.0,9.3,41,Good,1002.7,29.7
2024-05-26,Lucknow,Uttar Pradesh,34.3,23.2,28.7,64.3,10.9,9.7,22,Good,1002.8,37.0
2024-05-27,Lucknow,Uttar Pradesh,34.2,23.1,28.7,66.0,0.0,9.1,23,Good,1004.2,45.9
2024-05-28,Lucknow,Uttar Pradesh,33.2,24.5,28.9,59.3,0.0,9.9,51,Satisfactory,1000.9,48.6
2024-05-29,Lucknow,Uttar Pradesh,33.3,26.2,29.8,58.5,0.0,8.3,16,Good,1001.9,83.6
2024-05-30,Lucknow,Uttar Pradesh,34.8,24.4,29.6,68.6,0.0,8.2,24,Good,999.7,50.6
2024-05-31,Lucknow,Uttar Pradesh,35.6,24.4,30.0,66.3,2.1,12.4,15,Good,1003.5,25.5
2024-06-01,Lucknow,Uttar Pradesh,32.8,25.3,29.1,58.9,7.1,12.6,15,Good,1002.8,62.8
2024-06-02,Lucknow,Uttar Pradesh,33.2,24.0,28.6,66.0,0.0,9.4,15,Good,1006.5,54.7
2024-06-03,Lucknow,Uttar Pradesh,32.0,22.6,27.3,62.4,0.0,10.7,23,Good,999.3,45.8
2024-06-04,Lucknow,Uttar Pradesh,33.8,23.1,28.5,65.1,0.0,9.8,15,Good,1004.0,32.8
2024-06-05,Lucknow,Uttar Pradesh,33.3,24.6,28.9,73.5,0.0,10.1,15,Good,998.3,45.1
2024-06-06,Lucknow,Uttar Pradesh,34.7,26.7,30.7,69.4,0.0,10.7,15,Good,999.2,65.3
2024-06-07,Lucknow,Uttar Pradesh,34.2,26.0,30.1,67.2,0.0,10.3,15,Good,996.9,57.2
2024-06-08,Lucknow,Uttar Pradesh,33.6,26.7,30.1,75.1,16.7,13.4,15,Good,1001.2,70.2
2024-06-09,Lucknow,Uttar Pradesh,34.6,25.9,30.2,63.1,0.0,12.1,15,Good,1001.4,70.4
2024-06-10,Lucknow,Uttar Pradesh,34.4,26.6,30.5,75.2,18.3,10.5,15,Good,1000.0,55.8
2024-06-11,Lucknow,Uttar Pradesh,39.8,28.9,34.3,63.3,0.0,11.6,15,Good,995.1,7.5
2024-06-12,Lucknow,Uttar Pradesh,37.8,29.6,33.7,66.4,0.0,13.1,15,Good,998.5,40.4
2024-06-13,Lucknow,Uttar Pradesh,39.0,29.2,34.1,62.7,0.0,10.3,15,Good,999.5,32.2
2024-06-14,Lucknow,Uttar Pradesh,36.0,29.3,32.7,74.7,0.0,14.5,15,Good,997.7,75.5
2024-06-15,Lucknow,Uttar Pradesh,38.1,29.8,34.0,71.6,0.0,10.7,41,Good,999.0,63.0
2024-06-16,Lucknow,Uttar Pradesh,36.9,29.9,33.4,71.7,1.6,16.9,15,Good,1001.3,54.1
2024-06-17,Lucknow,Uttar Pradesh,34.1,27.5,30.8,66.4,2.4,12.2,15,Good,998.6,52.4
2024-06-18,Lucknow,Uttar Pradesh,35.0,30.2,32.6,80.4,14.9,9.9,15,Good,996.9,74.8
2024-06-19,Lucknow,Uttar Pradesh,36.1,27.2,31.7,72.1,5.0,10.4,15,Good,999.1,48.6
2024-06-20,Lucknow,Uttar Pradesh,37.8,28.0,32.9,72.5,12.1,10.4,15,Good,1002.4,43.3
2024-06-21,Lucknow,Uttar Pradesh,35.2,25.6,30.4,72.3,17.2,13.0,15,Good,1000.4,44.6
2024-06-22,Lucknow,Uttar Pradesh,32.7,26.2,29.5,83.3,6.4,10.9,15,Good,996.5,66.9
2024-06-23,Lucknow,Uttar Pradesh,32.3,24.4,28.3,86.9,0.0,12.6,15,Good,1002.5,55.6
2024-06-24,Lucknow,Uttar Pradesh,31.1,27.3,29.2,86.9,3.8,13.0,15,Good,998.6,81.4
2024-06-25,Lucknow,Uttar Pradesh,36.8,28.1,32.5,72.5,36.4,12.0,15,Good,998.0,66.2
2024-06-26,Lucknow,Uttar Pradesh,36.9,27.5,32.2,77.4,0.0,16.1,15,Good,995.8,47.7
2024-06-27,Lucknow,Uttar Pradesh,34.3,26.4,30.4,84.3,0.0,13.1,15,Good,999.1,65.8
2024-06-28,Lucknow,Uttar Pradesh,33.8,27.1,30.4,81.4,20.2,10.5,15,Good,994.8,56.3
2024-06-29,Lucknow,Uttar Pradesh,35.8,29.4,32.6,79.2,13.8,13.2,15,Good,995.8,67.7
2024-06-30,Lucknow,Uttar Pradesh,35.8,30.4,33.1,86.8,8.9,12.3,15,Good,999.1,85.2
2024-07-01,Lucknow,Uttar Pradesh,38.0,29.6,33.8,87.5,0.0,10.5,15,Good,997.8,68.1
2024-07-02,Lucknow,Uttar Pradesh,39.0,30.8,34.9,79.9,12.5,15.7,15,Good,995.7,61.0
2024-07-03,Lucknow,Uttar Pradesh,38.9,33.1,36.0,91.4,0.0,14.1,15,Good,996.5,76.6
2024-07-04,Lucknow,Uttar Pradesh,41.0,33.5,37.3,78.0,0.0,12.3,15,Good,997.8,64.4
2024-07-05,Lucknow,Uttar Pradesh,39.8,34.8,37.3,79.6,36.6,11.9,15,Good,997.2,78.5
2024-07-06,Lucknow,Uttar Pradesh,35.9,31.4,33.7,86.7,0.0,15.6,15,Good,998.7,78.4
2024-07-07,Lucknow,Uttar Pradesh,36.9,29.9,33.4,74.3,5.6,13.6,15,Good,995.0,59.9
2024-07-08,Lucknow,Uttar Pradesh,37.8,31.6,34.7,82.9,11.0,10.8,15,Good,995.6,56.1
2024-07-09,Lucknow,Uttar Pradesh,37.6,32.9,35.3,84.2,28.8,17.9,15,Good,1000.7,69.5
2024-07-10,Lucknow,Uttar Pradesh,39.4,33.7,36.5,91.0,35.5,13.2,15,Good,995.6,80.2
2024-07-11,Lucknow,Uttar Pradesh,37.5,33.6,35.6,84.4,0.0,16.7,15,Good,995.8,99.7
2024-07-12,Lucknow,Uttar Pradesh,38.6,32.6,35.6,88.2,0.0,13.3,15,Good,996.9,60.0
2024-07-13,Lucknow,Uttar Pradesh,37.3,30.9,34.1,87.3,34.0,12.5,15,Good,997.5,63.1
2024-07-14,Lucknow,Uttar Pradesh,33.4,28.4,30.9,100.0,1.5,13.6,15,Good,996.0,93.1
2024-07-15,Lucknow,Uttar Pradesh,33.4,28.3,30.9,92.8,16.7,19.3,15,Good,993.0,82.4
2024-07-16,Lucknow,Uttar Pradesh,33.4,27.5,30.5,94.8,34.6,12.9,15,Good,997.5,77.7
2024-07-17,Lucknow,Uttar Pradesh,32.0,27.3,29.6,99.9,8.9,12.1,15,Good,998.3,90.4
2024-07-18,Lucknow,Uttar Pradesh,31.6,25.7,28.7,89.3,0.0,13.6,15,Good,995.1,99.2
2024-07-19,Lucknow,Uttar Pradesh,33.7,27.9,30.8,100.0,8.3,17.3,15,Good,998.6,95.2
2024-07-20,Lucknow,Uttar Pradesh,36.2,29.9,33.1,89.2,0.0,12.7,15,Good,998.2,69.6
2024-07-21,Lucknow,Uttar Pradesh,35.8,31.5,33.6,86.7,0.0,24.6,15,Good,999.3,85.4
2024-07-22,Lucknow,Uttar Pradesh,36.5,32.6,34.5,94.0,29.2,11.4,15,Good,995.0,94.6
2024-07-23,Lucknow,Uttar Pradesh,33.1,28.7,30.9,99.1,6.4,14.3,15,Good,999.0,76.9
2024-07-24,Lucknow,Uttar Pradesh,32.6,28.4,30.5,93.9,3.3,13.4,15,Good,999.5,86.4
2024-07-25,Lucknow,Uttar Pradesh,32.5,25.9,29.2,94.3,16.9,12.4,15,Good,1001.8,73.6
2024-07-26,Lucknow,Uttar Pradesh,29.9,24.3,27.1,84.4,20.1,18.5,15,Good,1001.2,69.7
2024-07-27,Lucknow,Uttar Pradesh,30.2,25.4,27.8,93.6,2.9,14.1,16,Good,1001.5,88.2
2024-07-28,Lucknow,Uttar Pradesh,33.3,27.6,30.5,100.0,0.0,17.6,15,Good,999.0,93.6
2024-07-29,Lucknow,Uttar Pradesh,34.3,28.9,31.6,100.0,33.4,12.1,15,Good,997.6,90.4
2024-07-30,Lucknow,Uttar Pradesh,34.6,27.6,31.1,90.0,9.2,13.3,15,Good,1001.3,61.0
2024-07-31,Lucknow,Uttar Pradesh,32.4,28.2,30.3,100.0,27.1,11.7,15,Good,996.5,98.3
2024-08-01,Lucknow,Uttar Pradesh,33.0,28.1,30.5,92.8,6.9,17.3,15,Good,1002.2,87.6
2024-08-02,Lucknow,Uttar Pradesh,33.4,28.0,30.7,96.1,26.8,12.2,15,Good,1000.8,94.8
2024-08-03,Lucknow,Uttar Pradesh,35.0,28.0,31.5,83.3,11.5,11.8,15,Good,998.4,65.1
2024-08-04,Lucknow,Uttar Pradesh,35.1,30.4,32.7,90.1,9.6,16.2,15,Good,995.7,88.7
2024-08-05,Lucknow,Uttar Pradesh,36.3,32.3,34.3,90.0,12.0,17.5,15,Good,998.4,84.4
2024-08-06,Lucknow,Uttar Pradesh,38.2,30.5,34.3,76.0,5.5,13.0,17,Good,997.4,57.2
2024-08-07,Lucknow,Uttar Pradesh,35.7,29.7,32.7,100.0,2.8,16.4,15,Good,996.1,81.5
2024-08-08,Lucknow,Uttar Pradesh,34.2,28.7,31.5,82.6,8.4,13.8,15,Good,998.6,61.0
2024-08-09,Lucknow,Uttar Pradesh,35.7,29.7,32.7,88.7,0.0,14.0,15,Good,1001.3,74.3
2024-08-10,Lucknow,Uttar Pradesh,36.7,32.0,34.4,85.4,1.6,11.4,36,Good,999.2,100.0
2024-08-11,Lucknow,Uttar Pradesh,35.4,29.7,32.6,72.4,27.0,11.6,15,Good,999.4,76.8
2024-08-12,Lucknow,Uttar Pradesh,38.7,30.3,34.5,92.5,8.9,15.0,15,Good,996.4,69.3
2024-08-13,Lucknow,Uttar Pradesh,40.1,30.5,35.3,78.7,18.5,12.2,22,Good,999.1,48.8
2024-08-14,Lucknow,Uttar Pradesh,39.3,34.1,36.7,71.1,7.8,10.6,25,Good,1002.4,72.0
2024-08-15,Lucknow,Uttar Pradesh,41.5,34.8,38.2,73.5,0.0,13.5,25,Good,999.1,64.1
2024-08-16,Lucknow,Uttar Pradesh,38.8,29.1,34.0,86.3,17.3,12.5,15,Good,999.6,39.8
2024-08-17,Lucknow,Uttar Pradesh,37.2,29.4,33.3,81.0,28.5,11.6,15,Good,1002.2,52.2
2024-08-18,Lucknow,Uttar Pradesh,34.6,27.9,31.3,72.9,0.0,10.5,57,Satisfactory,1004.0,80.3
2024-08-19,Lucknow,Uttar Pradesh,34.4,29.4,31.9,83.2,9.3,12.1,41,Good,1004.2,84.6
2024-08-20,Lucknow,Uttar Pradesh,34.4,29.0,31.7,80.5,0.0,12.1,18,Good,1002.4,66.8
2024-08-21,Lucknow,Uttar Pradesh,35.4,28.5,32.0,85.9,0.0,12.3,15,Good,998.5,78.8
2024-08-22,Lucknow,Uttar Pradesh,35.4,28.5,32.0,79.4,0.0,9.8,57,Satisfactory,1004.0,64.2
2024-08-23,Lucknow,Uttar Pradesh,37.3,26.6,31.9,67.6,7.2,13.7,15,Good,1001.4,52.1
2024-08-24,Lucknow,Uttar Pradesh,33.1,26.9,30.0,83.1,10.0,12.7,33,Good,1001.9,93.7
2024-08-25,Lucknow,Uttar Pradesh,33.2,25.3,29.2,70.5,15.1,10.0,15,Good,1001.4,42.6
2024-08-26,Lucknow,Uttar Pradesh,31.2,23.4,27.3,85.3,7.6,13.2,35,Good,1005.2,68.5
2024-08-27,Lucknow,Uttar Pradesh,31.8,23.6,27.7,74.3,0.0,12.9,15,Good,1006.1,52.2
2024-08-28,Lucknow,Uttar Pradesh,33.5,25.0,29.2,73.5,10.9,12.4,26,Good,1002.7,56.5
2024-08-29,Lucknow,Uttar Pradesh,32.4,26.8,29.6,79.3,0.0,10.7,15,Good,1005.4,80.4
2024-08-30,Lucknow,Uttar Pradesh,31.4,23.2,27.3,72.8,0.0,13.8,36,Good,1007.2,59.1
2024-08-31,Lucknow,Uttar Pradesh,30.0,20.7,25.3,84.4,17.8,16.1,15,Good,1006.5,54.2
2024-09-01,Lucknow,Uttar Pradesh,33.7,24.1,28.9,77.8,4.5,11.1,57,Satisfactory,1005.0,47.9
2024-09-02,Lucknow,Uttar Pradesh,31.0,22.2,26.6,82.7,6.3,9.6,34,Good,1005.5,63.8
2024-09-03,Lucknow,Uttar Pradesh,32.0,19.6,25.8,65.9,0.0,9.9,57,Satisfactory,1004.9,42.1
2024-09-04,Lucknow,Uttar Pradesh,32.0,24.0,28.0,74.2,0.0,9.6,44,Good,1007.4,54.3
2024-09-05,Lucknow,Uttar Pradesh,37.7,27.0,32.3,71.1,7.8,11.6,52,Satisfactory,1007.1,47.6
2024-09-06,Lucknow,Uttar Pradesh,34.3,24.4,29.3,61.9,0.0,11.7,59,Satisfactory,1006.2,39.3
2024-09-07,Lucknow,Uttar Pradesh,32.9,23.1,28.0,59.5,12.1,8.6,69,Satisfactory,1005.6,30.0
2024-09-08,Lucknow,Uttar Pradesh,33.4,24.4,28.9,63.3,0.0,9.7,33,Good,1007.5,49.0
2024-09-09,Lucknow,Uttar Pradesh,35.7,25.3,30.5,57.5,6.9,11.4,48,Good,1004.4,41.4
2024-09-10,Lucknow,Uttar Pradesh,32.9,24.3,28.6,72.8,0.0,11.2,64,Satisfactory,1009.5,49.9
2024-09-11,Lucknow,Uttar Pradesh,32.9,23.5,28.2,64.6,0.0,9.6,104,Moderate,1009.6,15.7
2024-09-12,Lucknow,Uttar Pradesh,33.6,23.0,28.3,62.6,0.0,10.6,106,Moderate,1008.5,38.6
2024-09-13,Lucknow,Uttar Pradesh,33.6,24.7,29.1,66.5,0.0,21.0,15,Good,1006.6,55.6
2024-09-14,Lucknow,Uttar Pradesh,33.7,23.0,28.4,55.6,0.0,10.5,53,Satisfactory,1007.5,20.1
2024-09-15,Lucknow,Uttar Pradesh,32.4,25.8,29.1,80.0,0.0,8.8,17,Good,1004.5,68.1
2024-09-16,Lucknow,Uttar Pradesh,32.4,22.6,27.5,62.4,0.0,9.7,120,Moderate,1007.1,47.0
2024-09-17,Lucknow,Uttar Pradesh,31.7,20.5,26.1,60.9,0.7,13.1,71,Satisfactory,1010.7,39.9
2024-09-18,Lucknow,Uttar Pradesh,29.9,21.1,25.5,63.5,0.0,9.4,88,Satisfactory,1008.0,42.9
2024-09-19,Lucknow,Uttar Pradesh,32.1,21.0,26.6,53.0,0.0,9.8,69,Satisfactory,1014.3,27.9
2024-09-20,Lucknow,Uttar Pradesh,32.0,21.1,26.6,67.3,0.0,14.0,66,Satisfactory,1008.7,58.9
2024-09-21,Lucknow,Uttar Pradesh,32.7,21.7,27.2,68.0,0.0,8.4,107,Moderate,1007.9,40.3
2024-09-22,Lucknow,Uttar Pradesh,33.2,22.9,28.0,58.3,0.0,10.3,56,Satisfactory,1010.4,37.5
2024-09-23,Lucknow,Uttar Pradesh,32.5,23.2,27.8,65.7,0.0,9.3,59,Satisfactory,1010.8,49.9
2024-09-24,Lucknow,Uttar Pradesh,33.0,23.4,28.2,49.0,0.0,10.6,76,Satisfactory,1012.8,40.3
2024-09-25,Lucknow,Uttar Pradesh,35.1,23.8,29.4,49.1,0.0,9.1,88,Satisfactory,1009.5,23.9
2024-09-26,Lucknow,Uttar Pradesh,35.0,24.7,29.9,55.4,0.0,7.9,104,Moderate,1008.3,32.0
2024-09-27,Lucknow,Uttar Pradesh,35.5,25.6,30.6,46.4,0.0,8.0,94,Satisfactory,1008.9,39.3
2024-09-28,Lucknow,Uttar Pradesh,35.6,25.0,30.3,55.4,0.0,13.2,63,Satisfactory,1012.8,31.6
2024-09-29,Lucknow,Uttar Pradesh,35.7,25.1,30.4,47.3,0.0,9.8,84,Satisfactory,1013.8,11.2
2024-09-30,Lucknow,Uttar Pradesh,37.6,28.1,32.8,56.1,0.0,9.1,99,Satisfactory,1008.9,47.6
2024-10-01,Lucknow,Uttar Pradesh,40.3,26.5,33.4,48.7,0.0,14.2,98,Satisfactory,1009.8,29.2
2024-10-02,Lucknow,Uttar Pradesh,37.5,27.2,32.4,47.8,1.3,10.3,116,Moderate,1013.3,21.5
2024-10-03,Lucknow,Uttar Pradesh,37.2,25.0,31.1,39.4,0.0,8.6,96,Satisfactory,1012.6,36.3
2024-10-04,Lucknow,Uttar Pradesh,34.5,21.8,28.2,45.6,0.0,10.0,84,Satisfactory,1011.0,21.4
2024-10-05,Lucknow,Uttar Pradesh,36.5,23.0,29.8,48.6,1.9,12.8,73,Satisfactory,1009.5,5.4
2024-10-06,Lucknow,Uttar Pradesh,34.7,23.9,29.3,43.7,0.0,11.3,125,Moderate,1010.9,26.4
2024-10-07,Lucknow,Uttar Pradesh,34.3,22.7,28.5,48.2,0.0,8.5,99,Satisfactory,1014.3,35.8
2024-10-08,Lucknow,Uttar Pradesh,33.6,20.1,26.9,49.1,0.0,9.6,91,Satisfactory,1010.2,23.1
2024-10-09,Lucknow,Uttar Pradesh,33.3,20.6,26.9,49.3,0.0,8.8,114,Moderate,1013.8,23.1
2024-10-10,Lucknow,Uttar Pradesh,34.0,22.1,28.0,53.4,0.0,17.8,125,Moderate,1012.5,22.6
2024-10-11,Lucknow,Uttar Pradesh,31.1,19.5,25.3,53.3,0.0,11.1,88,Satisfactory,1012.8,25.0
2024-10-12,Lucknow,Uttar Pradesh,29.8,19.0,24.4,50.1,0.0,7.7,132,Moderate,1013.7,28.5
2024-10-13,Lucknow,Uttar Pradesh,31.7,20.8,26.2,44.9,0.0,11.3,101,Moderate,1016.1,36.1
2024-10-14,Lucknow,Uttar Pradesh,31.9,20.4,26.1,68.4,0.0,7.0,126,Moderate,1015.6,34.9
2024-10-15,Lucknow,Uttar Pradesh,30.3,20.6,25.4,57.6,0.0,6.9,143,Moderate,1017.0,53.0
2024-10-16,Lucknow,Uttar Pradesh,30.9,20.9,25.9,60.4,0.0,9.4,147,Moderate,1013.3,48.3
2024-10-17,Lucknow,Uttar Pradesh,30.5,18.0,24.2,37.1,0.0,9.3,111,Moderate,1012.2,12.5
2024-10-18,Lucknow,Uttar Pradesh,31.5,17.7,24.6,48.5,0.0,9.4,140,Moderate,1016.0,20.7
2024-10-19,Lucknow,Uttar Pradesh,31.8,20.5,26.1,49.6,0.0,10.4,128,Moderate,1015.3,32.7
2024-10-20,Lucknow,Uttar Pradesh,30.2,16.5,23.4,44.1,0.0,8.4,138,Moderate,1015.3,0.0
2024-10-21,Lucknow,Uttar Pradesh,28.0,18.9,23.4,56.3,12.7,11.2,139,Moderate,1012.5,28.0
2024-10-22,Lucknow,Uttar Pradesh,31.9,18.2,25.0,45.8,0.0,8.1,117,Moderate,1017.9,10.3
2024-10-23,Lucknow,Uttar Pradesh,30.3,17.8,24.0,48.2,0.0,9.3,149,Moderate,1010.7,21.8
2024-10-24,Lucknow,Uttar Pradesh,29.6,17.2,23.4,50.8,0.0,7.6,141,Moderate,1018.4,22.8
2024-10-25,Lucknow,Uttar Pradesh,29.0,14.9,22.0,46.9,0.0,8.5,163,Moderate,1018.8,0.0
2024-10-26,Lucknow,Uttar Pradesh,27.2,18.6,22.9,52.3,0.0,8.0,148,Moderate,1018.6,56.3
2024-10-27,Lucknow,Uttar Pradesh,30.5,18.2,24.4,52.8,0.0,8.5,136,Moderate,1017.0,13.7
2024-10-28,Lucknow,Uttar Pradesh,30.0,17.6,23.8,51.3,0.0,10.3,156,Moderate,1012.9,41.5
2024-10-29,Lucknow,Uttar Pradesh,29.0,16.9,22.9,45.2,0.0,11.0,124,Moderate,1014.6,0.0
2024-10-30,Lucknow,Uttar Pradesh,29.0,17.7,23.3,55.4,0.0,11.4,128,Moderate,1016.2,11.9
2024-10-31,Lucknow,Uttar Pradesh,26.3,16.6,21.4,68.4,0.0,8.0,130,Moderate,1022.3,33.0
2024-11-01,Lucknow,Uttar Pradesh,26.2,14.2,20.2,54.0,0.0,9.5,130,Moderate,1021.0,18.9
2024-11-02,Lucknow,Uttar Pradesh,26.7,13.9,20.3,45.9,0.0,7.5,91,Satisfactory,1018.8,33.2
2024-11-03,Lucknow,Uttar Pradesh,28.3,16.6,22.4,50.7,0.0,10.1,134,Moderate,1017.5,29.4
2024-11-04,Lucknow,Uttar Pradesh,29.8,15.7,22.7,55.8,0.0,6.8,154,Moderate,1019.0,8.5
2024-11-05,Lucknow,Uttar Pradesh,27.8,18.9,23.4,51.7,0.0,14.3,154,Moderate,1020.4,36.7
2024-11-06,Lucknow,Uttar Pradesh,29.6,18.7,24.1,54.3,0.0,7.6,136,Moderate,1019.2,27.0
2024-11-07,Lucknow,Uttar Pradesh,29.8,17.0,23.4,48.8,0.0,9.6,141,Moderate,1016.2,0.0
2024-11-08,Lucknow,Uttar Pradesh,32.1,18.3,25.2,44.0,0.0,18.8,126,Moderate,1021.5,19.3
2024-11-09,Lucknow,Uttar Pradesh,31.4,19.5,25.5,58.4,0.0,8.1,175,Moderate,1019.6,26.7
2024-11-10,Lucknow,Uttar Pradesh,32.0,19.6,25.8,48.4,0.0,9.7,160,Moderate,1017.7,15.8
2024-11-11,Lucknow,Uttar Pradesh,30.1,17.7,23.9,48.1,0.0,6.8,173,Moderate,1020.0,18.8
2024-11-12,Lucknow,Uttar Pradesh,29.5,17.9,23.7,48.9,0.0,9.4,178,Moderate,1021.9,24.9
2024-11-13,Lucknow,Uttar Pradesh,28.9,13.3,21.1,40.3,0.0,7.1,177,Moderate,1021.1,0.0
2024-11-14,Lucknow,Uttar Pradesh,29.6,15.2,22.4,44.6,0.0,8.5,150,Moderate,1021.0,15.8
2024-11-15,Lucknow,Uttar Pradesh,27.0,13.3,20.2,44.8,0.0,6.6,207,Poor,1023.9,14.5
2024-11-16,Lucknow,Uttar Pradesh,28.7,16.1,22.4,62.8,0.0,9.3,122,Moderate,1019.1,28.9
2024-11-17,Lucknow,Uttar Pradesh,28.0,15.6,21.8,53.0,0.0,8.2,188,Moderate,1018.7,10.6
2024-11-18,Lucknow,Uttar Pradesh,27.4,16.5,21.9,50.3,0.0,8.1,179,Moderate,1019.8,45.6
2024-11-19,Lucknow,Uttar Pradesh,26.8,16.0,21.4,57.2,0.0,6.5,202,Poor,1022.7,10.3
2024-11-20,Lucknow,Uttar Pradesh,30.2,17.2,23.7,51.1,0.0,9.0,164,Moderate,1022.4,1.2
2024-11-21,Lucknow,Uttar Pradesh,27.6,18.0,22.8,49.0,0.0,8.1,161,Moderate,1021.1,34.6
2024-11-22,Lucknow,Uttar Pradesh,25.5,13.4,19.5,55.9,0.0,7.5,151,Moderate,1020.2,27.6
2024-11-23,Lucknow,Uttar Pradesh,26.4,14.6,20.5,48.2,0.0,7.2,153,Moderate,1025.2,23.9
2024-11-24,Lucknow,Uttar Pradesh,25.7,12.5,19.1,56.0,0.0,9.9,167,Moderate,1019.8,15.8
2024-11-25,Lucknow,Uttar Pradesh,25.4,12.2,18.8,53.2,0.0,9.1,155,Moderate,1021.4,14.3
2024-11-26,Lucknow,Uttar Pradesh,26.8,13.8,20.3,49.8,0.0,8.7,160,Moderate,1020.6,24.7
2024-11-27,Lucknow,Uttar Pradesh,26.8,14.7,20.8,42.1,0.0,15.7,135,Moderate,1024.1,9.9
2024-11-28,Lucknow,Uttar Pradesh,24.0,15.2,19.6,56.1,0.0,11.2,194,Moderate,1022.0,43.4
2024-11-29,Lucknow,Uttar Pradesh,23.3,9.4,16.4,57.0,0.0,9.9,159,Moderate,1026.6,23.7
2024-11-30,Lucknow,Uttar Pradesh,22.4,10.5,16.4,59.4,0.0,8.7,188,Moderate,1025.0,16.4
2024-12-01,Lucknow,Uttar Pradesh,22.6,10.0,16.3,55.7,0.0,9.7,175,Moderate,1021.7,14.4
2024-12-02,Lucknow,Uttar Pradesh,23.1,8.7,15.9,55.0,0.0,13.4,176,Moderate,1023.1,3.3
2024-12-03,Lucknow,Uttar Pradesh,22.4,11.1,16.7,51.8,0.0,6.7,181,Moderate,1022.5,29.7
2024-12-04,Lucknow,Uttar Pradesh,23.5,11.6,17.6,40.3,0.0,9.2,198,Moderate,1026.2,8.1
2024-12-05,Lucknow,Uttar Pradesh,24.7,10.2,17.4,43.8,0.0,9.6,194,Moderate,1025.2,17.1
2024-12-06,Lucknow,Uttar Pradesh,20.1,10.9,15.5,60.7,0.0,7.0,215,Poor,1020.9,55.6
2024-12-07,Lucknow,Uttar Pradesh,22.4,7.0,14.7,46.7,0.0,8.8,170,Moderate,1025.5,0.0
2024-12-08,Lucknow,Uttar Pradesh,22.2,9.5,15.8,53.1,0.0,10.2,162,Moderate,1024.0,18.2
2024-12-09,Lucknow,Uttar Pradesh,24.4,9.8,17.1,52.4,0.0,9.9,174,Moderate,1021.3,0.0
2024-12-10,Lucknow,Uttar Pradesh,25.1,11.2,18.2,53.4,0.0,8.6,189,Moderate,1022.0,10.5
2024-12-11,Lucknow,Uttar Pradesh,24.0,11.9,17.9,39.9,0.0,9.1,197,Moderate,1023.3,16.1
2024-12-12,Lucknow,Uttar Pradesh,24.6,10.4,17.5,61.3,0.0,8.8,173,Moderate,1019.5,0.1
2024-12-13,Lucknow,Uttar Pradesh,24.8,10.9,17.8,55.4,0.0,6.8,197,Moderate,1024.3,23.8
2024-12-14,Lucknow,Uttar Pradesh,21.8,9.7,15.7,59.9,0.0,7.9,186,Moderate,1024.7,39.8
2024-12-15,Lucknow,Uttar Pradesh,25.0,11.8,18.4,51.9,0.0,8.8,183,Moderate,1023.3,22.3
2024-12-16,Lucknow,Uttar Pradesh,25.3,13.0,19.1,52.1,0.0,7.8,191,Moderate,1023.7,28.9
2024-12-17,Lucknow,Uttar Pradesh,26.4,15.6,21.0,59.8,0.0,10.2,219,Poor,1022.7,38.7
2024-12-18,Lucknow,Uttar Pradesh,24.7,13.8,19.3,47.8,0.0,6.6,213,Poor,1021.4,25.4
2024-12-19,Lucknow,Uttar Pradesh,27.1,11.9,19.5,48.5,0.0,7.9,216,Poor,1022.4,0.0
2024-12-20,Lucknow,Uttar Pradesh,25.0,13.3,19.2,59.0,0.0,8.1,200,Poor,1022.2,19.4
2024-12-21,Lucknow,Uttar Pradesh,25.9,12.8,19.3,48.0,0.0,10.2,226,Poor,1025.0,0.0
2024-12-22,Lucknow,Uttar Pradesh,25.5,12.3,18.9,51.4,0.0,8.8,211,Poor,1021.8,6.8
2024-12-23,Lucknow,Uttar Pradesh,22.6,10.5,16.5,42.1,0.0,8.9,160,Moderate,1023.5,0.0
2024-12-24,Lucknow,Uttar Pradesh,24.4,12.6,18.5,56.4,0.0,8.6,208,Poor,1024.1,20.9
2024-12-25,Lucknow,Uttar Pradesh,22.5,10.1,16.3,52.4,0.0,7.2,203,Poor,1021.6,5.8
2024-12-26,Lucknow,Uttar Pradesh,21.3,10.7,16.0,54.0,0.0,8.9,205,Poor,1023.9,22.7
2024-12-27,Lucknow,Uttar Pradesh,22.1,11.8,17.0,58.7,0.0,9.1,158,Moderate,1024.6,28.8
2024-12-28,Lucknow,Uttar Pradesh,26.4,13.0,19.7,41.6,0.0,8.1,162,Moderate,1024.1,2.8
2024-12-29,Lucknow,Uttar Pradesh,25.2,12.0,18.6,61.0,0.0,9.6,188,Moderate,1024.7,20.3
2024-12-30,Lucknow,Uttar Pradesh,23.6,10.1,16.8,63.3,0.0,7.5,157,Moderate,1023.0,0.0
2024-12-31,Lucknow,Uttar Pradesh,26.0,13.5,19.7,43.7,0.0,8.0,210,Poor,1021.5,0.0
2025-01-01,Lucknow,Uttar Pradesh,22.4,11.9,17.1,62.3,0.0,12.0,187,Moderate,1023.5,35.4
2025-01-02,Lucknow,Uttar Pradesh,21.3,7.8,14.5,51.4,0.0,7.5,238,Poor,1025.6,6.8
2025-01-03,Lucknow,Uttar Pradesh,23.3,9.3,16.3,45.4,0.0,7.9,203,Poor,1024.1,10.7
2025-01-04,Lucknow,Uttar Pradesh,22.8,8.8,15.8,57.7,0.0,9.2,206,Poor,1022.6,6.9
2025-01-05,Lucknow,Uttar Pradesh,21.9,8.1,15.0,48.8,0.0,12.7,194,Moderate,1029.5,0.0
2025-01-06,Lucknow,Uttar Pradesh,24.0,9.2,16.6,52.8,0.0,10.6,189,Moderate,1023.0,3.3
2025-01-07,Lucknow,Uttar Pradesh,23.5,11.6,17.6,61.6,0.0,9.1,193,Moderate,1021.6,17.1
2025-01-08,Lucknow,Uttar Pradesh,28.8,17.2,23.0,49.5,0.0,8.6,191,Moderate,1021.3,11.9
2025-01-09,Lucknow,Uttar Pradesh,29.2,18.1,23.7,51.8,0.0,6.5,145,Moderate,1024.3,31.9
2025-01-10,Lucknow,Uttar Pradesh,32.5,18.2,25.4,39.3,0.0,8.9,215,Poor,1023.2,7.2
2025-01-11,Lucknow,Uttar Pradesh,30.5,17.4,24.0,42.4,0.0,7.4,219,Poor,1026.0,16.5
2025-01-12,Lucknow,Uttar Pradesh,29.0,15.0,22.0,46.6,0.0,7.3,213,Poor,1020.9,10.2
2025-01-13,Lucknow,Uttar Pradesh,27.7,16.3,22.0,49.9,0.0,6.9,197,Moderate,1022.3,30.9
2025-01-14,Lucknow,Uttar Pradesh,29.7,15.9,22.8,47.8,0.0,10.6,182,Moderate,1024.7,0.0
2025-01-15,Lucknow,Uttar Pradesh,23.6,11.9,17.7,48.0,0.0,7.7,167,Moderate,1021.9,23.7
2025-01-16,Lucknow,Uttar Pradesh,23.6,12.4,18.0,49.1,0.0,6.9,166,Moderate,1026.2,22.6
2025-01-17,Lucknow,Uttar Pradesh,21.4,8.2,14.8,51.2,0.0,8.2,176,Moderate,1024.8,7.3
2025-01-18,Lucknow,Uttar Pradesh,20.3,8.1,14.2,55.2,0.0,12.3,183,Moderate,1023.3,17.8
2025-01-19,Lucknow,Uttar Pradesh,19.4,8.0,13.7,57.0,0.0,7.1,200,Moderate,1021.5,24.9
2025-01-20,Lucknow,Uttar Pradesh,19.7,6.2,12.9,53.1,0.0,12.8,165,Moderate,1026.2,10.2
2025-01-21,Lucknow,Uttar Pradesh,22.4,9.2,15.8,47.5,0.0,9.3,156,Moderate,1027.2,8.2
2025-01-22,Lucknow,Uttar Pradesh,23.5,8.6,16.0,52.6,0.0,12.8,160,Moderate,1024.8,0.9
2025-01-23,Lucknow,Uttar Pradesh,21.7,12.1,16.9,64.8,0.0,8.2,184,Moderate,1024.6,45.9
2025-01-24,Lucknow,Uttar Pradesh,20.5,8.2,14.4,55.0,0.0,10.4,146,Moderate,1025.0,12.6
2025-01-25,Lucknow,Uttar Pradesh,17.6,6.0,11.8,50.5,0.0,14.3,173,Moderate,1027.0,3.5
2025-01-26,Lucknow,Uttar Pradesh,18.9,6.3,12.6,42.5,0.0,7.7,221,Poor,1027.3,0.0
2025-01-27,Lucknow,Uttar Pradesh,18.8,5.2,12.0,62.9,0.0,8.3,166,Moderate,1019.2,9.3
2025-01-28,Lucknow,Uttar Pradesh,19.0,6.2,12.6,56.4,0.0,8.9,228,Poor,1024.1,24.0
2025-01-29,Lucknow,Uttar Pradesh,19.7,6.5,13.1,61.9,0.0,9.2,164,Moderate,1023.3,16.4
2025-01-30,Lucknow,Uttar Pradesh,20.0,6.8,13.4,65.1,0.0,6.1,182,Moderate,1024.7,24.7
2025-01-31,Lucknow,Uttar Pradesh,20.9,8.7,14.8,60.8,0.0,9.6,188,Moderate,1023.1,29.0
2025-02-01,Lucknow,Uttar Pradesh,22.2,9.7,15.9,57.9,0.0,9.0,176,Moderate,1024.4,16.2
2025-02-02,Lucknow,Uttar Pradesh,23.4,10.2,16.8,56.8,0.0,7.9,142,Moderate,1023.8,16.1
2025-02-03,Lucknow,Uttar Pradesh,20.8,10.7,15.7,57.5,0.0,17.5,159,Moderate,1019.5,40.4
2025-02-04,Lucknow,Uttar Pradesh,20.7,10.8,15.7,50.3,0.0,11.1,171,Moderate,1018.9,28.9
2025-02-05,Lucknow,Uttar Pradesh,20.3,8.8,14.6,60.0,0.0,12.9,158,Moderate,1025.0,24.7
2025-02-06,Lucknow,Uttar Pradesh,21.6,9.2,15.4,45.4,0.0,8.0,177,Moderate,1021.5,14.0
2025-02-07,Lucknow,Uttar Pradesh,22.7,10.9,16.8,53.0,0.0,7.7,185,Moderate,1026.2,27.5
2025-02-08,Lucknow,Uttar Pradesh,23.0,11.8,17.4,50.2,0.0,9.7,150,Moderate,1024.2,22.6
2025-02-09,Lucknow,Uttar Pradesh,23.4,11.9,17.6,56.0,0.0,8.8,182,Moderate,1018.7,22.0
2025-02-10,Lucknow,Uttar Pradesh,23.3,10.8,17.0,56.0,0.0,7.8,159,Moderate,1020.8,28.0
2025-02-11,Lucknow,Uttar Pradesh,23.3,12.5,17.9,49.7,0.0,7.8,205,Poor,1022.5,22.1
2025-02-12,Lucknow,Uttar Pradesh,21.3,7.7,14.5,48.5,0.0,6.8,195,Moderate,1022.0,0.0
2025-02-13,Lucknow,Uttar Pradesh,17.8,6.3,12.0,67.1,0.0,11.2,138,Moderate,1023.1,21.9
2025-02-14,Lucknow,Uttar Pradesh,17.8,6.2,12.0,49.8,0.0,10.5,188,Moderate,1021.1,5.6
2025-02-15,Lucknow,Uttar Pradesh,16.3,5.2,10.8,59.3,0.0,6.3,179,Moderate,1024.3,30.8
2025-02-16,Lucknow,Uttar Pradesh,17.6,4.9,11.3,55.9,0.0,10.5,170,Moderate,1023.4,0.0
2025-02-17,Lucknow,Uttar Pradesh,19.4,7.5,13.4,56.2,0.0,14.7,142,Moderate,1024.1,20.0
2025-02-18,Lucknow,Uttar Pradesh,19.1,6.9,13.0,59.5,0.0,10.7,148,Moderate,1022.5,21.6
2025-02-19,Lucknow,Uttar Pradesh,21.0,9.7,15.3,56.2,0.0,7.6,156,Moderate,1020.6,3.4
2025-02-20,Lucknow,Uttar Pradesh,23.3,9.9,16.6,60.1,0.0,9.2,136,Moderate,1021.6,17.6
2025-02-21,Lucknow,Uttar Pradesh,25.5,10.9,18.2,54.4,0.0,6.5,121,Moderate,1021.5,28.6
2025-02-22,Lucknow,Uttar Pradesh,25.1,13.1,19.1,51.3,0.0,7.2,145,Moderate,1020.4,9.6
2025-02-23,Lucknow,Uttar Pradesh,27.2,15.5,21.3,51.0,0.0,10.5,135,Moderate,1022.1,20.1
2025-02-24,Lucknow,Uttar Pradesh,25.6,14.4,20.0,47.3,0.0,7.2,133,Moderate,1017.8,24.1
2025-02-25,Lucknow,Uttar Pradesh,25.9,13.5,19.7,48.2,0.0,8.2,166,Moderate,1021.7,2.3
2025-02-26,Lucknow,Uttar Pradesh,25.2,10.9,18.1,43.9,0.0,8.4,156,Moderate,1017.8,18.8
2025-02-27,Lucknow,Uttar Pradesh,23.2,10.9,17.0,54.1,0.0,10.4,131,Moderate,1021.7,16.0
2025-02-28,Lucknow,Uttar Pradesh,22.4,9.4,15.9,43.2,0.0,8.2,142,Moderate,1016.5,19.5
2025-03-01,Lucknow,Uttar Pradesh,24.4,9.6,17.0,43.9,0.0,7.2,155,Moderate,1019.5,0.0
2025-03-02,Lucknow,Uttar Pradesh,24.8,10.1,17.4,52.7,0.0,9.3,127,Moderate,1021.8,0.0
2025-03-03,Lucknow,Uttar Pradesh,26.0,13.7,19.9,56.6,0.0,6.8,92,Satisfactory,1018.2,34.6
2025-03-04,Lucknow,Uttar Pradesh,24.4,14.1,19.2,53.3,0.0,12.4,159,Moderate,1018.9,28.6
2025-03-05,Lucknow,Uttar Pradesh,24.5,11.5,18.0,50.6,0.0,6.8,143,Moderate,1019.8,21.9
2025-03-06,Lucknow,Uttar Pradesh,21.7,10.8,16.3,52.2,0.0,10.7,140,Moderate,1015.0,32.6
2025-03-07,Lucknow,Uttar Pradesh,26.1,10.8,18.4,44.9,0.0,9.8,138,Moderate,1019.5,0.2
2025-03-08,Lucknow,Uttar Pradesh,24.5,12.8,18.7,54.4,0.0,10.6,99,Satisfactory,1016.8,15.5
2025-03-09,Lucknow,Uttar Pradesh,24.0,12.5,18.2,49.8,0.0,7.1,123,Moderate,1020.5,14.5
2025-03-10,Lucknow,Uttar Pradesh,25.5,12.5,19.0,38.6,0.0,7.5,136,Moderate,1018.1,7.9
2025-03-11,Lucknow,Uttar Pradesh,27.6,13.5,20.6,40.4,0.0,7.7,130,Moderate,1018.2,1.9
2025-03-12,Lucknow,Uttar Pradesh,23.7,14.5,19.1,51.4,0.0,8.2,106,Moderate,1015.6,37.2
2025-03-13,Lucknow,Uttar Pradesh,25.1,12.7,18.9,48.3,0.0,6.8,141,Moderate,1019.4,10.1
2025-03-14,Lucknow,Uttar Pradesh,24.6,13.9,19.3,51.2,0.0,8.5,140,Moderate,1017.5,25.2
2025-03-15,Lucknow,Uttar Pradesh,26.6,13.7,20.2,46.3,0.0,8.5,117,Moderate,1014.2,23.1
2025-03-16,Lucknow,Uttar Pradesh,26.0,15.3,20.6,56.5,0.0,10.6,141,Moderate,1015.9,32.9
2025-03-17,Lucknow,Uttar Pradesh,26.2,13.6,19.9,43.2,0.0,8.4,135,Moderate,1018.3,29.0
2025-03-18,Lucknow,Uttar Pradesh,24.5,12.8,18.7,47.3,0.0,6.5,135,Moderate,1017.4,15.3
2025-03-19,Lucknow,Uttar Pradesh,29.6,15.7,22.7,48.6,0.0,6.6,113,Moderate,1017.3,0.0
2025-03-20,Lucknow,Uttar Pradesh,26.6,16.5,21.6,54.9,0.0,7.3,117,Moderate,1015.3,30.6
2025-03-21,Lucknow,Uttar Pradesh,24.6,13.7,19.2,54.0,0.0,8.1,135,Moderate,1018.9,36.7
2025-03-22,Lucknow,Uttar Pradesh,25.0,16.3,20.7,62.6,0.0,13.2,70,Satisfactory,1018.8,53.3
2025-03-23,Lucknow,Uttar Pradesh,25.8,13.0,19.4,55.8,0.0,11.3,75,Satisfactory,1012.6,33.4
2025-03-24,Lucknow,Uttar Pradesh,28.7,14.8,21.7,47.9,0.0,8.0,104,Moderate,1016.5,9.5
2025-03-25,Lucknow,Uttar Pradesh,28.5,15.5,22.0,50.7,0.0,7.4,112,Moderate,1018.1,11.3
2025-03-26,Lucknow,Uttar Pradesh,29.2,14.6,21.9,47.4,0.0,8.6,106,Moderate,1015.9,0.0
2025-03-27,Lucknow,Uttar Pradesh,27.9,15.4,21.6,53.9,0.0,8.6,118,Moderate,1014.8,7.5
2025-03-28,Lucknow,Uttar Pradesh,31.2,17.1,24.2,42.3,0.0,8.4,110,Moderate,1011.4,0.0
2025-03-29,Lucknow,Uttar Pradesh,31.3,19.6,25.4,47.1,0.0,6.8,108,Moderate,1012.9,25.1
2025-03-30,Lucknow,Uttar Pradesh,32.9,20.9,26.9,49.1,0.0,7.8,97,Satisfactory,1011.9,29.5
2025-03-31,Lucknow,Uttar Pradesh,33.3,22.9,28.1,51.3,0.0,7.7,120,Moderate,1014.2,47.2
2025-04-01,Lucknow,Uttar Pradesh,33.4,24.0,28.7,62.6,0.0,9.2,123,Moderate,1014.1,58.6
2025-04-02,Lucknow,Uttar Pradesh,32.7,22.3,27.5,48.3,0.0,11.3,83,Satisfactory,1012.0,19.7
2025-04-03,Lucknow,Uttar Pradesh,33.6,21.3,27.4,39.6,0.0,7.7,106,Moderate,1010.3,8.3
2025-04-04,Lucknow,Uttar Pradesh,34.6,20.0,27.3,36.6,0.0,9.0,86,Satisfactory,1007.8,11.2
2025-04-05,Lucknow,Uttar Pradesh,34.6,21.6,28.1,50.3,0.0,6.2,71,Satisfactory,1012.8,6.7
2025-04-06,Lucknow,Uttar Pradesh,31.2,21.8,26.5,51.4,0.0,8.9,52,Satisfactory,1012.9,50.3
2025-04-07,Lucknow,Uttar Pradesh,31.2,17.6,24.4,45.5,0.0,6.3,120,Moderate,1008.2,0.0
2025-04-08,Lucknow,Uttar Pradesh,28.6,19.5,24.0,53.3,0.0,7.1,108,Moderate,1013.3,42.0
2025-04-09,Lucknow,Uttar Pradesh,30.3,17.7,24.0,49.7,0.0,7.5,97,Satisfactory,1013.9,6.4
2025-04-10,Lucknow,Uttar Pradesh,29.9,17.2,23.5,45.1,0.0,9.2,104,Moderate,1006.6,14.5
2025-04-11,Lucknow,Uttar Pradesh,31.7,17.7,24.7,44.5,0.0,8.7,64,Satisfactory,1009.6,0.0
2025-04-12,Lucknow,Uttar Pradesh,33.1,21.6,27.3,46.5,0.0,6.5,105,Moderate,1015.7,32.9
2025-04-13,Lucknow,Uttar Pradesh,33.5,20.5,27.0,62.7,0.0,9.3,85,Satisfactory,1010.8,29.6
2025-04-14,Lucknow,Uttar Pradesh,34.2,21.6,27.9,38.5,0.0,13.2,55,Satisfactory,1014.8,2.9
2025-04-15,Lucknow,Uttar Pradesh,33.2,23.5,28.4,51.6,0.0,6.9,29,Good,1010.5,33.7
2025-04-16,Lucknow,Uttar Pradesh,33.1,22.2,27.7,63.2,1.6,7.8,43,Good,1012.3,31.6
2025-04-17,Lucknow,Uttar Pradesh,34.0,21.9,27.9,49.9,0.0,8.3,111,Moderate,1009.2,11.5
2025-04-18,Lucknow,Uttar Pradesh,35.5,21.9,28.7,41.3,0.0,8.2,109,Moderate,1008.1,0.0
2025-04-19,Lucknow,Uttar Pradesh,34.0,22.0,28.0,46.5,0.0,10.6,33,Good,1006.3,16.3
2025-04-20,Lucknow,Uttar Pradesh,32.3,21.2,26.8,46.7,0.0,9.9,20,Good,1010.8,35.0
2025-04-21,Lucknow,Uttar Pradesh,33.7,20.7,27.2,53.0,0.0,9.1,93,Satisfactory,1007.7,7.6
2025-04-22,Lucknow,Uttar Pradesh,32.3,20.5,26.4,50.5,0.0,8.4,63,Satisfactory,1007.5,36.3
2025-04-23,Lucknow,Uttar Pradesh,32.0,19.3,25.7,46.1,0.0,10.0,43,Good,1006.4,9.9
2025-04-24,Lucknow,Uttar Pradesh,34.8,22.5,28.6,42.0,0.0,6.7,39,Good,1008.6,19.2
2025-04-25,Lucknow,Uttar Pradesh,34.8,20.3,27.5,44.0,0.0,14.0,18,Good,1010.2,11.1
2025-04-26,Lucknow,Uttar Pradesh,33.2,23.0,28.1,48.4,0.0,10.9,81,Satisfactory,1007.9,23.6
2025-04-27,Lucknow,Uttar Pradesh,32.5,21.3,26.9,56.8,0.0,11.3,55,Satisfactory,1007.9,34.0
2025-04-28,Lucknow,Uttar Pradesh,33.0,22.8,27.9,54.6,0.0,15.6,15,Good,1011.1,45.0
2025-04-29,Lucknow,Uttar Pradesh,34.7,23.0,28.9,53.8,0.0,10.9,33,Good,1004.4,24.9
2025-04-30,Lucknow,Uttar Pradesh,34.6,20.7,27.6,32.7,0.0,7.3,91,Satisfactory,1011.5,1.3
2025-05-01,Lucknow,Uttar Pradesh,31.8,21.6,26.7,59.0,0.0,9.1,56,Satisfactory,1005.2,32.9
2025-05-02,Lucknow,Uttar Pradesh,33.7,22.2,27.9,41.6,0.0,10.9,15,Good,1007.2,19.6
2025-05-03,Lucknow,Uttar Pradesh,34.0,21.3,27.7,52.7,0.0,9.1,33,Good,1008.1,19.9
2025-05-04,Lucknow,Uttar Pradesh,36.1,24.6,30.4,32.5,0.0,9.4,42,Good,1008.4,24.6
2025-05-05,Lucknow,Uttar Pradesh,36.8,26.6,31.7,48.9,0.0,11.9,58,Satisfactory,1002.7,30.6
2025-05-06,Lucknow,Uttar Pradesh,38.1,25.2,31.6,50.8,0.0,8.7,42,Good,1006.1,17.5
2025-05-07,Lucknow,Uttar Pradesh,36.8,25.2,31.0,45.8,3.9,12.8,59,Satisfactory,1004.6,32.3
2025-05-08,Lucknow,Uttar Pradesh,37.3,26.0,31.6,49.4,0.0,8.1,48,Good,1007.4,29.9
2025-05-09,Lucknow,Uttar Pradesh,37.3,26.0,31.7,54.8,0.0,9.6,15,Good,1004.0,32.9
2025-05-10,Lucknow,Uttar Pradesh,36.9,25.8,31.4,55.4,0.0,7.2,54,Satisfactory,1001.3,37.8
2025-05-11,Lucknow,Uttar Pradesh,39.1,26.0,32.5,35.0,0.0,7.2,37,Good,1005.5,0.0
2025-05-12,Lucknow,Uttar Pradesh,37.9,26.0,31.9,53.8,0.0,17.4,15,Good,1004.7,23.8
2025-05-13,Lucknow,Uttar Pradesh,35.9,26.0,30.9,59.4,0.0,9.5,41,Good,1008.4,28.3
2025-05-14,Lucknow,Uttar Pradesh,34.5,23.6,29.0,58.8,0.0,9.0,27,Good,1007.2,28.7
2025-05-15,Lucknow,Uttar Pradesh,34.0,21.2,27.6,45.7,0.0,10.0,33,Good,1003.7,18.5
2025-05-16,Lucknow,Uttar Pradesh,35.8,22.0,28.9,46.4,0.0,10.7,15,Good,1006.9,21.3
2025-05-17,Lucknow,Uttar Pradesh,30.5,20.1,25.3,59.5,4.3,8.0,16,Good,1006.0,40.5
2025-05-18,Lucknow,Uttar Pradesh,29.6,20.3,24.9,62.7,0.0,11.5,46,Good,1007.2,40.6
2025-05-19,Lucknow,Uttar Pradesh,27.5,17.4,22.5,65.5,0.0,8.9,30,Good,1004.8,36.8
2025-05-20,Lucknow,Uttar Pradesh,29.8,19.8,24.8,52.5,0.0,17.3,15,Good,1004.7,21.5
2025-05-21,Lucknow,Uttar Pradesh,34.1,23.6,28.8,58.8,0.0,10.1,15,Good,1005.5,45.9
2025-05-22,Lucknow,Uttar Pradesh,33.6,23.8,28.7,55.5,0.0,7.5,51,Satisfactory,1005.5,45.7
2025-05-23,Lucknow,Uttar Pradesh,33.1,24.7,28.9,56.0,0.0,9.0,27,Good,999.7,50.9
2025-05-24,Lucknow,Uttar Pradesh,34.8,23.8,29.3,57.5,7.9,10.3,15,Good,1004.8,24.9
2025-05-25,Lucknow,Uttar Pradesh,30.4,23.0,26.7,71.6,0.0,8.2,51,Satisfactory,1002.5,89.0
2025-05-26,Lucknow,Uttar Pradesh,32.2,22.2,27.2,63.9,5.3,10.9,15,Good,1004.3,41.8
2025-05-27,Lucknow,Uttar Pradesh,34.4,24.2,29.3,54.6,0.0,11.4,17,Good,999.8,27.6
2025-05-28,Lucknow,Uttar Pradesh,35.9,27.1,31.5,69.2,0.0,9.8,15,Good,1004.1,71.1
2025-05-29,Lucknow,Uttar Pradesh,38.2,28.4,33.3,54.3,0.0,7.9,15,Good,1003.1,48.0
2025-05-30,Lucknow,Uttar Pradesh,37.6,28.5,33.1,56.9,0.0,15.8,15,Good,1000.0,41.4
2025-05-31,Lucknow,Uttar Pradesh,38.7,29.0,33.8,54.0,0.0,8.4,16,Good,1002.1,43.5
2025-06-01,Lucknow,Uttar Pradesh,37.1,30.6,33.9,64.6,0.0,9.7,15,Good,1001.0,57.8
2025-06-02,Lucknow,Uttar Pradesh,39.0,29.2,34.1,69.6,0.0,12.2,15,Good,1002.1,44.1
2025-06-03,Lucknow,Uttar Pradesh,42.5,28.3,35.4,55.9,0.0,11.7,15,Good,997.6,16.6
2025-06-04,Lucknow,Uttar Pradesh,39.5,28.8,34.2,60.6,1.7,9.4,15,Good,998.2,42.1
2025-06-05,Lucknow,Uttar Pradesh,40.0,31.5,35.7,62.4,0.0,9.4,15,Good,998.6,55.0
2025-06-06,Lucknow,Uttar Pradesh,42.3,32.5,37.4,56.8,0.0,10.9,15,Good,999.3,41.7
2025-06-07,Lucknow,Uttar Pradesh,42.9,32.0,37.5,63.1,0.0,9.3,15,Good,1002.5,29.5
2025-06-08,Lucknow,Uttar Pradesh,41.4,31.5,36.5,64.2,0.0,11.1,15,Good,999.7,44.3
2025-06-09,Lucknow,Uttar Pradesh,38.7,30.5,34.6,59.0,13.1,13.0,15,Good,1001.7,59.0
2025-06-10,Lucknow,Uttar Pradesh,37.0,31.5,34.2,75.2,0.0,10.2,34,Good,998.0,66.0
2025-06-11,Lucknow,Uttar Pradesh,39.0,29.5,34.2,58.9,0.0,10.9,18,Good,998.5,33.6
2025-06-12,Lucknow,Uttar Pradesh,38.5,29.2,33.9,60.9,0.0,12.0,15,Good,998.2,33.8
2025-06-13,Lucknow,Uttar Pradesh,37.3,28.7,33.0,71.2,0.0,14.8,15,Good,999.3,51.0
2025-06-14,Lucknow,Uttar Pradesh,37.3,28.9,33.1,65.0,11.5,12.4,15,Good,1000.9,43.1
2025-06-15,Lucknow,Uttar Pradesh,36.5,27.0,31.7,81.6,19.5,10.5,15,Good,999.1,46.5
2025-06-16,Lucknow,Uttar Pradesh,37.6,27.0,32.3,70.5,6.4,14.1,15,Good,998.9,51.5
2025-06-17,Lucknow,Uttar Pradesh,35.9,27.6,31.8,79.3,18.1,13.5,15,Good,1000.7,67.3
2025-06-18,Lucknow,Uttar Pradesh,33.2,24.5,28.8,66.9,2.3,14.1,15,Good,999.2,47.5
2025-06-19,Lucknow,Uttar Pradesh,34.7,24.2,29.5,70.8,1.7,11.2,15,Good,998.4,43.6
2025-06-20,Lucknow,Uttar Pradesh,34.0,24.7,29.3,75.4,12.2,15.0,15,Good,999.2,50.7
2025-06-21,Lucknow,Uttar Pradesh,35.3,25.4,30.4,78.6,0.0,11.1,15,Good,1003.1,40.2
2025-06-22,Lucknow,Uttar Pradesh,31.2,24.4,27.8,76.2,7.6,10.8,35,Good,1001.9,64.6
2025-06-23,Lucknow,Uttar Pradesh,31.1,24.1,27.6,88.7,0.0,15.3,15,Good,1003.9,66.5
2025-06-24,Lucknow,Uttar Pradesh,31.5,24.7,28.1,86.5,0.0,12.2,15,Good,997.2,79.8
2025-06-25,Lucknow,Uttar Pradesh,34.3,24.0,29.2,80.9,0.0,12.4,15,Good,1000.2,51.1
2025-06-26,Lucknow,Uttar Pradesh,35.1,26.6,30.9,78.5,0.0,10.8,30,Good,998.1,67.6
2025-06-27,Lucknow,Uttar Pradesh,36.5,29.1,32.8,77.1,0.0,11.0,15,Good,997.6,70.3
2025-06-28,Lucknow,Uttar Pradesh,35.6,27.0,31.3,67.2,0.0,11.3,15,Good,995.5,45.7
2025-06-29,Lucknow,Uttar Pradesh,34.7,27.3,31.0,86.0,21.8,11.8,15,Good,1001.2,71.5
2025-06-30,Lucknow,Uttar Pradesh,35.0,28.0,31.5,88.1,18.7,12.0,15,Good,995.1,72.5
2025-07-01,Lucknow,Uttar Pradesh,34.1,25.8,30.0,84.0,0.0,10.6,15,Good,1000.5,68.9
2025-07-02,Lucknow,Uttar Pradesh,33.7,27.0,30.4,74.7,0.0,14.5,25,Good,997.8,53.3
2025-07-03,Lucknow,Uttar Pradesh,34.5,27.9,31.2,83.4,6.5,18.3,15,Good,996.4,70.5
2025-07-04,Lucknow,Uttar Pradesh,35.8,26.7,31.2,82.9,0.0,11.3,15,Good,996.3,44.9
2025-07-05,Lucknow,Uttar Pradesh,35.8,28.4,32.1,88.8,0.0,12.8,15,Good,998.0,77.0
2025-07-06,Lucknow,Uttar Pradesh,35.1,27.7,31.4,93.8,0.0,15.3,15,Good,997.3,84.0
2025-07-07,Lucknow,Uttar Pradesh,35.9,30.8,33.3,78.2,0.0,15.9,15,Good,997.5,70.0
2025-07-08,Lucknow,Uttar Pradesh,33.0,28.9,30.9,91.5,0.0,12.3,15,Good,994.1,93.1
2025-07-09,Lucknow,Uttar Pradesh,33.3,26.6,29.9,88.3,8.5,15.6,15,Good,994.2,66.6
2025-07-10,Lucknow,Uttar Pradesh,31.7,26.3,29.0,93.2,4.8,11.5,15,Good,994.9,67.3
2025-07-11,Lucknow,Uttar Pradesh,31.0,23.3,27.1,90.6,6.5,10.9,20,Good,1000.7,75.3
2025-07-12,Lucknow,Uttar Pradesh,29.8,25.4,27.6,100.0,0.0,12.6,15,Good,1001.8,100.0
2025-07-13,Lucknow,Uttar Pradesh,31.3,24.2,27.7,89.1,19.0,19.2,15,Good,998.4,75.8
2025-07-14,Lucknow,Uttar Pradesh,30.5,26.4,28.4,100.0,19.5,13.4,15,Good,1000.2,100.0
2025-07-15,Lucknow,Uttar Pradesh,32.5,26.3,29.4,92.3,18.9,21.4,15,Good,999.1,79.0
2025-07-16,Lucknow,Uttar Pradesh,31.6,26.6,29.1,90.2,24.4,11.8,15,Good,1000.9,68.8
2025-07-17,Lucknow,Uttar Pradesh,31.8,28.7,30.3,100.0,23.7,12.5,15,Good,1000.6,100.0
2025-07-18,Lucknow,Uttar Pradesh,33.6,29.2,31.4,91.9,0.0,15.1,15,Good,995.4,81.9
2025-07-19,Lucknow,Uttar Pradesh,34.7,30.4,32.5,89.1,16.7,16.6,15,Good,998.0,74.7
2025-07-20,Lucknow,Uttar Pradesh,35.7,29.9,32.8,87.6,25.6,14.5,15,Good,999.3,90.9
2025-07-21,Lucknow,Uttar Pradesh,33.4,29.1,31.3,100.0,36.3,12.7,15,Good,999.8,97.4
2025-07-22,Lucknow,Uttar Pradesh,35.4,28.2,31.8,88.7,4.2,21.3,15,Good,999.5,71.6
2025-07-23,Lucknow,Uttar Pradesh,33.9,29.3,31.6,96.0,19.7,13.3,21,Good,998.0,92.5
2025-07-24,Lucknow,Uttar Pradesh,34.9,27.9,31.4,88.6,3.0,12.7,15,Good,999.5,76.8
2025-07-25,Lucknow,Uttar Pradesh,36.4,28.9,32.7,91.5,15.2,14.3,15,Good,995.0,65.5
2025-07-26,Lucknow,Uttar Pradesh,36.6,30.4,33.5,94.1,6.1,15.5,15,Good,995.0,68.7
2025-07-27,Lucknow,Uttar Pradesh,37.0,30.0,33.5,94.5,0.0,12.5,15,Good,1000.8,62.1
2025-07-28,Lucknow,Uttar Pradesh,36.0,30.0,33.0,91.5,18.4,12.0,15,Good,1000.2,79.9
2025-07-29,Lucknow,Uttar Pradesh,33.8,27.2,30.5,91.2,20.8,15.8,15,Good,1001.9,81.3
2025-07-30,Lucknow,Uttar Pradesh,36.4,31.8,34.1,90.8,8.6,11.1,15,Good,997.6,93.6
2025-07-31,Lucknow,Uttar Pradesh,37.8,32.5,35.1,92.1,33.2,12.0,15,Good,995.7,88.8
2025-08-01,Lucknow,Uttar Pradesh,36.7,31.9,34.3,89.9,10.2,11.9,55,Satisfactory,997.6,71.2
2025-08-02,Lucknow,Uttar Pradesh,34.4,29.3,31.9,93.8,5.6,12.4,15,Good,1002.7,75.2
2025-08-03,Lucknow,Uttar Pradesh,31.8,26.2,29.0,87.7,0.0,15.5,15,Good,998.0,70.2
2025-08-04,Lucknow,Uttar Pradesh,30.4,24.3,27.4,96.0,5.2,16.0,15,Good,999.9,81.3
2025-08-05,Lucknow,Uttar Pradesh,30.3,25.0,27.7,88.5,7.4,13.2,15,Good,1002.8,76.0
2025-08-06,Lucknow,Uttar Pradesh,29.0,23.2,26.1,94.8,9.7,17.0,15,Good,1001.0,80.2
2025-08-07,Lucknow,Uttar Pradesh,30.4,26.2,28.3,100.0,29.2,18.4,15,Good,999.6,98.1
2025-08-08,Lucknow,Uttar Pradesh,33.2,28.7,30.9,93.6,0.0,12.7,24,Good,1001.3,96.7
2025-08-09,Lucknow,Uttar Pradesh,34.7,27.1,30.9,83.2,6.9,14.4,18,Good,999.0,66.1
2025-08-10,Lucknow,Uttar Pradesh,32.3,26.8,29.5,94.4,18.4,11.8,15,Good,1001.4,85.9
2025-08-11,Lucknow,Uttar Pradesh,32.2,26.9,29.5,96.2,12.1,10.8,15,Good,995.8,83.5
2025-08-12,Lucknow,Uttar Pradesh,34.5,27.2,30.9,82.4,18.4,12.8,24,Good,996.9,65.2
2025-08-13,Lucknow,Uttar Pradesh,33.6,27.0,30.3,85.4,0.0,13.3,15,Good,1000.3,92.2
2025-08-14,Lucknow,Uttar Pradesh,33.1,25.2,29.2,79.6,10.5,14.0,15,Good,1003.9,51.7
2025-08-15,Lucknow,Uttar Pradesh,31.8,27.6,29.7,88.1,4.6,12.6,36,Good,1000.9,86.3
2025-08-16,Lucknow,Uttar Pradesh,30.1,24.8,27.4,95.6,10.0,10.7,15,Good,1002.0,70.2
2025-08-17,Lucknow,Uttar Pradesh,32.1,24.8,28.5,76.4,7.3,11.9,15,Good,1002.4,55.3
2025-08-18,Lucknow,Uttar Pradesh,33.1,27.3,30.2,75.5,0.0,15.5,15,Good,1000.8,65.8
2025-08-19,Lucknow,Uttar Pradesh,32.2,29.2,30.7,90.5,4.5,10.6,84,Satisfactory,998.5,93.5
2025-08-20,Lucknow,Uttar Pradesh,35.1,30.8,32.9,84.8,22.8,12.2,27,Good,1002.6,100.0
2025-08-21,Lucknow,Uttar Pradesh,36.9,28.5,32.7,72.7,0.0,11.5,43,Good,1002.0,53.3
2025-08-22,Lucknow,Uttar Pradesh,33.2,24.6,28.9,85.8,19.1,11.7,15,Good,1003.4,65.0
2025-08-23,Lucknow,Uttar Pradesh,32.6,25.2,28.9,81.8,0.0,14.7,34,Good,1000.7,62.0
2025-08-24,Lucknow,Uttar Pradesh,32.1,24.5,28.3,86.6,1.4,18.5,50,Satisfactory,1006.4,63.7
2025-08-25,Lucknow,Uttar Pradesh,34.7,28.3,31.5,86.6,12.1,10.9,32,Good,1001.8,83.8
2025-08-26,Lucknow,Uttar Pradesh,33.4,25.4,29.4,71.8,2.7,10.2,15,Good,1006.3,55.9
2025-08-27,Lucknow,Uttar Pradesh,34.3,26.5,30.4,66.5,0.0,10.5,51,Satisfactory,999.1,48.8
2025-08-28,Lucknow,Uttar Pradesh,35.6,25.2,30.4,80.7,8.2,10.3,30,Good,1002.7,52.5
2025-08-29,Lucknow,Uttar Pradesh,36.2,29.0,32.6,72.5,4.7,11.7,38,Good,1006.2,53.8
2025-08-30,Lucknow,Uttar Pradesh,36.2,28.4,32.3,90.6,7.7,14.0,15,Good,1003.2,66.4
2025-08-31,Lucknow,Uttar Pradesh,33.2,26.0,29.6,79.9,22.2,10.9,15,Good,999.5,57.9
2025-09-01,Lucknow,Uttar Pradesh,32.9,25.2,29.0,83.3,2.0,10.2,35,Good,1002.9,64.8
2025-09-02,Lucknow,Uttar Pradesh,31.9,24.3,28.1,72.9,0.0,13.9,22,Good,1005.8,69.9
2025-09-03,Lucknow,Uttar Pradesh,34.2,25.7,30.0,70.6,0.0,9.5,50,Satisfactory,1007.8,49.0
2025-09-04,Lucknow,Uttar Pradesh,32.7,25.3,29.0,75.8,0.0,11.3,33,Good,1004.9,51.5
2025-09-05,Lucknow,Uttar Pradesh,34.6,26.7,30.7,70.7,0.0,12.3,83,Satisfactory,1007.4,57.3
2025-09-06,Lucknow,Uttar Pradesh,35.1,24.6,29.8,67.9,0.0,9.5,67,Satisfactory,1006.4,41.3
2025-09-07,Lucknow,Uttar Pradesh,33.1,25.8,29.5,70.4,32.7,11.0,41,Good,1005.1,49.8
2025-09-08,Lucknow,Uttar Pradesh,33.7,24.2,28.9,68.4,10.9,13.4,36,Good,1007.9,63.3
2025-09-09,Lucknow,Uttar Pradesh,36.1,26.9,31.5,61.6,15.0,10.1,15,Good,1007.8,47.7
2025-09-10,Lucknow,Uttar Pradesh,33.6,25.0,29.3,69.8,0.0,12.0,74,Satisfactory,1006.1,64.2
2025-09-11,Lucknow,Uttar Pradesh,35.6,26.5,31.1,59.6,0.0,8.7,63,Satisfactory,1005.0,31.6
2025-09-12,Lucknow,Uttar Pradesh,34.7,25.8,30.2,61.1,4.2,9.4,71,Satisfactory,1003.6,48.6
2025-09-13,Lucknow,Uttar Pradesh,35.0,26.7,30.8,64.3,0.0,9.0,67,Satisfactory,1007.7,50.7
2025-09-14,Lucknow,Uttar Pradesh,35.4,25.8,30.6,57.1,0.0,10.0,18,Good,1006.0,46.2
2025-09-15,Lucknow,Uttar Pradesh,35.2,26.3,30.7,64.7,0.0,9.1,61,Satisfactory,1008.4,36.7
2025-09-16,Lucknow,Uttar Pradesh,34.7,24.2,29.4,60.7,0.0,14.8,39,Good,1008.5,20.2
2025-09-17,Lucknow,Uttar Pradesh,33.1,22.3,27.7,69.9,0.0,10.9,74,Satisfactory,1009.4,56.5
2025-09-18,Lucknow,Uttar Pradesh,34.0,22.0,28.0,53.5,1.6,8.6,86,Satisfactory,1008.5,20.0
2025-09-19,Lucknow,Uttar Pradesh,35.3,23.5,29.4,51.2,0.0,9.3,124,Moderate,1006.1,19.3
2025-09-20,Lucknow,Uttar Pradesh,33.3,23.4,28.3,68.9,0.0,9.2,89,Satisfactory,1010.1,46.0
2025-09-21,Lucknow,Uttar Pradesh,32.3,20.4,26.4,59.4,0.0,12.6,59,Satisfactory,1011.6,33.0
2025-09-22,Lucknow,Uttar Pradesh,32.3,22.3,27.3,63.4,0.0,10.9,68,Satisfactory,1014.5,38.9
2025-09-23,Lucknow,Uttar Pradesh,37.4,24.7,31.0,46.4,0.0,9.8,93,Satisfactory,1007.8,15.8
2025-09-24,Lucknow,Uttar Pradesh,34.1,26.2,30.1,55.8,0.0,10.9,99,Satisfactory,1007.4,37.7
2025-09-25,Lucknow,Uttar Pradesh,32.9,23.4,28.1,66.0,0.0,12.8,50,Good,1007.9,45.7
2025-09-26,Lucknow,Uttar Pradesh,34.0,22.2,28.1,52.8,0.0,17.2,62,Satisfactory,1010.4,11.4
2025-09-27,Lucknow,Uttar Pradesh,32.7,22.8,27.8,56.2,0.0,15.0,71,Satisfactory,1012.4,36.3
2025-09-28,Lucknow,Uttar Pradesh,33.2,22.7,28.0,61.6,0.0,9.9,54,Satisfactory,1012.7,44.6
2025-09-29,Lucknow,Uttar Pradesh,33.3,21.3,27.3,53.5,0.0,9.0,110,Moderate,1014.4,13.0
2025-09-30,Lucknow,Uttar Pradesh,31.9,21.4,26.6,66.9,11.0,10.2,87,Satisfactory,1012.5,33.4
2025-10-01,Lucknow,Uttar Pradesh,31.9,21.8,26.9,55.8,0.0,11.4,86,Satisfactory,1009.4,31.3
2025-10-02,Lucknow,Uttar Pradesh,30.9,20.7,25.8,60.2,0.0,8.4,106,Moderate,1012.8,35.6
2025-10-03,Lucknow,Uttar Pradesh,31.9,22.6,27.2,52.6,4.6,9.8,109,Moderate,1007.9,25.3
2025-10-04,Lucknow,Uttar Pradesh,34.3,22.0,28.1,43.4,0.0,10.1,142,Moderate,1011.4,7.6
2025-10-05,Lucknow,Uttar Pradesh,34.9,24.6,29.7,51.9,0.0,13.9,105,Moderate,1011.0,20.9
2025-10-06,Lucknow,Uttar Pradesh,35.6,22.2,28.9,42.3,0.0,8.0,83,Satisfactory,1013.2,18.6
2025-10-07,Lucknow,Uttar Pradesh,33.8,21.7,27.8,56.7,0.0,7.3,173,Moderate,1013.6,25.6
2025-10-08,Lucknow,Uttar Pradesh,34.5,23.3,28.9,47.6,0.0,7.2,88,Satisfactory,1011.1,42.2
2025-10-09,Lucknow,Uttar Pradesh,32.4,20.9,26.7,43.1,0.0,11.7,112,Moderate,1012.0,5.3
2025-10-10,Lucknow,Uttar Pradesh,31.6,20.3,25.9,50.5,0.0,12.8,97,Satisfactory,1014.0,39.5
2025-10-11,Lucknow,Uttar Pradesh,31.0,21.9,26.4,60.2,0.0,8.4,112,Moderate,1014.8,50.0
2025-10-12,Lucknow,Uttar Pradesh,33.0,22.9,28.0,49.6,0.0,11.0,118,Moderate,1015.1,47.8
2025-10-13,Lucknow,Uttar Pradesh,31.7,22.1,26.9,58.6,4.5,12.2,114,Moderate,1013.1,49.2
2025-10-14,Lucknow,Uttar Pradesh,32.4,22.3,27.4,47.0,0.0,9.8,146,Moderate,1014.1,26.1
2025-10-15,Lucknow,Uttar Pradesh,31.6,21.0,26.3,50.1,0.0,15.4,89,Satisfactory,1012.6,24.6
2025-10-16,Lucknow,Uttar Pradesh,34.8,20.8,27.8,41.3,0.0,8.7,131,Moderate,1012.3,0.0
2025-10-17,Lucknow,Uttar Pradesh,34.9,22.2,28.6,58.9,0.0,10.7,132,Moderate,1010.5,18.4
2025-10-18,Lucknow,Uttar Pradesh,31.7,22.4,27.0,44.2,0.0,6.5,183,Moderate,1013.7,37.8
2025-10-19,Lucknow,Uttar Pradesh,33.7,19.4,26.5,47.3,0.0,13.9,124,Moderate,1017.8,2.0
2025-10-20,Lucknow,Uttar Pradesh,33.3,21.0,27.2,45.7,0.0,9.3,101,Moderate,1018.1,9.1
2025-10-21,Lucknow,Uttar Pradesh,32.6,22.1,27.4,44.4,0.0,9.6,158,Moderate,1016.5,22.2
2025-10-22,Lucknow,Uttar Pradesh,30.5,17.7,24.1,47.7,0.0,10.7,116,Moderate,1018.5,0.0
2025-10-23,Lucknow,Uttar Pradesh,29.0,20.3,24.7,50.7,0.0,11.7,106,Moderate,1018.1,47.2
2025-10-24,Lucknow,Uttar Pradesh,29.6,19.0,24.3,46.5,0.0,8.8,163,Moderate,1017.1,29.8
2025-10-25,Lucknow,Uttar Pradesh,30.0,18.9,24.5,45.0,0.0,11.3,132,Moderate,1012.0,26.0
2025-10-26,Lucknow,Uttar Pradesh,29.8,18.2,24.0,52.8,0.0,8.4,134,Moderate,1021.6,32.5
2025-10-27,Lucknow,Uttar Pradesh,28.6,15.6,22.1,47.4,0.0,12.6,166,Moderate,1017.4,17.3
2025-10-28,Lucknow,Uttar Pradesh,27.0,14.4,20.7,49.0,0.0,10.7,124,Moderate,1017.9,26.5
2025-10-29,Lucknow,Uttar Pradesh,28.8,15.2,22.0,49.9,0.0,7.3,134,Moderate,1021.1,7.9
2025-10-30,Lucknow,Uttar Pradesh,26.3,14.8,20.5,52.9,0.0,7.2,158,Moderate,1019.0,0.0
2025-10-31,Lucknow,Uttar Pradesh,24.6,14.1,19.4,46.0,0.0,11.5,88,Satisfactory,1024.2,22.2
2025-11-01,Lucknow,Uttar Pradesh,27.7,16.2,21.9,57.3,0.0,6.5,155,Moderate,1016.9,43.0
2025-11-02,Lucknow,Uttar Pradesh,27.3,17.4,22.4,58.1,0.0,8.3,150,Moderate,1020.7,43.8
2025-11-03,Lucknow,Uttar Pradesh,27.7,15.6,21.6,56.6,0.0,10.9,124,Moderate,1018.5,18.0
2025-11-04,Lucknow,Uttar Pradesh,27.6,14.7,21.2,48.8,0.0,7.7,152,Moderate,1019.4,16.8
2025-11-05,Lucknow,Uttar Pradesh,29.1,14.3,21.7,53.8,0.0,9.1,156,Moderate,1017.5,0.0
2025-11-06,Lucknow,Uttar Pradesh,27.7,16.3,22.0,56.4,0.0,7.6,155,Moderate,1018.0,34.7
2025-11-07,Lucknow,Uttar Pradesh,28.2,17.3,22.8,41.3,0.0,7.1,176,Moderate,1021.8,25.1
2025-11-08,Lucknow,Uttar Pradesh,27.8,16.8,22.3,50.7,0.0,12.2,152,Moderate,1020.5,16.6
2025-11-09,Lucknow,Uttar Pradesh,27.4,15.0,21.2,46.2,0.0,7.3,157,Moderate,1020.7,0.0
2025-11-10,Lucknow,Uttar Pradesh,30.0,15.3,22.7,50.1,0.0,7.5,177,Moderate,1016.3,0.0
2025-11-11,Lucknow,Uttar Pradesh,29.5,16.6,23.0,55.1,0.0,8.1,167,Moderate,1016.4,20.1
2025-11-12,Lucknow,Uttar Pradesh,30.5,17.0,23.8,39.4,0.0,8.2,228,Poor,1017.7,0.0
2025-11-13,Lucknow,Uttar Pradesh,30.0,19.7,24.9,53.3,0.0,8.4,185,Moderate,1018.6,24.4
2025-11-14,Lucknow,Uttar Pradesh,30.3,17.8,24.0,48.9,0.0,11.9,143,Moderate,1019.5,25.4
2025-11-15,Lucknow,Uttar Pradesh,29.8,16.1,22.9,41.2,0.0,9.2,125,Moderate,1020.8,0.0
2025-11-16,Lucknow,Uttar Pradesh,29.5,18.1,23.8,55.2,0.0,7.8,153,Moderate,1022.0,17.8
2025-11-17,Lucknow,Uttar Pradesh,31.4,18.2,24.8,41.6,0.0,8.3,122,Moderate,1022.8,3.2
2025-11-18,Lucknow,Uttar Pradesh,31.4,19.5,25.4,49.3,0.0,9.9,179,Moderate,1020.1,29.0
2025-11-19,Lucknow,Uttar Pradesh,29.5,20.8,25.2,56.2,0.0,6.3,168,Moderate,1018.2,61.9
2025-11-20,Lucknow,Uttar Pradesh,29.2,17.8,23.5,50.1,0.0,8.1,154,Moderate,1022.0,15.1
2025-11-21,Lucknow,Uttar Pradesh,28.8,17.8,23.3,59.1,0.0,12.7,173,Moderate,1021.0,37.4
2025-11-22,Lucknow,Uttar Pradesh,26.3,14.9,20.6,61.5,0.0,8.6,164,Moderate,1022.5,32.6
2025-11-23,Lucknow,Uttar Pradesh,26.8,16.4,21.6,53.7,0.0,8.8,181,Moderate,1023.8,16.4
2025-11-24,Lucknow,Uttar Pradesh,26.7,15.1,20.9,43.2,0.0,8.3,169,Moderate,1020.9,25.3
2025-11-25,Lucknow,Uttar Pradesh,25.3,12.8,19.0,54.9,0.0,11.9,168,Moderate,1025.2,1.1
2025-11-26,Lucknow,Uttar Pradesh,23.8,11.3,17.6,56.2,0.0,13.3,192,Moderate,1019.9,21.6
2025-11-27,Lucknow,Uttar Pradesh,21.4,10.8,16.1,58.6,0.0,6.1,203,Poor,1024.7,16.2
2025-11-28,Lucknow,Uttar Pradesh,19.6,10.2,14.9,57.8,0.0,14.5,194,Moderate,1022.4,40.1
2025-11-29,Lucknow,Uttar Pradesh,18.6,8.4,13.5,54.3,0.0,6.8,191,Moderate,1024.6,13.0
2025-11-30,Lucknow,Uttar Pradesh,20.0,6.6,13.3,57.9,0.0,10.9,134,Moderate,1024.9,7.0
2025-12-01,Lucknow,Uttar Pradesh,21.9,10.3,16.1,60.9,0.0,10.9,159,Moderate,1022.9,5.8
2025-12-02,Lucknow,Uttar Pradesh,20.2,10.3,15.2,58.3,0.0,7.0,150,Moderate,1022.6,32.4
2025-12-03,Lucknow,Uttar Pradesh,19.1,7.0,13.0,49.8,0.0,8.1,203,Poor,1022.9,19.1
2025-12-04,Lucknow,Uttar Pradesh,20.7,7.3,14.0,54.1,0.0,9.1,182,Moderate,1025.0,0.0
2025-12-05,Lucknow,Uttar Pradesh,22.1,10.4,16.2,55.9,0.0,14.8,195,Moderate,1025.1,33.8
2025-12-06,Lucknow,Uttar Pradesh,22.4,8.2,15.3,44.8,0.0,9.0,206,Poor,1027.8,0.0
2025-12-07,Lucknow,Uttar Pradesh,21.0,7.3,14.1,53.2,0.0,9.4,180,Moderate,1024.0,13.1
2025-12-08,Lucknow,Uttar Pradesh,22.8,8.8,15.8,55.8,0.0,11.6,216,Poor,1021.1,16.7
2025-12-09,Lucknow,Uttar Pradesh,24.4,10.1,17.3,54.6,0.0,7.5,210,Poor,1024.7,3.3
2025-12-10,Lucknow,Uttar Pradesh,24.6,10.7,17.6,45.9,0.0,7.4,191,Moderate,1020.3,0.0
2025-12-11,Lucknow,Uttar Pradesh,23.2,11.6,17.4,52.8,0.0,10.3,192,Moderate,1027.1,29.9
2025-12-12,Lucknow,Uttar Pradesh,24.8,12.6,18.7,52.9,0.0,9.6,216,Poor,1025.1,26.7
2025-12-13,Lucknow,Uttar Pradesh,23.5,13.3,18.4,60.6,0.0,8.1,199,Moderate,1021.7,18.5
2025-12-14,Lucknow,Uttar Pradesh,24.0,12.2,18.1,59.7,0.0,11.4,167,Moderate,1020.7,23.0
2025-12-15,Lucknow,Uttar Pradesh,24.3,12.6,18.4,50.5,0.0,13.4,151,Moderate,1022.0,0.0
2025-12-16,Lucknow,Uttar Pradesh,23.0,12.0,17.5,56.6,0.0,11.4,176,Moderate,1025.1,25.4
2025-12-17,Lucknow,Uttar Pradesh,22.9,12.6,17.8,51.8,0.0,8.0,177,Moderate,1022.5,23.7
2025-12-18,Lucknow,Uttar Pradesh,22.0,9.9,16.0,58.9,0.0,8.8,194,Moderate,1026.1,25.1
2025-12-19,Lucknow,Uttar Pradesh,24.1,11.7,17.9,48.3,0.0,7.6,182,Moderate,1025.9,23.8
2025-12-20,Lucknow,Uttar Pradesh,24.6,12.0,18.3,57.1,0.0,12.8,172,Moderate,1022.8,31.3
2025-12-21,Lucknow,Uttar Pradesh,24.4,12.9,18.6,40.8,0.0,8.8,217,Poor,1025.7,15.5
2025-12-22,Lucknow,Uttar Pradesh,26.4,14.8,20.6,41.6,0.0,6.6,233,Poor,1025.8,16.8
2025-12-23,Lucknow,Uttar Pradesh,24.6,10.0,17.3,38.8,0.0,10.2,170,Moderate,1025.5,0.0
2025-12-24,Lucknow,Uttar Pradesh,22.7,11.6,17.1,64.1,0.0,8.9,183,Moderate,1025.5,27.5
2025-12-25,Lucknow,Uttar Pradesh,22.6,10.5,16.6,50.3,0.0,8.5,187,Moderate,1023.5,8.9
2025-12-26,Lucknow,Uttar Pradesh,24.5,10.9,17.7,43.5,0.0,6.6,204,Poor,1028.3,9.1
2025-12-27,Lucknow,Uttar Pradesh,24.6,11.4,18.0,62.7,0.0,7.5,203,Poor,1022.3,11.6
2025-12-28,Lucknow,Uttar Pradesh,24.1,9.8,16.9,45.6,0.0,9.1,180,Moderate,1023.6,2.9
2025-12-29,Lucknow,Uttar Pradesh,21.3,8.6,15.0,56.8,0.0,10.8,198,Moderate,1027.0,17.6
2025-12-30,Lucknow,Uttar Pradesh,19.7,8.8,14.2,53.7,0.0,9.8,179,Moderate,1024.5,31.0
2025-12-31,Lucknow,Uttar Pradesh,24.0,9.3,16.6,53.5,0.0,7.3,188,Moderate,1024.0,2.4
2024-01-01,Bhopal,Madhya Pradesh,24.1,13.3,18.7,53.4,0.0,9.8,192,Moderate,1020.0,33.5
2024-01-02,Bhopal,Madhya Pradesh,23.4,12.1,17.7,56.3,0.0,6.4,226,Poor,1024.6,29.1
2024-01-03,Bhopal,Madhya Pradesh,25.1,14.1,19.6,48.3,0.0,10.1,200,Moderate,1024.7,27.6
2024-01-04,Bhopal,Madhya Pradesh,28.3,14.9,21.6,39.7,0.0,8.8,161,Moderate,1023.5,10.2
2024-01-05,Bhopal,Madhya Pradesh,26.1,12.1,19.1,48.9,0.0,6.6,226,Poor,1023.0,0.0
2024-01-06,Bhopal,Madhya Pradesh,23.5,10.9,17.2,48.2,0.0,14.7,163,Moderate,1025.0,7.8
2024-01-07,Bhopal,Madhya Pradesh,22.1,11.7,16.9,72.9,0.0,8.8,182,Moderate,1020.7,49.7
2024-01-08,Bhopal,Madhya Pradesh,23.6,10.0,16.8,49.3,0.0,9.1,205,Poor,1020.4,15.7
2024-01-09,Bhopal,Madhya Pradesh,22.1,11.5,16.8,55.8,0.0,8.4,171,Moderate,1021.5,41.4
2024-01-10,Bhopal,Madhya Pradesh,21.9,11.5,16.7,55.1,0.0,9.3,210,Poor,1024.1,26.6
2024-01-11,Bhopal,Madhya Pradesh,25.8,13.0,19.4,55.2,0.0,7.2,204,Poor,1025.2,17.0
2024-01-12,Bhopal,Madhya Pradesh,25.6,13.6,19.6,52.0,0.0,7.0,231,Poor,1021.5,4.7
2024-01-13,Bhopal,Madhya Pradesh,24.6,12.5,18.6,40.9,0.0,8.9,215,Poor,1022.0,8.1
2024-01-14,Bhopal,Madhya Pradesh,26.1,13.4,19.8,56.4,0.0,6.6,191,Moderate,1024.7,15.3
2024-01-15,Bhopal,Madhya Pradesh,26.6,13.5,20.1,48.8,0.0,8.0,182,Moderate,1022.5,15.1
2024-01-16,Bhopal,Madhya Pradesh,24.1,12.3,18.2,40.0,0.0,7.1,177,Moderate,1024.1,25.8
2024-01-17,Bhopal,Madhya Pradesh,24.9,13.0,18.9,49.0,0.0,7.4,186,Moderate,1023.7,8.2
2024-01-18,Bhopal,Madhya Pradesh,25.1,9.5,17.3,45.4,0.0,12.0,159,Moderate,1021.5,9.7
2024-01-19,Bhopal,Madhya Pradesh,23.5,12.7,18.1,60.4,0.0,9.4,179,Moderate,1027.3,30.4
2024-01-20,Bhopal,Madhya Pradesh,23.5,12.7,18.1,59.3,0.0,12.6,149,Moderate,1021.9,44.7
2024-01-21,Bhopal,Madhya Pradesh,24.0,12.4,18.2,57.3,1.8,7.6,166,Moderate,1027.3,19.3
2024-01-22,Bhopal,Madhya Pradesh,21.6,10.9,16.3,60.7,2.3,10.6,209,Poor,1025.1,25.5
2024-01-23,Bhopal,Madhya Pradesh,25.4,12.9,19.2,48.1,0.0,11.4,149,Moderate,1023.7,15.5
2024-01-24,Bhopal,Madhya Pradesh,24.6,12.7,18.6,52.3,0.0,6.6,158,Moderate,1020.3,17.0
2024-01-25,Bhopal,Madhya Pradesh,24.9,12.3,18.6,56.4,0.0,7.6,171,Moderate,1023.9,14.9
2024-01-26,Bhopal,Madhya Pradesh,25.0,13.0,19.0,51.0,0.0,10.2,209,Poor,1022.9,12.8
2024-01-27,Bhopal,Madhya Pradesh,25.2,13.4,19.3,48.3,0.0,7.9,164,Moderate,1022.4,25.3
2024-01-28,Bhopal,Madhya Pradesh,23.9,13.0,18.5,60.6,0.0,7.1,179,Moderate,1020.4,26.7
2024-01-29,Bhopal,Madhya Pradesh,25.9,12.4,19.2,50.2,0.0,16.6,166,Moderate,1024.5,14.2
2024-01-30,Bhopal,Madhya Pradesh,27.0,13.8,20.4,44.1,0.0,6.4,198,Moderate,1024.2,8.9
2024-01-31,Bhopal,Madhya Pradesh,27.5,14.8,21.1,57.2,0.0,7.3,180,Moderate,1018.6,9.8
2024-02-01,Bhopal,Madhya Pradesh,25.0,13.4,19.2,43.3,0.0,7.9,189,Moderate,1021.3,26.8
2024-02-02,Bhopal,Madhya Pradesh,24.8,12.2,18.5,45.6,0.0,8.5,199,Moderate,1022.1,6.8
2024-02-03,Bhopal,Madhya Pradesh,24.4,11.0,17.7,46.2,0.0,8.3,149,Moderate,1023.5,4.4
2024-02-04,Bhopal,Madhya Pradesh,25.4,12.0,18.7,56.5,0.0,8.0,163,Moderate,1022.7,22.0
2024-02-05,Bhopal,Madhya Pradesh,25.2,13.4,19.3,48.8,0.0,7.8,159,Moderate,1022.0,16.8
2024-02-06,Bhopal,Madhya Pradesh,26.3,13.7,20.0,46.3,0.0,7.7,168,Moderate,1022.8,15.3
2024-02-07,Bhopal,Madhya Pradesh,25.6,14.9,20.2,57.7,0.0,9.6,198,Moderate,1025.4,28.8
2024-02-08,Bhopal,Madhya Pradesh,24.5,14.7,19.6,54.3,0.0,8.3,194,Moderate,1021.2,16.9
2024-02-09,Bhopal,Madhya Pradesh,26.1,12.6,19.3,47.3,0.0,6.7,174,Moderate,1023.8,8.6
2024-02-10,Bhopal,Madhya Pradesh,28.0,14.7,21.4,50.7,0.0,8.3,189,Moderate,1024.6,19.0
2024-02-11,Bhopal,Madhya Pradesh,28.2,14.8,21.5,41.2,0.0,9.1,214,Poor,1024.0,7.4
2024-02-12,Bhopal,Madhya Pradesh,26.3,12.6,19.4,52.3,0.0,18.7,114,Moderate,1022.8,30.2
2024-02-13,Bhopal,Madhya Pradesh,24.6,12.8,18.7,51.1,0.0,7.9,154,Moderate,1022.9,18.6
2024-02-14,Bhopal,Madhya Pradesh,24.0,11.7,17.9,42.5,0.0,10.5,155,Moderate,1022.5,4.4
2024-02-15,Bhopal,Madhya Pradesh,26.3,13.0,19.7,42.7,0.0,11.2,166,Moderate,1024.4,19.9
2024-02-16,Bhopal,Madhya Pradesh,26.5,12.2,19.3,46.4,0.0,7.9,176,Moderate,1020.3,6.9
2024-02-17,Bhopal,Madhya Pradesh,26.5,14.1,20.3,58.4,0.0,11.4,131,Moderate,1019.9,31.8
2024-02-18,Bhopal,Madhya Pradesh,26.4,15.1,20.7,52.2,0.0,10.5,160,Moderate,1019.1,15.8
2024-02-19,Bhopal,Madhya Pradesh,25.6,14.6,20.1,49.1,0.0,10.9,172,Moderate,1025.4,26.5
2024-02-20,Bhopal,Madhya Pradesh,27.0,15.7,21.3,60.1,0.0,7.4,135,Moderate,1023.1,8.3
2024-02-21,Bhopal,Madhya Pradesh,29.6,15.1,22.4,42.2,0.0,16.4,140,Moderate,1018.4,13.7
2024-02-22,Bhopal,Madhya Pradesh,26.8,15.8,21.3,53.2,0.0,10.5,138,Moderate,1017.4,22.9
2024-02-23,Bhopal,Madhya Pradesh,27.6,16.3,22.0,45.4,0.0,7.1,127,Moderate,1019.1,14.5
2024-02-24,Bhopal,Madhya Pradesh,28.6,15.5,22.1,51.8,0.0,8.0,177,Moderate,1019.5,4.2
2024-02-25,Bhopal,Madhya Pradesh,27.1,15.4,21.2,50.9,0.0,9.3,160,Moderate,1019.9,27.3
2024-02-26,Bhopal,Madhya Pradesh,27.1,14.5,20.8,49.3,0.0,9.3,129,Moderate,1016.3,21.5
2024-02-27,Bhopal,Madhya Pradesh,27.7,14.5,21.1,50.9,0.0,10.4,165,Moderate,1017.7,2.4
2024-02-28,Bhopal,Madhya Pradesh,25.5,13.6,19.5,48.8,0.0,9.9,191,Moderate,1021.9,13.3
2024-02-29,Bhopal,Madhya Pradesh,25.4,12.8,19.1,52.3,0.0,7.5,152,Moderate,1020.7,7.3
2024-03-01,Bhopal,Madhya Pradesh,23.3,11.3,17.3,50.7,0.0,12.0,106,Moderate,1018.5,13.1
2024-03-02,Bhopal,Madhya Pradesh,24.6,10.6,17.6,38.0,0.0,12.3,128,Moderate,1021.6,13.4
2024-03-03,Bhopal,Madhya Pradesh,24.3,12.0,18.2,62.1,0.0,10.1,96,Satisfactory,1021.3,16.1
2024-03-04,Bhopal,Madhya Pradesh,25.2,11.0,18.1,50.4,0.0,11.0,132,Moderate,1023.7,0.0
2024-03-05,Bhopal,Madhya Pradesh,26.6,14.2,20.4,47.3,0.0,8.0,132,Moderate,1018.0,12.4
2024-03-06,Bhopal,Madhya Pradesh,25.5,16.0,20.7,59.6,0.0,7.6,158,Moderate,1016.9,31.6
2024-03-07,Bhopal,Madhya Pradesh,27.6,15.4,21.5,49.7,0.0,8.0,125,Moderate,1017.6,41.9
2024-03-08,Bhopal,Madhya Pradesh,27.6,13.7,20.7,41.8,0.0,13.1,143,Moderate,1019.8,2.3
2024-03-09,Bhopal,Madhya Pradesh,27.2,15.7,21.4,45.5,0.0,8.1,117,Moderate,1015.1,33.0
2024-03-10,Bhopal,Madhya Pradesh,25.0,17.1,21.1,55.5,0.0,9.0,128,Moderate,1017.6,49.5
2024-03-11,Bhopal,Madhya Pradesh,25.6,13.4,19.5,47.1,0.0,7.7,102,Moderate,1017.9,16.4
2024-03-12,Bhopal,Madhya Pradesh,25.3,12.2,18.7,51.8,0.0,6.7,110,Moderate,1020.6,26.9
2024-03-13,Bhopal,Madhya Pradesh,25.6,13.2,19.4,46.9,0.0,7.4,148,Moderate,1016.5,33.6
2024-03-14,Bhopal,Madhya Pradesh,26.7,14.3,20.5,45.4,0.0,8.3,150,Moderate,1016.8,12.7
2024-03-15,Bhopal,Madhya Pradesh,27.6,15.1,21.4,54.7,0.0,9.6,107,Moderate,1017.8,31.7
2024-03-16,Bhopal,Madhya Pradesh,28.6,14.7,21.7,55.5,0.0,10.8,128,Moderate,1015.3,15.6
2024-03-17,Bhopal,Madhya Pradesh,26.5,15.4,21.0,53.1,0.0,6.7,143,Moderate,1015.0,32.2
2024-03-18,Bhopal,Madhya Pradesh,27.5,15.5,21.5,51.7,0.0,9.4,94,Satisfactory,1020.0,39.8
2024-03-19,Bhopal,Madhya Pradesh,27.3,15.1,21.2,56.7,0.0,6.9,132,Moderate,1017.3,36.4
2024-03-20,Bhopal,Madhya Pradesh,28.4,15.1,21.7,54.2,0.0,7.2,120,Moderate,1018.3,14.2
2024-03-21,Bhopal,Madhya Pradesh,28.4,15.9,22.1,56.4,0.0,10.3,118,Moderate,1017.1,26.8
2024-03-22,Bhopal,Madhya Pradesh,26.3,14.6,20.4,51.6,0.0,7.1,114,Moderate,1015.7,13.0
2024-03-23,Bhopal,Madhya Pradesh,27.4,13.4,20.4,43.3,0.0,8.5,65,Satisfactory,1014.6,3.7
2024-03-24,Bhopal,Madhya Pradesh,26.8,14.6,20.7,49.5,0.0,7.6,116,Moderate,1014.4,16.5
2024-03-25,Bhopal,Madhya Pradesh,26.3,15.9,21.1,53.8,0.0,10.4,100,Satisfactory,1013.8,30.9
2024-03-26,Bhopal,Madhya Pradesh,27.9,14.0,20.9,37.1,0.0,9.7,96,Satisfactory,1013.7,15.8
2024-03-27,Bhopal,Madhya Pradesh,26.3,15.8,21.0,54.8,0.0,9.5,67,Satisfactory,1013.4,40.1
2024-03-28,Bhopal,Madhya Pradesh,28.0,15.7,21.8,58.4,0.0,7.3,129,Moderate,1016.2,20.4
2024-03-29,Bhopal,Madhya Pradesh,29.8,16.5,23.2,41.9,0.0,9.0,102,Moderate,1012.2,3.7
2024-03-30,Bhopal,Madhya Pradesh,28.1,17.3,22.7,39.0,0.0,9.9,52,Satisfactory,1016.8,15.2
2024-03-31,Bhopal,Madhya Pradesh,28.6,16.2,22.4,43.9,0.0,8.2,130,Moderate,1015.5,10.4
2024-04-01,Bhopal,Madhya Pradesh,28.0,16.5,22.2,50.0,0.0,7.2,110,Moderate,1015.2,38.0
2024-04-02,Bhopal,Madhya Pradesh,30.1,18.4,24.2,54.8,0.0,8.6,116,Moderate,1013.6,25.6
2024-04-03,Bhopal,Madhya Pradesh,30.0,18.2,24.1,60.9,0.0,8.6,87,Satisfactory,1013.9,17.9
2024-04-04,Bhopal,Madhya Pradesh,27.2,15.6,21.4,53.4,0.0,12.7,81,Satisfactory,1012.8,30.9
2024-04-05,Bhopal,Madhya Pradesh,27.3,13.5,20.4,44.7,0.0,8.9,113,Moderate,1012.1,10.4
2024-04-06,Bhopal,Madhya Pradesh,24.9,13.5,19.2,42.9,0.0,8.1,99,Satisfactory,1013.0,6.2
2024-04-07,Bhopal,Madhya Pradesh,25.6,12.6,19.1,53.9,0.0,8.6,84,Satisfactory,1011.1,4.7
2024-04-08,Bhopal,Madhya Pradesh,28.4,14.9,21.7,49.5,0.0,7.8,74,Satisfactory,1013.8,0.0
2024-04-09,Bhopal,Madhya Pradesh,28.9,14.1,21.5,53.3,0.0,7.6,30,Good,1010.8,6.3
2024-04-10,Bhopal,Madhya Pradesh,28.0,15.4,21.7,49.8,0.0,8.2,103,Moderate,1013.9,29.2
2024-04-11,Bhopal,Madhya Pradesh,28.0,18.1,23.0,60.0,0.0,8.3,102,Moderate,1013.4,30.9
2024-04-12,Bhopal,Madhya Pradesh,29.3,15.2,22.3,48.6,0.0,8.1,97,Satisfactory,1012.6,9.1
2024-04-13,Bhopal,Madhya Pradesh,29.9,16.7,23.3,41.4,0.0,7.6,105,Moderate,1010.6,0.0
2024-04-14,Bhopal,Madhya Pradesh,29.0,18.2,23.6,37.9,0.0,13.3,43,Good,1009.7,15.2
2024-04-15,Bhopal,Madhya Pradesh,27.6,17.5,22.6,49.5,0.0,7.8,69,Satisfactory,1010.1,28.7
2024-04-16,Bhopal,Madhya Pradesh,28.6,16.2,22.4,50.7,0.0,12.0,53,Satisfactory,1009.6,33.7
2024-04-17,Bhopal,Madhya Pradesh,27.3,15.3,21.3,47.3,0.0,8.3,29,Good,1011.5,26.3
2024-04-18,Bhopal,Madhya Pradesh,27.3,15.5,21.4,51.0,0.0,7.6,59,Satisfactory,1011.1,9.0
2024-04-19,Bhopal,Madhya Pradesh,27.9,15.2,21.6,50.7,0.0,8.0,73,Satisfactory,1015.0,33.4
2024-04-20,Bhopal,Madhya Pradesh,28.6,16.5,22.6,47.7,0.0,6.9,94,Satisfactory,1014.4,28.4
2024-04-21,Bhopal,Madhya Pradesh,28.5,17.7,23.1,48.6,0.0,9.3,74,Satisfactory,1013.5,33.2
2024-04-22,Bhopal,Madhya Pradesh,30.4,17.4,23.9,40.6,0.0,11.2,43,Good,1009.6,10.1
2024-04-23,Bhopal,Madhya Pradesh,29.1,18.7,23.9,49.3,0.0,9.7,80,Satisfactory,1007.0,30.1
2024-04-24,Bhopal,Madhya Pradesh,31.7,18.7,25.2,49.6,0.0,9.0,66,Satisfactory,1009.7,34.6
2024-04-25,Bhopal,Madhya Pradesh,31.9,20.0,25.9,43.9,3.1,17.6,15,Good,1008.5,3.4
2024-04-26,Bhopal,Madhya Pradesh,31.4,20.4,25.9,49.5,0.0,7.6,65,Satisfactory,1008.9,14.0
2024-04-27,Bhopal,Madhya Pradesh,32.2,18.8,25.5,53.0,0.0,11.7,66,Satisfactory,1009.6,1.9
2024-04-28,Bhopal,Madhya Pradesh,34.1,18.7,26.4,52.1,0.0,9.9,63,Satisfactory,1009.7,11.6
2024-04-29,Bhopal,Madhya Pradesh,30.2,19.8,25.0,42.9,0.0,7.1,32,Good,1005.0,22.7
2024-04-30,Bhopal,Madhya Pradesh,30.4,16.7,23.6,52.6,0.0,8.0,33,Good,1011.4,5.1
2024-05-01,Bhopal,Madhya Pradesh,29.9,19.4,24.7,60.7,3.2,7.7,96,Satisfactory,1010.3,40.7
2024-05-02,Bhopal,Madhya Pradesh,31.0,20.2,25.6,58.6,0.0,10.7,24,Good,1006.8,40.7
2024-05-03,Bhopal,Madhya Pradesh,33.5,20.7,27.1,47.7,0.0,9.3,47,Good,1009.1,22.6
2024-05-04,Bhopal,Madhya Pradesh,33.9,22.4,28.1,55.0,0.0,8.8,15,Good,1006.4,15.1
2024-05-05,Bhopal,Madhya Pradesh,34.3,23.0,28.7,45.0,0.0,8.4,75,Satisfactory,1006.7,23.8
2024-05-06,Bhopal,Madhya Pradesh,34.1,24.8,29.4,59.1,0.0,7.0,66,Satisfactory,1005.9,44.8
2024-05-07,Bhopal,Madhya Pradesh,33.1,20.9,27.0,58.9,0.0,10.6,75,Satisfactory,1005.3,35.1
2024-05-08,Bhopal,Madhya Pradesh,33.8,19.5,26.7,49.4,0.0,15.4,15,Good,1004.2,1.8
2024-05-09,Bhopal,Madhya Pradesh,33.3,21.2,27.2,37.3,0.0,12.6,57,Satisfactory,1011.8,0.0
2024-05-10,Bhopal,Madhya Pradesh,34.1,21.6,27.9,50.4,0.0,9.4,15,Good,1007.3,14.7
2024-05-11,Bhopal,Madhya Pradesh,33.5,21.2,27.3,57.1,0.0,12.4,62,Satisfactory,1006.3,27.6
2024-05-12,Bhopal,Madhya Pradesh,32.6,21.4,27.0,48.8,0.0,10.6,15,Good,1009.6,5.1
2024-05-13,Bhopal,Madhya Pradesh,33.1,20.5,26.8,53.3,0.0,14.2,44,Good,1002.5,26.7
2024-05-14,Bhopal,Madhya Pradesh,32.5,20.0,26.2,48.3,0.0,7.5,38,Good,1005.4,7.1
2024-05-15,Bhopal,Madhya Pradesh,31.2,20.8,26.0,53.4,0.0,9.4,46,Good,1004.5,31.4
2024-05-16,Bhopal,Madhya Pradesh,33.1,21.1,27.1,55.8,0.0,14.8,28,Good,1004.3,34.3
2024-05-17,Bhopal,Madhya Pradesh,33.7,23.4,28.6,66.0,0.0,8.0,42,Good,1004.8,54.9
2024-05-18,Bhopal,Madhya Pradesh,35.7,26.0,30.9,49.4,0.0,9.8,80,Satisfactory,1003.1,28.5
2024-05-19,Bhopal,Madhya Pradesh,39.1,27.1,33.1,52.7,0.0,9.3,67,Satisfactory,999.6,24.7
2024-05-20,Bhopal,Madhya Pradesh,37.5,27.4,32.4,43.7,8.8,8.6,32,Good,1001.1,49.4
2024-05-21,Bhopal,Madhya Pradesh,34.6,26.8,30.7,54.5,0.0,14.7,15,Good,1001.7,41.7
2024-05-22,Bhopal,Madhya Pradesh,33.4,22.5,28.0,61.8,0.0,8.7,58,Satisfactory,1003.2,35.5
2024-05-23,Bhopal,Madhya Pradesh,32.9,22.7,27.8,63.0,4.1,9.5,52,Satisfactory,1002.1,31.5
2024-05-24,Bhopal,Madhya Pradesh,34.0,24.2,29.1,58.0,0.0,9.6,23,Good,1003.1,59.6
2024-05-25,Bhopal,Madhya Pradesh,34.4,24.3,29.3,57.9,0.0,9.4,22,Good,1003.0,26.1
2024-05-26,Bhopal,Madhya Pradesh,34.1,22.5,28.3,59.6,0.0,9.4,15,Good,999.1,17.1
2024-05-27,Bhopal,Madhya Pradesh,33.9,24.2,29.0,55.7,0.0,8.7,27,Good,1000.9,35.5
2024-05-28,Bhopal,Madhya Pradesh,35.0,25.3,30.1,50.7,0.0,9.4,22,Good,1003.0,33.9
2024-05-29,Bhopal,Madhya Pradesh,33.8,27.2,30.5,57.3,0.0,14.9,24,Good,1002.1,55.8
2024-05-30,Bhopal,Madhya Pradesh,36.5,25.7,31.1,53.0,9.5,10.6,44,Good,998.5,41.7
2024-05-31,Bhopal,Madhya Pradesh,33.9,23.9,28.9,69.5,6.2,10.3,34,Good,1004.1,54.5
2024-06-01,Bhopal,Madhya Pradesh,31.6,19.6,25.6,59.4,2.5,12.9,26,Good,1004.5,8.7
2024-06-02,Bhopal,Madhya Pradesh,31.4,21.3,26.4,63.7,0.0,9.9,15,Good,1007.6,40.3
2024-06-03,Bhopal,Madhya Pradesh,31.6,24.5,28.0,66.2,0.0,8.6,15,Good,1005.8,65.5
2024-06-04,Bhopal,Madhya Pradesh,36.1,24.6,30.3,67.1,0.0,12.7,20,Good,999.8,29.3
2024-06-05,Bhopal,Madhya Pradesh,34.7,25.0,29.9,64.1,0.0,9.3,24,Good,1001.2,41.7
2024-06-06,Bhopal,Madhya Pradesh,35.6,27.1,31.3,69.7,0.0,10.1,24,Good,1001.0,57.5
2024-06-07,Bhopal,Madhya Pradesh,36.3,25.3,30.8,60.7,0.0,9.0,15,Good,1003.5,39.9
2024-06-08,Bhopal,Madhya Pradesh,32.1,25.3,28.7,65.9,18.2,9.7,15,Good,1000.8,60.2
2024-06-09,Bhopal,Madhya Pradesh,33.0,25.5,29.3,73.0,0.0,9.8,15,Good,1003.8,41.4
2024-06-10,Bhopal,Madhya Pradesh,33.8,24.6,29.2,70.9,0.0,11.7,18,Good,1001.6,50.3
2024-06-11,Bhopal,Madhya Pradesh,36.4,28.6,32.5,71.4,1.9,9.2,15,Good,998.3,59.3
2024-06-12,Bhopal,Madhya Pradesh,34.4,26.0,30.2,69.6,25.4,13.8,15,Good,998.1,37.0
2024-06-13,Bhopal,Madhya Pradesh,35.3,25.9,30.6,74.3,3.3,10.8,15,Good,1002.2,41.6
2024-06-14,Bhopal,Madhya Pradesh,31.8,24.1,28.0,83.6,0.0,11.0,15,Good,1002.8,68.4
2024-06-15,Bhopal,Madhya Pradesh,33.7,23.9,28.8,67.0,37.0,11.4,15,Good,1002.6,45.0
2024-06-16,Bhopal,Madhya Pradesh,32.0,25.2,28.6,75.2,7.2,9.8,15,Good,995.2,59.0
2024-06-17,Bhopal,Madhya Pradesh,30.4,23.9,27.2,76.0,1.9,13.1,15,Good,1000.4,72.7
2024-06-18,Bhopal,Madhya Pradesh,30.4,22.5,26.5,80.8,1.4,13.0,15,Good,1003.3,61.7
2024-06-19,Bhopal,Madhya Pradesh,30.9,22.4,26.6,79.1,0.0,13.1,15,Good,997.7,65.1
2024-06-20,Bhopal,Madhya Pradesh,30.7,23.8,27.3,83.7,8.3,10.3,15,Good,1001.5,83.6
2024-06-21,Bhopal,Madhya Pradesh,28.7,24.1,26.4,88.1,0.0,10.5,15,Good,999.4,95.6
2024-06-22,Bhopal,Madhya Pradesh,29.5,21.8,25.6,82.6,1.4,12.2,15,Good,998.7,66.7
2024-06-23,Bhopal,Madhya Pradesh,30.4,23.3,26.9,94.6,9.9,11.3,15,Good,998.7,59.1
2024-06-24,Bhopal,Madhya Pradesh,31.3,25.3,28.3,75.7,2.4,11.8,15,Good,1002.8,76.8
2024-06-25,Bhopal,Madhya Pradesh,34.2,26.7,30.5,78.5,6.2,11.6,15,Good,1000.7,53.8
2024-06-26,Bhopal,Madhya Pradesh,32.4,27.4,29.9,79.5,5.4,16.8,15,Good,998.8,84.3
2024-06-27,Bhopal,Madhya Pradesh,33.6,25.4,29.5,83.1,4.9,13.7,24,Good,1003.4,59.4
2024-06-28,Bhopal,Madhya Pradesh,34.8,26.6,30.7,75.3,2.9,11.2,15,Good,995.0,61.3
2024-06-29,Bhopal,Madhya Pradesh,35.7,28.3,32.0,79.8,0.0,12.3,47,Good,996.9,52.9
2024-06-30,Bhopal,Madhya Pradesh,34.1,26.4,30.2,79.2,0.0,11.2,15,Good,1001.8,57.3
2024-07-01,Bhopal,Madhya Pradesh,32.5,27.5,30.0,95.4,15.5,11.9,15,Good,998.2,86.7
2024-07-02,Bhopal,Madhya Pradesh,35.4,30.0,32.7,78.3,0.8,12.2,15,Good,997.4,74.1
2024-07-03,Bhopal,Madhya Pradesh,34.2,28.8,31.5,79.4,25.0,11.8,15,Good,997.8,70.0
2024-07-04,Bhopal,Madhya Pradesh,34.8,28.7,31.7,87.3,4.7,12.9,15,Good,997.0,100.0
2024-07-05,Bhopal,Madhya Pradesh,33.6,28.2,30.9,90.3,4.2,13.8,15,Good,1000.0,74.2
2024-07-06,Bhopal,Madhya Pradesh,31.5,24.7,28.1,92.0,0.0,12.4,22,Good,997.2,74.6
2024-07-07,Bhopal,Madhya Pradesh,30.3,22.9,26.6,88.0,0.0,11.6,15,Good,1004.6,60.8
2024-07-08,Bhopal,Madhya Pradesh,31.6,26.0,28.8,92.2,0.0,12.8,15,Good,995.8,64.4
2024-07-09,Bhopal,Madhya Pradesh,34.6,27.3,30.9,75.9,13.0,13.0,15,Good,1001.4,61.9
2024-07-10,Bhopal,Madhya Pradesh,33.0,26.1,29.6,88.4,0.0,19.2,15,Good,1000.0,66.8
2024-07-11,Bhopal,Madhya Pradesh,31.4,25.2,28.3,91.7,0.0,14.2,15,Good,997.3,71.0
2024-07-12,Bhopal,Madhya Pradesh,33.3,27.6,30.4,91.8,1.6,11.3,15,Good,998.6,72.8
2024-07-13,Bhopal,Madhya Pradesh,32.7,27.6,30.2,94.9,10.3,13.3,24,Good,999.8,87.2
2024-07-14,Bhopal,Madhya Pradesh,31.2,25.0,28.1,95.7,3.0,15.7,15,Good,1000.0,78.6
2024-07-15,Bhopal,Madhya Pradesh,31.3,28.0,29.7,100.0,24.6,14.1,15,Good,994.5,100.0
2024-07-16,Bhopal,Madhya Pradesh,32.4,25.9,29.2,100.0,15.6,13.5,15,Good,999.2,87.9
2024-07-17,Bhopal,Madhya Pradesh,32.8,25.8,29.3,95.6,9.8,12.2,15,Good,995.6,69.3
2024-07-18,Bhopal,Madhya Pradesh,29.7,26.7,28.2,89.3,0.0,14.2,15,Good,1000.9,86.4
2024-07-19,Bhopal,Madhya Pradesh,30.6,25.5,28.0,100.0,13.3,12.7,15,Good,1001.0,82.5
2024-07-20,Bhopal,Madhya Pradesh,33.0,26.7,29.9,97.8,29.2,14.5,15,Good,995.6,99.0
2024-07-21,Bhopal,Madhya Pradesh,31.8,26.7,29.2,94.5,0.0,15.4,15,Good,994.6,91.4
2024-07-22,Bhopal,Madhya Pradesh,33.0,28.2,30.6,86.7,0.0,16.4,15,Good,997.6,80.1
2024-07-23,Bhopal,Madhya Pradesh,32.0,27.3,29.6,97.6,0.0,15.4,15,Good,998.1,100.0
2024-07-24,Bhopal,Madhya Pradesh,32.2,29.2,30.7,96.3,0.0,13.9,17,Good,998.3,86.9
2024-07-25,Bhopal,Madhya Pradesh,32.0,26.8,29.4,100.0,2.6,11.8,32,Good,999.6,88.2
2024-07-26,Bhopal,Madhya Pradesh,29.5,25.9,27.7,94.9,5.5,12.1,15,Good,999.0,100.0
2024-07-27,Bhopal,Madhya Pradesh,28.3,23.7,26.0,98.1,5.7,13.2,15,Good,1000.1,93.6
2024-07-28,Bhopal,Madhya Pradesh,27.6,23.7,25.7,95.8,14.5,15.0,15,Good,998.4,84.6
2024-07-29,Bhopal,Madhya Pradesh,29.7,24.6,27.2,93.0,8.1,13.5,27,Good,997.6,79.3
2024-07-30,Bhopal,Madhya Pradesh,28.7,23.9,26.3,82.8,0.0,14.1,15,Good,1001.2,52.4
2024-07-31,Bhopal,Madhya Pradesh,29.1,22.4,25.8,85.9,0.0,15.9,15,Good,1001.3,54.8
2024-08-01,Bhopal,Madhya Pradesh,27.5,21.8,24.6,95.7,4.7,14.3,15,Good,1000.0,79.4
2024-08-02,Bhopal,Madhya Pradesh,29.2,22.0,25.6,97.8,40.4,12.6,15,Good,998.4,72.2
2024-08-03,Bhopal,Madhya Pradesh,30.7,22.6,26.7,94.0,33.6,18.4,15,Good,1003.5,79.2
2024-08-04,Bhopal,Madhya Pradesh,29.2,25.3,27.2,91.3,21.5,14.7,15,Good,1003.7,92.4
2024-08-05,Bhopal,Madhya Pradesh,32.0,24.9,28.5,89.0,9.0,15.0,15,Good,1002.4,66.0
2024-08-06,Bhopal,Madhya Pradesh,31.5,24.4,27.9,81.7,17.2,13.8,24,Good,1001.7,54.6
2024-08-07,Bhopal,Madhya Pradesh,30.4,23.5,27.0,92.8,18.2,17.1,15,Good,998.6,58.5
2024-08-08,Bhopal,Madhya Pradesh,32.1,25.0,28.6,95.6,5.1,18.1,15,Good,1003.1,61.3
2024-08-09,Bhopal,Madhya Pradesh,31.5,24.4,28.0,88.1,0.0,14.4,15,Good,1002.0,58.8
2024-08-10,Bhopal,Madhya Pradesh,31.3,23.4,27.4,94.6,5.2,16.0,25,Good,999.1,75.1
2024-08-11,Bhopal,Madhya Pradesh,29.8,25.4,27.6,91.5,1.6,12.6,15,Good,1002.6,95.2
2024-08-12,Bhopal,Madhya Pradesh,30.3,25.7,28.0,92.4,13.2,15.6,15,Good,1000.3,81.3
2024-08-13,Bhopal,Madhya Pradesh,31.9,26.0,29.0,89.7,16.9,14.9,15,Good,1002.8,81.0
2024-08-14,Bhopal,Madhya Pradesh,35.0,29.6,32.3,89.8,0.0,11.1,21,Good,1002.7,71.6
2024-08-15,Bhopal,Madhya Pradesh,39.0,31.3,35.1,74.1,0.0,14.5,21,Good,1000.8,48.7
2024-08-16,Bhopal,Madhya Pradesh,34.8,29.1,32.0,89.5,16.5,10.4,15,Good,999.2,98.4
2024-08-17,Bhopal,Madhya Pradesh,34.5,27.5,31.0,76.7,3.7,11.0,15,Good,1002.5,62.4
2024-08-18,Bhopal,Madhya Pradesh,33.6,26.9,30.2,88.7,7.7,14.9,20,Good,1002.8,77.2
2024-08-19,Bhopal,Madhya Pradesh,34.8,25.7,30.3,72.2,0.0,10.5,25,Good,1000.5,34.1
2024-08-20,Bhopal,Madhya Pradesh,35.0,27.4,31.2,78.8,20.3,10.9,58,Satisfactory,1001.1,62.7
2024-08-21,Bhopal,Madhya Pradesh,35.9,29.1,32.5,73.8,0.0,14.3,15,Good,1005.4,59.9
2024-08-22,Bhopal,Madhya Pradesh,34.9,26.4,30.7,77.8,0.0,12.4,27,Good,1005.6,58.7
2024-08-23,Bhopal,Madhya Pradesh,34.5,26.9,30.7,78.0,0.0,10.8,15,Good,1001.4,41.8
2024-08-24,Bhopal,Madhya Pradesh,30.8,24.3,27.6,83.1,0.0,11.6,41,Good,999.6,65.2
2024-08-25,Bhopal,Madhya Pradesh,31.2,24.7,27.9,89.8,13.5,12.8,15,Good,1006.7,78.3
2024-08-26,Bhopal,Madhya Pradesh,30.7,24.3,27.5,82.4,0.0,11.3,48,Good,1008.3,89.9
2024-08-27,Bhopal,Madhya Pradesh,31.1,24.7,27.9,83.1,4.1,19.3,15,Good,1007.3,82.3
2024-08-28,Bhopal,Madhya Pradesh,30.8,23.6,27.2,87.5,1.8,15.4,15,Good,1003.8,76.4
2024-08-29,Bhopal,Madhya Pradesh,30.3,25.2,27.7,77.1,0.0,10.0,72,Satisfactory,1005.9,81.3
2024-08-30,Bhopal,Madhya Pradesh,29.3,23.4,26.4,88.5,0.0,14.3,54,Satisfactory,1003.3,82.7
2024-08-31,Bhopal,Madhya Pradesh,31.1,21.8,26.5,80.8,0.0,11.7,63,Satisfactory,1007.5,43.1
2024-09-01,Bhopal,Madhya Pradesh,32.2,24.1,28.1,69.0,22.5,14.7,35,Good,1003.9,57.6
2024-09-02,Bhopal,Madhya Pradesh,30.2,21.7,26.0,83.1,21.4,13.5,23,Good,1004.7,36.5
2024-09-03,Bhopal,Madhya Pradesh,28.7,21.6,25.2,75.0,0.0,9.7,65,Satisfactory,1006.2,61.4
2024-09-04,Bhopal,Madhya Pradesh,32.0,23.3,27.7,62.5,4.3,11.3,25,Good,1004.8,47.9
2024-09-05,Bhopal,Madhya Pradesh,36.6,26.8,31.7,61.4,0.0,10.2,44,Good,1006.5,45.8
2024-09-06,Bhopal,Madhya Pradesh,35.2,23.9,29.6,66.8,5.1,11.1,73,Satisfactory,1004.1,44.4
2024-09-07,Bhopal,Madhya Pradesh,35.1,24.7,29.9,57.5,0.0,10.4,100,Moderate,1011.1,12.1
2024-09-08,Bhopal,Madhya Pradesh,36.4,25.3,30.8,55.8,16.0,13.5,42,Good,1007.0,18.8
2024-09-09,Bhopal,Madhya Pradesh,35.7,28.2,32.0,60.3,0.0,10.3,15,Good,1005.1,55.9
2024-09-10,Bhopal,Madhya Pradesh,36.2,26.1,31.1,54.7,0.0,15.3,55,Satisfactory,1004.3,34.0
2024-09-11,Bhopal,Madhya Pradesh,35.8,27.6,31.7,74.0,0.0,11.2,91,Satisfactory,1005.7,56.5
2024-09-12,Bhopal,Madhya Pradesh,36.6,26.4,31.5,63.3,0.0,9.9,58,Satisfactory,1006.2,39.2
2024-09-13,Bhopal,Madhya Pradesh,36.2,26.9,31.6,61.3,0.0,10.6,42,Good,1006.2,18.2
2024-09-14,Bhopal,Madhya Pradesh,35.5,24.7,30.1,52.8,0.0,9.8,89,Satisfactory,1006.4,20.8
2024-09-15,Bhopal,Madhya Pradesh,33.5,22.9,28.2,58.7,0.0,9.0,64,Satisfactory,1006.5,31.3
2024-09-16,Bhopal,Madhya Pradesh,32.4,21.5,27.0,55.2,0.0,9.3,64,Satisfactory,1010.5,27.6
2024-09-17,Bhopal,Madhya Pradesh,31.9,21.6,26.7,59.9,0.0,10.8,33,Good,1011.8,38.6
2024-09-18,Bhopal,Madhya Pradesh,31.8,21.9,26.8,68.0,5.1,10.3,32,Good,1007.4,42.5
2024-09-19,Bhopal,Madhya Pradesh,32.8,21.7,27.3,59.7,0.0,10.9,91,Satisfactory,1009.2,42.6
2024-09-20,Bhopal,Madhya Pradesh,32.3,21.1,26.7,60.9,6.7,10.0,44,Good,1006.0,40.6
2024-09-21,Bhopal,Madhya Pradesh,32.2,23.0,27.6,58.7,4.5,9.3,115,Moderate,1008.5,48.5
2024-09-22,Bhopal,Madhya Pradesh,32.1,23.2,27.6,65.6,0.0,8.6,128,Moderate,1013.7,49.3
2024-09-23,Bhopal,Madhya Pradesh,33.9,22.3,28.1,51.9,0.0,9.3,61,Satisfactory,1012.3,21.2
2024-09-24,Bhopal,Madhya Pradesh,33.1,20.0,26.5,59.1,0.0,10.7,66,Satisfactory,1011.8,8.4
2024-09-25,Bhopal,Madhya Pradesh,32.4,21.2,26.8,53.8,0.0,8.4,105,Moderate,1008.3,24.1
2024-09-26,Bhopal,Madhya Pradesh,30.3,20.9,25.6,70.7,0.6,8.7,123,Moderate,1009.8,34.7
2024-09-27,Bhopal,Madhya Pradesh,33.1,20.9,27.0,60.9,0.0,10.2,91,Satisfactory,1010.0,24.7
2024-09-28,Bhopal,Madhya Pradesh,31.3,20.8,26.0,58.6,0.0,10.1,75,Satisfactory,1013.5,40.8
2024-09-29,Bhopal,Madhya Pradesh,33.2,19.3,26.3,52.4,0.0,8.2,88,Satisfactory,1014.2,12.5
2024-09-30,Bhopal,Madhya Pradesh,31.4,22.8,27.1,66.7,0.0,10.5,94,Satisfactory,1011.6,52.2
2024-10-01,Bhopal,Madhya Pradesh,33.3,22.8,28.1,57.7,0.0,10.1,83,Satisfactory,1013.3,39.9
2024-10-02,Bhopal,Madhya Pradesh,33.1,21.2,27.2,55.8,0.0,15.6,109,Moderate,1010.5,23.4
2024-10-03,Bhopal,Madhya Pradesh,32.0,20.4,26.2,62.6,0.0,8.0,88,Satisfactory,1013.1,18.1
2024-10-04,Bhopal,Madhya Pradesh,30.9,20.6,25.7,54.9,0.0,14.4,98,Satisfactory,1014.9,26.4
2024-10-05,Bhopal,Madhya Pradesh,31.6,21.2,26.4,46.4,2.4,9.8,116,Moderate,1016.0,43.7
2024-10-06,Bhopal,Madhya Pradesh,33.6,22.3,27.9,51.2,0.0,7.3,110,Moderate,1010.2,20.6
2024-10-07,Bhopal,Madhya Pradesh,34.1,22.2,28.2,55.1,0.0,8.7,103,Moderate,1015.6,17.4
2024-10-08,Bhopal,Madhya Pradesh,31.2,19.9,25.6,54.5,0.0,8.6,109,Moderate,1018.4,26.5
2024-10-09,Bhopal,Madhya Pradesh,32.9,21.3,27.1,41.5,0.0,11.8,84,Satisfactory,1010.5,7.6
2024-10-10,Bhopal,Madhya Pradesh,32.9,22.9,27.9,53.0,0.0,8.1,131,Moderate,1010.2,39.3
2024-10-11,Bhopal,Madhya Pradesh,32.2,21.7,27.0,60.0,0.0,7.4,115,Moderate,1017.0,33.1
2024-10-12,Bhopal,Madhya Pradesh,31.6,20.9,26.3,46.6,0.0,10.0,107,Moderate,1013.4,37.1
2024-10-13,Bhopal,Madhya Pradesh,32.5,21.8,27.2,45.5,0.0,9.5,92,Satisfactory,1013.7,42.8
2024-10-14,Bhopal,Madhya Pradesh,33.8,21.0,27.4,42.7,0.0,10.7,157,Moderate,1016.7,11.8
2024-10-15,Bhopal,Madhya Pradesh,33.2,20.7,27.0,55.2,0.0,12.7,129,Moderate,1012.8,23.0
2024-10-16,Bhopal,Madhya Pradesh,33.1,21.1,27.1,38.5,0.0,12.2,81,Satisfactory,1015.3,21.0
2024-10-17,Bhopal,Madhya Pradesh,31.3,19.1,25.2,55.9,0.0,16.6,116,Moderate,1012.7,45.3
2024-10-18,Bhopal,Madhya Pradesh,32.8,20.2,26.5,50.3,0.0,14.0,98,Satisfactory,1017.0,16.1
2024-10-19,Bhopal,Madhya Pradesh,33.5,21.5,27.5,43.3,0.0,10.3,103,Moderate,1016.9,0.0
2024-10-20,Bhopal,Madhya Pradesh,31.0,19.1,25.0,41.1,0.0,9.0,112,Moderate,1016.4,15.7
2024-10-21,Bhopal,Madhya Pradesh,31.3,17.2,24.3,53.7,0.0,9.3,140,Moderate,1016.4,34.7
2024-10-22,Bhopal,Madhya Pradesh,30.1,20.1,25.1,45.6,0.0,11.3,122,Moderate,1016.3,29.0
2024-10-23,Bhopal,Madhya Pradesh,31.5,19.0,25.2,49.5,0.0,8.0,134,Moderate,1016.1,19.9
2024-10-24,Bhopal,Madhya Pradesh,32.4,17.9,25.1,43.4,0.0,8.3,142,Moderate,1016.5,15.7
2024-10-25,Bhopal,Madhya Pradesh,28.6,18.3,23.4,53.1,0.0,10.3,153,Moderate,1019.0,26.5
2024-10-26,Bhopal,Madhya Pradesh,29.8,16.9,23.3,51.8,0.0,7.0,193,Moderate,1013.9,29.5
2024-10-27,Bhopal,Madhya Pradesh,30.4,17.1,23.8,44.1,0.0,7.8,136,Moderate,1021.2,24.1
2024-10-28,Bhopal,Madhya Pradesh,28.2,16.3,22.2,52.6,0.0,7.4,135,Moderate,1018.5,16.8
2024-10-29,Bhopal,Madhya Pradesh,28.1,18.0,23.0,49.2,0.0,12.5,134,Moderate,1022.5,20.6
2024-10-30,Bhopal,Madhya Pradesh,29.1,16.0,22.6,50.2,0.0,7.1,163,Moderate,1018.8,13.4
2024-10-31,Bhopal,Madhya Pradesh,28.5,17.6,23.1,53.9,0.0,8.1,171,Moderate,1018.3,35.0
2024-11-01,Bhopal,Madhya Pradesh,27.8,15.9,21.9,55.3,0.0,7.7,127,Moderate,1020.0,19.2
2024-11-02,Bhopal,Madhya Pradesh,28.5,14.9,21.7,50.7,0.0,8.2,202,Poor,1016.5,7.9
2024-11-03,Bhopal,Madhya Pradesh,28.4,18.5,23.5,58.0,0.0,9.9,120,Moderate,1016.5,51.4
2024-11-04,Bhopal,Madhya Pradesh,30.4,19.1,24.7,36.1,0.0,9.5,168,Moderate,1018.0,8.6
2024-11-05,Bhopal,Madhya Pradesh,31.6,18.7,25.1,42.4,0.0,9.2,167,Moderate,1018.6,5.9
2024-11-06,Bhopal,Madhya Pradesh,31.4,17.7,24.6,30.9,0.0,10.1,119,Moderate,1020.8,1.7
2024-11-07,Bhopal,Madhya Pradesh,31.8,18.4,25.1,37.6,0.0,9.5,158,Moderate,1018.8,8.5
2024-11-08,Bhopal,Madhya Pradesh,31.5,18.7,25.1,54.6,0.0,6.3,124,Moderate,1021.7,28.4
2024-11-09,Bhopal,Madhya Pradesh,30.8,19.2,25.0,40.3,0.0,10.2,135,Moderate,1013.6,0.0
2024-11-10,Bhopal,Madhya Pradesh,31.3,18.2,24.8,52.9,0.0,9.1,156,Moderate,1022.8,20.1
2024-11-11,Bhopal,Madhya Pradesh,29.2,16.8,23.0,42.4,0.0,12.7,152,Moderate,1019.0,10.6
2024-11-12,Bhopal,Madhya Pradesh,30.0,16.8,23.4,44.5,0.0,7.2,192,Moderate,1021.1,7.0
2024-11-13,Bhopal,Madhya Pradesh,30.8,16.5,23.6,44.2,0.0,8.7,147,Moderate,1022.2,0.0
2024-11-14,Bhopal,Madhya Pradesh,30.2,18.7,24.4,54.3,0.0,9.4,169,Moderate,1017.1,16.9
2024-11-15,Bhopal,Madhya Pradesh,28.5,15.4,22.0,49.7,0.0,13.8,171,Moderate,1023.4,0.0
2024-11-16,Bhopal,Madhya Pradesh,29.3,16.2,22.8,44.7,0.0,6.9,169,Moderate,1021.9,14.4
2024-11-17,Bhopal,Madhya Pradesh,27.4,16.2,21.8,47.5,0.0,9.0,166,Moderate,1024.4,23.6
2024-11-18,Bhopal,Madhya Pradesh,30.8,17.0,23.9,44.1,0.0,9.1,135,Moderate,1020.5,0.0
2024-11-19,Bhopal,Madhya Pradesh,28.0,17.5,22.8,62.0,0.0,7.3,137,Moderate,1020.7,27.7
2024-11-20,Bhopal,Madhya Pradesh,31.7,17.0,24.4,43.2,0.0,8.1,153,Moderate,1018.9,0.0
2024-11-21,Bhopal,Madhya Pradesh,30.2,18.9,24.6,47.8,0.0,8.2,203,Poor,1019.0,42.1
2024-11-22,Bhopal,Madhya Pradesh,28.5,16.8,22.6,43.5,0.0,7.4,206,Poor,1021.0,15.1
2024-11-23,Bhopal,Madhya Pradesh,29.6,15.4,22.5,44.5,0.0,9.1,199,Moderate,1022.4,5.7
2024-11-24,Bhopal,Madhya Pradesh,27.5,15.1,21.3,51.3,0.0,9.4,180,Moderate,1023.2,21.3
2024-11-25,Bhopal,Madhya Pradesh,25.8,13.7,19.8,43.1,0.0,9.1,185,Moderate,1020.2,6.6
2024-11-26,Bhopal,Madhya Pradesh,28.6,14.4,21.5,49.6,0.0,6.7,172,Moderate,1021.6,0.0
2024-11-27,Bhopal,Madhya Pradesh,28.6,16.7,22.6,48.1,0.0,7.7,171,Moderate,1022.0,33.3
2024-11-28,Bhopal,Madhya Pradesh,27.3,16.3,21.8,54.0,0.0,14.4,118,Moderate,1017.6,12.9
2024-11-29,Bhopal,Madhya Pradesh,25.3,15.6,20.4,51.3,0.0,7.6,186,Moderate,1024.1,19.6
2024-11-30,Bhopal,Madhya Pradesh,27.4,15.4,21.4,46.7,0.0,6.8,194,Moderate,1021.6,15.6
2024-12-01,Bhopal,Madhya Pradesh,28.1,15.7,21.9,31.7,0.0,8.1,168,Moderate,1022.1,5.8
2024-12-02,Bhopal,Madhya Pradesh,28.4,14.4,21.4,43.6,0.0,6.3,207,Poor,1025.2,2.1
2024-12-03,Bhopal,Madhya Pradesh,27.4,16.4,21.9,50.7,0.0,17.7,185,Moderate,1020.2,27.6
2024-12-04,Bhopal,Madhya Pradesh,27.6,16.4,22.0,50.1,0.0,6.7,163,Moderate,1020.5,24.4
2024-12-05,Bhopal,Madhya Pradesh,30.1,15.9,23.0,50.3,0.0,7.3,238,Poor,1017.5,16.0
2024-12-06,Bhopal,Madhya Pradesh,26.4,13.9,20.1,51.2,0.0,7.5,199,Moderate,1022.8,32.5
2024-12-07,Bhopal,Madhya Pradesh,25.4,14.6,20.0,52.8,0.0,9.4,217,Poor,1025.2,17.2
2024-12-08,Bhopal,Madhya Pradesh,25.2,12.8,19.0,49.8,0.0,6.5,176,Moderate,1019.1,34.4
2024-12-09,Bhopal,Madhya Pradesh,26.6,14.2,20.4,59.2,0.0,20.1,188,Moderate,1020.9,38.5
2024-12-10,Bhopal,Madhya Pradesh,28.3,17.1,22.7,56.0,0.0,8.6,201,Poor,1022.7,31.6
2024-12-11,Bhopal,Madhya Pradesh,26.7,15.2,21.0,52.1,0.0,6.4,186,Moderate,1022.0,23.2
2024-12-12,Bhopal,Madhya Pradesh,30.6,19.2,24.9,47.1,0.0,14.5,148,Moderate,1021.0,4.2
2024-12-13,Bhopal,Madhya Pradesh,30.7,20.2,25.5,45.8,0.0,9.3,186,Moderate,1022.1,24.1
2024-12-14,Bhopal,Madhya Pradesh,31.6,19.0,25.3,43.8,0.0,8.0,207,Poor,1025.6,11.4
2024-12-15,Bhopal,Madhya Pradesh,33.0,21.9,27.4,45.2,0.0,6.4,196,Moderate,1021.4,26.7
2024-12-16,Bhopal,Madhya Pradesh,26.9,16.5,21.7,59.9,0.0,8.7,191,Moderate,1023.5,39.4
2024-12-17,Bhopal,Madhya Pradesh,28.1,15.3,21.7,49.2,0.0,8.0,181,Moderate,1024.0,15.4
2024-12-18,Bhopal,Madhya Pradesh,28.5,13.3,20.9,41.9,0.0,6.6,166,Moderate,1019.4,1.5
2024-12-19,Bhopal,Madhya Pradesh,25.7,14.7,20.2,51.7,0.0,8.9,194,Moderate,1024.2,27.4
2024-12-20,Bhopal,Madhya Pradesh,27.9,16.1,22.0,45.8,0.0,7.9,172,Moderate,1019.9,16.3
2024-12-21,Bhopal,Madhya Pradesh,26.6,15.9,21.2,54.5,0.0,7.8,214,Poor,1023.3,38.4
2024-12-22,Bhopal,Madhya Pradesh,26.6,14.6,20.6,48.8,0.0,11.5,203,Poor,1025.7,18.0
2024-12-23,Bhopal,Madhya Pradesh,27.7,13.7,20.7,42.3,0.0,12.5,218,Poor,1022.6,16.1
2024-12-24,Bhopal,Madhya Pradesh,24.9,12.9,18.9,45.8,0.0,10.5,179,Moderate,1026.1,19.5
2024-12-25,Bhopal,Madhya Pradesh,26.7,13.8,20.3,48.8,0.0,10.0,188,Moderate,1020.2,21.6
2024-12-26,Bhopal,Madhya Pradesh,26.2,10.1,18.2,54.4,0.0,10.4,155,Moderate,1024.8,0.0
2024-12-27,Bhopal,Madhya Pradesh,25.9,11.1,18.5,39.6,0.0,7.2,184,Moderate,1024.7,6.9
2024-12-28,Bhopal,Madhya Pradesh,25.2,14.2,19.7,55.6,0.0,8.1,194,Moderate,1018.4,33.0
2024-12-29,Bhopal,Madhya Pradesh,23.5,11.1,17.3,58.3,0.0,10.3,190,Moderate,1025.5,9.8
2024-12-30,Bhopal,Madhya Pradesh,24.7,13.4,19.1,55.7,0.0,9.8,181,Moderate,1018.0,17.5
2024-12-31,Bhopal,Madhya Pradesh,26.8,14.1,20.5,48.9,0.0,7.2,183,Moderate,1024.0,13.8
2025-01-01,Bhopal,Madhya Pradesh,25.0,13.6,19.3,47.5,0.0,9.0,197,Moderate,1024.8,8.0
2025-01-02,Bhopal,Madhya Pradesh,26.9,12.2,19.6,53.2,0.0,7.0,190,Moderate,1023.0,15.2
2025-01-03,Bhopal,Madhya Pradesh,26.9,14.1,20.5,54.1,0.0,7.3,225,Poor,1023.9,2.6
2025-01-04,Bhopal,Madhya Pradesh,27.5,14.0,20.7,49.4,0.0,10.5,193,Moderate,1028.0,0.0
2025-01-05,Bhopal,Madhya Pradesh,26.7,14.3,20.5,51.2,0.0,9.4,178,Moderate,1022.5,19.7
2025-01-06,Bhopal,Madhya Pradesh,25.4,15.8,20.6,60.6,0.0,9.3,214,Poor,1021.2,39.3
2025-01-07,Bhopal,Madhya Pradesh,27.5,14.9,21.2,52.2,0.0,8.2,171,Moderate,1027.4,26.9
2025-01-08,Bhopal,Madhya Pradesh,27.6,15.5,21.6,51.6,0.0,9.3,181,Moderate,1023.6,26.9
2025-01-09,Bhopal,Madhya Pradesh,27.1,16.0,21.5,55.2,0.0,8.5,169,Moderate,1025.5,31.0
2025-01-10,Bhopal,Madhya Pradesh,30.7,18.0,24.3,43.7,0.0,7.5,188,Moderate,1019.1,17.4
2025-01-11,Bhopal,Madhya Pradesh,27.7,15.4,21.6,63.7,0.0,10.4,216,Poor,1018.2,16.5
2025-01-12,Bhopal,Madhya Pradesh,25.4,12.3,18.9,49.3,0.0,6.4,201,Poor,1022.1,5.7
2025-01-13,Bhopal,Madhya Pradesh,24.8,13.9,19.3,52.2,3.0,8.0,151,Moderate,1023.3,28.5
2025-01-14,Bhopal,Madhya Pradesh,25.5,13.4,19.5,55.7,0.0,12.4,171,Moderate,1022.5,21.3
2025-01-15,Bhopal,Madhya Pradesh,26.9,13.5,20.2,53.3,0.0,7.9,197,Moderate,1022.3,7.3
2025-01-16,Bhopal,Madhya Pradesh,27.7,15.8,21.8,44.2,0.0,7.6,198,Moderate,1019.1,11.6
2025-01-17,Bhopal,Madhya Pradesh,26.9,13.2,20.1,38.0,0.0,6.5,190,Moderate,1023.7,1.2
2025-01-18,Bhopal,Madhya Pradesh,23.4,13.6,18.5,51.4,0.0,7.8,207,Poor,1023.1,25.3
2025-01-19,Bhopal,Madhya Pradesh,22.7,10.8,16.8,59.1,0.0,10.9,195,Moderate,1019.7,40.6
2025-01-20,Bhopal,Madhya Pradesh,23.2,11.1,17.1,45.5,0.0,13.4,171,Moderate,1023.3,3.0
2025-01-21,Bhopal,Madhya Pradesh,23.2,13.7,18.4,54.6,0.0,9.4,190,Moderate,1023.3,32.6
2025-01-22,Bhopal,Madhya Pradesh,24.3,13.7,19.0,54.1,0.0,7.6,185,Moderate,1025.4,34.6
2025-01-23,Bhopal,Madhya Pradesh,25.0,11.4,18.2,39.9,0.0,12.3,177,Moderate,1022.4,1.9
2025-01-24,Bhopal,Madhya Pradesh,22.2,9.0,15.6,53.0,0.0,12.2,179,Moderate,1026.1,0.0
2025-01-25,Bhopal,Madhya Pradesh,21.9,9.0,15.4,58.8,0.0,9.6,204,Poor,1025.8,20.7
2025-01-26,Bhopal,Madhya Pradesh,21.5,9.4,15.4,54.6,0.0,7.0,198,Moderate,1022.4,17.4
2025-01-27,Bhopal,Madhya Pradesh,20.5,8.4,14.4,56.3,0.0,7.7,185,Moderate,1025.6,17.4
2025-01-28,Bhopal,Madhya Pradesh,19.1,8.3,13.7,55.9,0.0,8.0,174,Moderate,1026.7,36.7
2025-01-29,Bhopal,Madhya Pradesh,23.9,9.7,16.8,51.3,0.0,7.3,199,Moderate,1025.6,14.1
2025-01-30,Bhopal,Madhya Pradesh,23.0,13.5,18.3,62.5,0.0,9.9,184,Moderate,1023.7,52.1
2025-01-31,Bhopal,Madhya Pradesh,27.7,11.7,19.7,39.7,0.0,8.4,178,Moderate,1022.3,0.0
2025-02-01,Bhopal,Madhya Pradesh,27.6,12.4,20.0,42.3,0.0,7.8,174,Moderate,1019.6,5.0
2025-02-02,Bhopal,Madhya Pradesh,24.0,12.0,18.0,42.1,0.0,8.4,180,Moderate,1025.2,6.2
2025-02-03,Bhopal,Madhya Pradesh,24.1,10.8,17.4,60.3,0.0,6.8,167,Moderate,1019.9,16.2
2025-02-04,Bhopal,Madhya Pradesh,22.5,12.3,17.4,55.4,0.0,8.2,145,Moderate,1022.5,38.7
2025-02-05,Bhopal,Madhya Pradesh,25.4,11.9,18.6,55.1,0.0,12.5,200,Moderate,1024.5,2.5
2025-02-06,Bhopal,Madhya Pradesh,25.4,13.8,19.6,47.4,0.0,8.6,209,Poor,1020.0,4.9
2025-02-07,Bhopal,Madhya Pradesh,25.7,12.8,19.3,57.8,0.0,7.5,179,Moderate,1022.0,8.9
2025-02-08,Bhopal,Madhya Pradesh,27.0,11.8,19.4,56.6,0.0,7.6,187,Moderate,1018.7,16.5
2025-02-09,Bhopal,Madhya Pradesh,23.4,12.0,17.7,49.3,0.0,7.0,171,Moderate,1021.5,21.0
2025-02-10,Bhopal,Madhya Pradesh,24.7,11.3,18.0,51.3,0.0,9.4,179,Moderate,1020.1,13.2
2025-02-11,Bhopal,Madhya Pradesh,25.9,12.2,19.1,42.0,0.0,7.8,174,Moderate,1020.1,0.0
2025-02-12,Bhopal,Madhya Pradesh,22.8,11.0,16.9,55.9,0.0,13.0,161,Moderate,1023.3,18.0
2025-02-13,Bhopal,Madhya Pradesh,21.3,9.3,15.3,64.2,0.0,14.9,129,Moderate,1023.8,40.4
2025-02-14,Bhopal,Madhya Pradesh,20.4,9.6,15.0,66.8,0.0,6.1,212,Poor,1021.3,33.3
2025-02-15,Bhopal,Madhya Pradesh,20.0,7.5,13.7,61.3,0.0,9.7,138,Moderate,1023.3,15.0
2025-02-16,Bhopal,Madhya Pradesh,19.3,7.0,13.1,58.7,0.0,8.1,183,Moderate,1021.8,22.7
2025-02-17,Bhopal,Madhya Pradesh,20.8,7.9,14.3,58.5,0.0,7.9,147,Moderate,1021.6,28.0
2025-02-18,Bhopal,Madhya Pradesh,20.3,9.4,14.9,56.3,0.0,11.0,112,Moderate,1019.7,33.2
2025-02-19,Bhopal,Madhya Pradesh,23.1,10.2,16.6,67.1,9.2,10.4,168,Moderate,1020.4,41.2
2025-02-20,Bhopal,Madhya Pradesh,21.7,11.6,16.7,49.7,0.0,14.5,147,Moderate,1017.4,23.6
2025-02-21,Bhopal,Madhya Pradesh,24.4,11.6,18.0,43.3,0.0,8.2,129,Moderate,1025.0,2.6
2025-02-22,Bhopal,Madhya Pradesh,25.5,10.7,18.1,42.3,0.0,16.0,152,Moderate,1023.1,0.0
2025-02-23,Bhopal,Madhya Pradesh,25.9,14.7,20.3,57.2,0.0,8.3,148,Moderate,1024.8,26.2
2025-02-24,Bhopal,Madhya Pradesh,27.6,13.8,20.7,50.7,0.0,9.8,191,Moderate,1022.0,0.0
2025-02-25,Bhopal,Madhya Pradesh,26.1,15.4,20.7,54.4,0.0,7.1,126,Moderate,1020.2,29.0
2025-02-26,Bhopal,Madhya Pradesh,25.3,13.8,19.6,50.4,0.0,7.2,141,Moderate,1015.4,10.0
2025-02-27,Bhopal,Madhya Pradesh,24.8,11.8,18.3,42.2,0.0,7.6,171,Moderate,1022.1,2.1
2025-02-28,Bhopal,Madhya Pradesh,24.7,12.2,18.5,54.6,0.0,8.4,140,Moderate,1022.5,26.3
2025-03-01,Bhopal,Madhya Pradesh,23.7,11.1,17.4,55.7,0.0,7.1,133,Moderate,1017.7,5.5
2025-03-02,Bhopal,Madhya Pradesh,24.5,12.8,18.7,47.6,0.0,12.2,141,Moderate,1020.6,25.7
2025-03-03,Bhopal,Madhya Pradesh,27.2,15.5,21.3,43.7,0.0,10.5,163,Moderate,1018.9,20.1
2025-03-04,Bhopal,Madhya Pradesh,26.5,12.2,19.3,48.4,0.0,7.6,144,Moderate,1018.9,0.0
2025-03-05,Bhopal,Madhya Pradesh,25.7,16.3,21.0,57.7,0.0,6.7,142,Moderate,1019.5,37.7
2025-03-06,Bhopal,Madhya Pradesh,25.6,14.6,20.1,58.4,0.0,16.7,102,Moderate,1019.5,36.6
2025-03-07,Bhopal,Madhya Pradesh,26.6,15.6,21.1,58.5,0.0,13.3,116,Moderate,1016.1,31.2
2025-03-08,Bhopal,Madhya Pradesh,25.4,15.0,20.2,54.2,0.0,7.2,116,Moderate,1020.2,32.2
2025-03-09,Bhopal,Madhya Pradesh,25.5,11.3,18.4,41.4,0.0,7.9,164,Moderate,1015.7,9.5
2025-03-10,Bhopal,Madhya Pradesh,23.8,14.5,19.1,57.4,2.0,9.8,145,Moderate,1019.2,35.5
2025-03-11,Bhopal,Madhya Pradesh,25.3,13.5,19.4,59.4,0.9,9.1,102,Moderate,1018.6,29.8
2025-03-12,Bhopal,Madhya Pradesh,25.8,11.7,18.7,44.3,0.0,7.6,121,Moderate,1016.6,0.0
2025-03-13,Bhopal,Madhya Pradesh,24.7,11.9,18.3,48.4,0.0,10.3,141,Moderate,1020.5,6.5
2025-03-14,Bhopal,Madhya Pradesh,26.1,11.2,18.7,38.6,0.0,10.0,138,Moderate,1014.0,9.2
2025-03-15,Bhopal,Madhya Pradesh,24.7,13.5,19.1,54.6,0.0,9.4,122,Moderate,1018.1,40.4
2025-03-16,Bhopal,Madhya Pradesh,25.7,13.2,19.5,56.2,0.0,11.4,112,Moderate,1017.7,6.0
2025-03-17,Bhopal,Madhya Pradesh,28.5,15.0,21.7,45.2,0.0,7.6,125,Moderate,1019.7,10.1
2025-03-18,Bhopal,Madhya Pradesh,28.7,15.6,22.1,39.6,0.0,9.6,109,Moderate,1017.5,0.1
2025-03-19,Bhopal,Madhya Pradesh,30.2,17.7,24.0,55.6,0.0,7.1,147,Moderate,1011.1,10.4
2025-03-20,Bhopal,Madhya Pradesh,29.0,16.6,22.8,54.6,0.0,9.4,131,Moderate,1014.8,32.4
2025-03-21,Bhopal,Madhya Pradesh,28.6,14.5,21.5,47.8,0.0,10.5,118,Moderate,1019.2,0.0
2025-03-22,Bhopal,Madhya Pradesh,29.4,16.5,23.0,50.5,0.0,6.2,97,Satisfactory,1015.0,24.6
2025-03-23,Bhopal,Madhya Pradesh,28.3,17.6,23.0,42.2,0.0,11.2,93,Satisfactory,1013.0,5.8
2025-03-24,Bhopal,Madhya Pradesh,30.2,19.3,24.7,51.3,0.0,17.5,75,Satisfactory,1014.4,43.5
2025-03-25,Bhopal,Madhya Pradesh,32.3,18.5,25.4,54.9,0.0,16.5,82,Satisfactory,1017.6,18.4
2025-03-26,Bhopal,Madhya Pradesh,31.2,19.8,25.5,42.5,0.0,6.9,117,Moderate,1012.3,15.7
2025-03-27,Bhopal,Madhya Pradesh,31.8,18.7,25.2,51.5,0.0,6.8,146,Moderate,1011.8,9.0
2025-03-28,Bhopal,Madhya Pradesh,33.0,21.0,27.0,47.4,0.0,13.5,96,Satisfactory,1012.8,19.2
2025-03-29,Bhopal,Madhya Pradesh,35.9,21.6,28.8,41.9,0.0,6.6,78,Satisfactory,1011.3,0.0
2025-03-30,Bhopal,Madhya Pradesh,32.3,20.6,26.4,37.5,0.0,12.5,107,Moderate,1014.6,18.1
2025-03-31,Bhopal,Madhya Pradesh,33.3,19.5,26.4,46.0,0.0,6.8,75,Satisfactory,1012.3,8.7
2025-04-01,Bhopal,Madhya Pradesh,32.5,19.8,26.2,43.7,0.0,6.9,113,Moderate,1013.6,8.3
2025-04-02,Bhopal,Madhya Pradesh,30.6,17.6,24.1,46.1,0.0,12.9,76,Satisfactory,1016.6,47.3
2025-04-03,Bhopal,Madhya Pradesh,30.6,19.3,25.0,51.6,0.0,9.8,105,Moderate,1011.0,37.7
2025-04-04,Bhopal,Madhya Pradesh,31.7,18.5,25.1,49.4,0.0,7.4,108,Moderate,1014.8,38.6
2025-04-05,Bhopal,Madhya Pradesh,31.5,19.3,25.4,50.8,0.0,11.4,89,Satisfactory,1014.3,30.0
2025-04-06,Bhopal,Madhya Pradesh,29.7,18.3,24.0,45.2,0.0,9.2,66,Satisfactory,1010.2,24.8
2025-04-07,Bhopal,Madhya Pradesh,27.7,16.9,22.3,49.2,0.0,8.5,75,Satisfactory,1015.8,40.8
2025-04-08,Bhopal,Madhya Pradesh,27.7,15.5,21.6,51.9,0.0,7.1,102,Moderate,1010.6,25.4
2025-04-09,Bhopal,Madhya Pradesh,27.0,17.8,22.4,49.8,0.0,7.2,93,Satisfactory,1009.7,29.2
2025-04-10,Bhopal,Madhya Pradesh,29.8,18.0,23.9,51.2,0.0,10.3,120,Moderate,1010.4,39.2
2025-04-11,Bhopal,Madhya Pradesh,29.4,17.9,23.6,45.4,0.0,7.1,89,Satisfactory,1010.4,31.5
2025-04-12,Bhopal,Madhya Pradesh,32.6,20.2,26.4,47.7,0.0,7.9,99,Satisfactory,1010.4,24.9
2025-04-13,Bhopal,Madhya Pradesh,34.0,21.9,27.9,51.0,0.0,7.6,73,Satisfactory,1008.2,29.1
2025-04-14,Bhopal,Madhya Pradesh,30.7,19.9,25.3,49.6,0.0,13.4,46,Good,1012.2,21.3
2025-04-15,Bhopal,Madhya Pradesh,31.5,19.8,25.7,47.3,0.0,8.1,102,Moderate,1010.5,26.8
2025-04-16,Bhopal,Madhya Pradesh,30.9,19.4,25.1,41.9,0.0,8.8,58,Satisfactory,1011.1,28.7
2025-04-17,Bhopal,Madhya Pradesh,31.5,19.5,25.5,40.0,0.0,6.7,46,Good,1011.8,2.9
2025-04-18,Bhopal,Madhya Pradesh,32.7,18.4,25.5,42.2,0.0,8.3,42,Good,1013.4,10.1
2025-04-19,Bhopal,Madhya Pradesh,33.4,20.1,26.8,53.7,0.0,7.4,80,Satisfactory,1008.9,30.1
2025-04-20,Bhopal,Madhya Pradesh,31.9,20.3,26.1,52.4,0.0,8.5,53,Satisfactory,1008.6,22.4
2025-04-21,Bhopal,Madhya Pradesh,33.0,20.4,26.7,49.1,0.0,8.0,34,Good,1011.1,20.2
2025-04-22,Bhopal,Madhya Pradesh,31.8,20.1,25.9,47.6,0.0,7.1,111,Moderate,1012.1,25.3
2025-04-23,Bhopal,Madhya Pradesh,33.2,20.1,26.6,49.9,0.0,8.1,16,Good,1009.4,0.0
2025-04-24,Bhopal,Madhya Pradesh,34.3,22.5,28.4,49.3,0.0,6.5,58,Satisfactory,1008.7,17.9
2025-04-25,Bhopal,Madhya Pradesh,33.8,22.9,28.3,36.1,0.0,7.9,97,Satisfactory,1008.0,18.3
2025-04-26,Bhopal,Madhya Pradesh,36.0,23.7,29.9,54.3,0.0,21.7,26,Good,1006.6,22.5
2025-04-27,Bhopal,Madhya Pradesh,35.9,25.3,30.6,47.2,0.0,10.1,107,Moderate,1006.7,31.8
2025-04-28,Bhopal,Madhya Pradesh,37.5,24.5,31.0,48.8,0.0,9.4,71,Satisfactory,1007.0,14.8
2025-04-29,Bhopal,Madhya Pradesh,35.5,25.3,30.4,52.5,0.0,7.7,30,Good,1008.5,39.5
2025-04-30,Bhopal,Madhya Pradesh,35.4,23.7,29.6,37.6,0.0,10.2,65,Satisfactory,1008.9,7.9
2025-05-01,Bhopal,Madhya Pradesh,35.0,24.5,29.7,46.9,6.0,7.6,36,Good,1005.2,31.5
2025-05-02,Bhopal,Madhya Pradesh,36.7,24.0,30.4,35.6,0.0,13.7,31,Good,1006.8,14.5
2025-05-03,Bhopal,Madhya Pradesh,36.2,25.8,31.0,46.3,0.0,12.0,17,Good,1004.9,38.1
2025-05-04,Bhopal,Madhya Pradesh,34.5,23.9,29.2,49.9,0.0,7.7,35,Good,1006.2,26.4
2025-05-05,Bhopal,Madhya Pradesh,36.8,22.3,29.5,45.1,0.0,8.3,62,Satisfactory,1006.7,6.6
2025-05-06,Bhopal,Madhya Pradesh,34.9,24.7,29.8,45.6,1.1,10.4,19,Good,1008.2,25.2
2025-05-07,Bhopal,Madhya Pradesh,35.7,23.2,29.4,49.3,0.0,8.5,15,Good,1005.9,30.1
2025-05-08,Bhopal,Madhya Pradesh,35.3,22.9,29.1,51.2,0.0,9.8,47,Good,1007.0,28.3
2025-05-09,Bhopal,Madhya Pradesh,34.1,22.1,28.1,55.5,0.0,13.4,22,Good,1004.1,30.8
2025-05-10,Bhopal,Madhya Pradesh,36.7,24.2,30.5,45.7,0.0,12.5,49,Good,1003.1,22.2
2025-05-11,Bhopal,Madhya Pradesh,33.6,22.5,28.1,49.5,0.0,8.4,21,Good,1005.4,19.4
2025-05-12,Bhopal,Madhya Pradesh,34.7,22.4,28.6,40.7,0.0,10.2,55,Satisfactory,1012.3,4.5
2025-05-13,Bhopal,Madhya Pradesh,33.1,20.6,26.9,49.6,0.0,7.1,55,Satisfactory,1004.4,37.2
2025-05-14,Bhopal,Madhya Pradesh,29.9,18.4,24.1,64.0,0.0,8.1,47,Good,1006.9,38.4
2025-05-15,Bhopal,Madhya Pradesh,31.8,22.2,27.0,68.2,0.0,10.6,15,Good,1006.4,56.9
2025-05-16,Bhopal,Madhya Pradesh,33.8,23.3,28.5,54.7,0.0,9.7,27,Good,1005.1,29.3
2025-05-17,Bhopal,Madhya Pradesh,34.8,25.0,29.9,52.4,0.0,8.8,50,Good,1003.3,33.5
2025-05-18,Bhopal,Madhya Pradesh,34.1,24.5,29.3,52.3,0.0,8.3,18,Good,1005.6,32.8
2025-05-19,Bhopal,Madhya Pradesh,30.9,21.7,26.3,66.1,4.4,9.1,15,Good,1003.3,45.3
2025-05-20,Bhopal,Madhya Pradesh,32.8,21.8,27.3,35.9,0.0,16.3,15,Good,1005.5,26.0
2025-05-21,Bhopal,Madhya Pradesh,34.9,24.1,29.5,67.4,0.0,10.2,15,Good,1002.8,34.7
2025-05-22,Bhopal,Madhya Pradesh,37.3,25.4,31.3,55.0,0.0,8.8,15,Good,1005.3,32.6
2025-05-23,Bhopal,Madhya Pradesh,36.0,24.0,30.0,45.9,10.2,8.2,15,Good,999.9,44.1
2025-05-24,Bhopal,Madhya Pradesh,34.2,24.4,29.3,76.7,0.0,8.9,39,Good,1003.3,66.0
2025-05-25,Bhopal,Madhya Pradesh,31.8,23.0,27.4,48.8,0.0,8.7,35,Good,1001.7,41.4
2025-05-26,Bhopal,Madhya Pradesh,33.9,22.9,28.4,43.8,0.0,8.2,15,Good,1005.2,16.8
2025-05-27,Bhopal,Madhya Pradesh,34.9,24.4,29.7,51.0,0.0,9.3,15,Good,1004.7,20.6
2025-05-28,Bhopal,Madhya Pradesh,34.8,24.5,29.6,62.2,0.0,10.2,15,Good,997.6,52.6
2025-05-29,Bhopal,Madhya Pradesh,37.5,24.9,31.2,60.0,0.6,8.3,29,Good,999.8,14.4
2025-05-30,Bhopal,Madhya Pradesh,36.4,27.1,31.8,58.5,0.0,13.4,15,Good,1003.8,42.7
2025-05-31,Bhopal,Madhya Pradesh,37.2,26.6,31.9,53.6,17.5,9.4,15,Good,1001.5,28.8
2025-06-01,Bhopal,Madhya Pradesh,35.8,28.3,32.0,67.2,0.0,9.9,15,Good,1002.8,77.6
2025-06-02,Bhopal,Madhya Pradesh,37.8,26.3,32.1,55.9,0.0,11.5,15,Good,1001.4,23.7
2025-06-03,Bhopal,Madhya Pradesh,39.2,27.5,33.4,65.9,0.0,10.5,46,Good,1001.2,31.5
2025-06-04,Bhopal,Madhya Pradesh,34.6,25.6,30.1,72.0,9.3,9.1,15,Good,1003.7,54.6
2025-06-05,Bhopal,Madhya Pradesh,32.0,22.7,27.3,63.8,0.0,10.0,25,Good,999.9,43.0
2025-06-06,Bhopal,Madhya Pradesh,33.9,23.5,28.7,63.2,0.0,8.7,31,Good,1000.9,36.3
2025-06-07,Bhopal,Madhya Pradesh,34.1,24.1,29.1,55.3,0.0,13.9,15,Good,999.5,33.6
2025-06-08,Bhopal,Madhya Pradesh,35.0,24.8,29.9,68.8,17.8,9.7,15,Good,1001.7,38.4
2025-06-09,Bhopal,Madhya Pradesh,32.5,22.9,27.7,67.3,0.0,10.0,15,Good,999.0,37.2
2025-06-10,Bhopal,Madhya Pradesh,34.7,24.6,29.6,71.4,0.0,10.1,25,Good,1002.8,49.5
2025-06-11,Bhopal,Madhya Pradesh,32.5,24.4,28.4,80.5,0.0,12.9,15,Good,1000.1,78.3
2025-06-12,Bhopal,Madhya Pradesh,32.1,25.6,28.9,85.9,0.0,9.5,25,Good,1002.0,81.0
2025-06-13,Bhopal,Madhya Pradesh,35.1,26.4,30.7,75.3,0.0,9.9,40,Good,998.8,80.6
2025-06-14,Bhopal,Madhya Pradesh,36.4,27.4,31.9,70.6,0.0,11.6,37,Good,1001.4,50.4
2025-06-15,Bhopal,Madhya Pradesh,34.0,25.9,29.9,83.3,2.8,14.0,15,Good,1002.6,64.5
2025-06-16,Bhopal,Madhya Pradesh,33.8,24.3,29.1,74.4,17.2,11.7,15,Good,1001.9,57.7
2025-06-17,Bhopal,Madhya Pradesh,34.2,23.2,28.7,73.1,0.0,12.5,15,Good,998.6,45.7
2025-06-18,Bhopal,Madhya Pradesh,32.3,21.4,26.9,86.1,8.6,11.7,15,Good,1003.7,34.0
2025-06-19,Bhopal,Madhya Pradesh,33.2,23.3,28.3,72.4,6.4,11.6,15,Good,1001.6,34.7
2025-06-20,Bhopal,Madhya Pradesh,31.5,24.2,27.8,88.4,0.0,13.6,15,Good,999.0,62.8
2025-06-21,Bhopal,Madhya Pradesh,33.7,24.4,29.1,72.0,0.0,12.2,15,Good,1000.4,41.8
2025-06-22,Bhopal,Madhya Pradesh,33.2,24.2,28.7,75.4,27.8,16.8,15,Good,1002.9,50.9
2025-06-23,Bhopal,Madhya Pradesh,31.8,24.3,28.1,72.6,22.9,11.1,15,Good,998.1,68.6
2025-06-24,Bhopal,Madhya Pradesh,33.0,23.6,28.3,78.0,0.0,16.3,15,Good,997.9,31.6
2025-06-25,Bhopal,Madhya Pradesh,29.8,24.8,27.3,91.8,6.9,11.0,15,Good,999.6,86.3
2025-06-26,Bhopal,Madhya Pradesh,32.0,24.6,28.3,84.2,15.4,12.1,15,Good,996.7,66.8
2025-06-27,Bhopal,Madhya Pradesh,32.9,26.1,29.5,84.4,0.0,10.9,32,Good,999.3,61.0
2025-06-28,Bhopal,Madhya Pradesh,32.3,26.4,29.3,86.6,0.0,11.9,15,Good,1000.5,58.3
2025-06-29,Bhopal,Madhya Pradesh,31.9,26.3,29.1,79.2,10.1,11.3,15,Good,999.4,74.9
2025-06-30,Bhopal,Madhya Pradesh,34.3,26.9,30.6,81.9,0.0,11.3,28,Good,997.1,54.7
2025-07-01,Bhopal,Madhya Pradesh,31.2,26.6,28.9,99.1,5.3,11.0,15,Good,1000.8,88.5
2025-07-02,Bhopal,Madhya Pradesh,33.9,27.9,30.9,86.9,0.0,12.5,15,Good,998.0,81.8
2025-07-03,Bhopal,Madhya Pradesh,34.2,28.2,31.2,76.9,6.8,13.5,15,Good,996.6,60.1
2025-07-04,Bhopal,Madhya Pradesh,34.9,29.3,32.1,90.7,1.1,22.8,15,Good,998.4,67.7
2025-07-05,Bhopal,Madhya Pradesh,35.0,28.5,31.7,91.3,1.9,13.7,15,Good,1000.3,88.4
2025-07-06,Bhopal,Madhya Pradesh,34.5,27.6,31.0,89.1,8.6,13.2,15,Good,996.9,78.2
2025-07-07,Bhopal,Madhya Pradesh,36.2,29.4,32.8,84.3,3.8,12.0,15,Good,1000.8,68.9
2025-07-08,Bhopal,Madhya Pradesh,36.6,28.2,32.4,90.2,8.8,12.9,15,Good,997.8,62.6
2025-07-09,Bhopal,Madhya Pradesh,33.7,28.2,31.0,86.5,23.7,11.4,15,Good,998.3,72.9
2025-07-10,Bhopal,Madhya Pradesh,34.8,27.6,31.2,95.9,0.0,12.9,15,Good,998.1,69.1
2025-07-11,Bhopal,Madhya Pradesh,33.1,27.6,30.3,92.5,15.1,11.2,15,Good,997.0,80.3
2025-07-12,Bhopal,Madhya Pradesh,31.7,24.1,27.9,97.8,26.0,12.8,15,Good,996.3,73.5
2025-07-13,Bhopal,Madhya Pradesh,32.1,25.1,28.6,95.0,24.0,22.8,15,Good,1002.5,64.4
2025-07-14,Bhopal,Madhya Pradesh,30.4,26.6,28.5,91.4,13.7,13.4,15,Good,996.3,93.8
2025-07-15,Bhopal,Madhya Pradesh,32.6,26.0,29.3,97.6,25.9,18.5,15,Good,1000.9,85.9
2025-07-16,Bhopal,Madhya Pradesh,33.4,27.1,30.2,88.6,3.6,22.4,15,Good,1001.6,64.2
2025-07-17,Bhopal,Madhya Pradesh,32.3,27.3,29.8,95.1,6.1,11.7,15,Good,996.9,70.4
2025-07-18,Bhopal,Madhya Pradesh,33.4,26.9,30.2,95.4,0.0,14.1,15,Good,999.4,88.7
2025-07-19,Bhopal,Madhya Pradesh,34.1,27.0,30.6,81.4,0.0,11.8,15,Good,999.5,67.0
2025-07-20,Bhopal,Madhya Pradesh,33.5,28.5,31.0,96.6,16.2,12.0,15,Good,999.4,76.2
2025-07-21,Bhopal,Madhya Pradesh,34.4,28.5,31.4,80.9,9.3,12.7,27,Good,996.7,74.4
2025-07-22,Bhopal,Madhya Pradesh,34.5,28.3,31.4,91.5,8.3,13.8,15,Good,997.2,68.5
2025-07-23,Bhopal,Madhya Pradesh,33.2,27.5,30.3,100.0,0.0,12.2,15,Good,1000.0,64.5
2025-07-24,Bhopal,Madhya Pradesh,31.6,26.9,29.3,100.0,17.5,14.0,15,Good,995.4,79.2
2025-07-25,Bhopal,Madhya Pradesh,33.0,26.6,29.8,93.6,16.9,19.6,15,Good,994.6,66.6
2025-07-26,Bhopal,Madhya Pradesh,34.6,27.4,31.0,89.0,18.5,14.7,15,Good,998.6,70.5
2025-07-27,Bhopal,Madhya Pradesh,33.1,27.5,30.3,96.2,13.3,19.9,15,Good,998.3,91.0
2025-07-28,Bhopal,Madhya Pradesh,32.9,27.2,30.1,97.1,4.4,12.6,15,Good,999.1,69.1
2025-07-29,Bhopal,Madhya Pradesh,32.4,26.4,29.4,91.9,0.0,12.5,16,Good,997.6,85.8
2025-07-30,Bhopal,Madhya Pradesh,34.7,28.4,31.5,97.4,7.3,12.2,15,Good,1000.1,91.2
2025-07-31,Bhopal,Madhya Pradesh,34.1,29.1,31.6,87.5,25.5,14.8,15,Good,1000.3,76.0
2025-08-01,Bhopal,Madhya Pradesh,34.7,28.7,31.7,91.9,14.7,12.0,15,Good,999.0,84.3
2025-08-02,Bhopal,Madhya Pradesh,34.5,27.8,31.2,86.9,21.2,19.1,15,Good,996.3,65.1
2025-08-03,Bhopal,Madhya Pradesh,29.6,24.9,27.3,99.3,10.1,11.6,15,Good,1002.2,89.4
2025-08-04,Bhopal,Madhya Pradesh,29.2,24.1,26.7,99.9,16.8,12.0,18,Good,996.9,88.0
2025-08-05,Bhopal,Madhya Pradesh,29.5,24.4,27.0,100.0,7.5,12.5,15,Good,997.9,98.7
2025-08-06,Bhopal,Madhya Pradesh,27.6,24.2,25.9,97.8,5.8,11.6,15,Good,1002.4,94.8
2025-08-07,Bhopal,Madhya Pradesh,28.5,22.9,25.7,97.2,44.0,12.3,15,Good,998.8,81.7
2025-08-08,Bhopal,Madhya Pradesh,30.6,26.6,28.6,100.0,6.0,15.5,15,Good,998.9,100.0
2025-08-09,Bhopal,Madhya Pradesh,31.0,25.8,28.4,94.0,0.0,13.1,15,Good,1000.9,87.6
2025-08-10,Bhopal,Madhya Pradesh,28.1,23.5,25.8,97.6,17.2,15.3,15,Good,1003.3,93.9
2025-08-11,Bhopal,Madhya Pradesh,29.6,23.7,26.6,93.4,17.2,16.5,52,Satisfactory,1002.6,68.5
2025-08-12,Bhopal,Madhya Pradesh,33.2,24.6,28.9,84.7,17.7,12.0,15,Good,1003.6,67.7
2025-08-13,Bhopal,Madhya Pradesh,30.2,26.5,28.3,90.4,7.9,13.9,56,Satisfactory,1000.3,73.5
2025-08-14,Bhopal,Madhya Pradesh,33.4,25.4,29.4,80.4,15.0,12.3,33,Good,999.4,57.0
2025-08-15,Bhopal,Madhya Pradesh,36.2,28.9,32.6,82.6,0.0,11.7,15,Good,997.8,68.9
2025-08-16,Bhopal,Madhya Pradesh,33.5,26.7,30.1,96.2,0.0,12.1,31,Good,1001.5,68.5
2025-08-17,Bhopal,Madhya Pradesh,32.2,26.2,29.2,88.3,0.4,17.4,26,Good,1002.2,84.0
2025-08-18,Bhopal,Madhya Pradesh,31.8,25.4,28.6,90.2,5.9,14.7,28,Good,1006.9,84.6
2025-08-19,Bhopal,Madhya Pradesh,30.7,24.5,27.6,72.8,11.4,15.8,15,Good,1003.7,69.6
2025-08-20,Bhopal,Madhya Pradesh,33.2,26.1,29.6,84.2,1.6,11.6,30,Good,998.7,60.6
2025-08-21,Bhopal,Madhya Pradesh,33.5,28.4,30.9,96.6,7.1,10.6,61,Satisfactory,1004.2,89.2
2025-08-22,Bhopal,Madhya Pradesh,34.3,25.0,29.7,72.7,11.2,13.1,15,Good,1000.8,42.7
2025-08-23,Bhopal,Madhya Pradesh,33.5,24.2,28.9,82.1,11.4,17.2,29,Good,1000.3,41.8
2025-08-24,Bhopal,Madhya Pradesh,31.9,26.0,28.9,79.0,0.0,11.6,58,Satisfactory,1005.2,69.2
2025-08-25,Bhopal,Madhya Pradesh,34.6,27.0,30.8,69.7,14.5,15.7,15,Good,1004.4,59.4
2025-08-26,Bhopal,Madhya Pradesh,33.9,26.5,30.2,74.7,0.0,15.7,15,Good,1005.3,55.5
2025-08-27,Bhopal,Madhya Pradesh,34.7,26.0,30.3,68.0,23.9,15.9,15,Good,1002.1,33.1
2025-08-28,Bhopal,Madhya Pradesh,35.3,26.9,31.1,73.4,5.7,12.7,49,Good,1007.8,45.0
2025-08-29,Bhopal,Madhya Pradesh,33.6,28.1,30.9,77.9,0.0,12.1,38,Good,1005.4,77.1
2025-08-30,Bhopal,Madhya Pradesh,33.7,28.6,31.1,72.9,5.5,13.4,19,Good,1001.8,73.6
2025-08-31,Bhopal,Madhya Pradesh,32.7,25.2,29.0,80.0,0.0,15.3,34,Good,1009.0,66.6
2025-09-01,Bhopal,Madhya Pradesh,34.3,24.2,29.2,77.2,0.0,13.0,49,Good,1005.8,43.0
2025-09-02,Bhopal,Madhya Pradesh,33.9,25.4,29.6,74.9,3.9,12.7,35,Good,1004.7,48.5
2025-09-03,Bhopal,Madhya Pradesh,35.6,25.7,30.7,70.6,0.0,10.4,85,Satisfactory,1003.6,45.9
2025-09-04,Bhopal,Madhya Pradesh,34.0,23.9,28.9,69.2,9.8,12.4,37,Good,999.0,42.1
2025-09-05,Bhopal,Madhya Pradesh,33.4,25.0,29.2,71.8,0.0,11.9,65,Satisfactory,1007.1,42.8
2025-09-06,Bhopal,Madhya Pradesh,31.0,22.9,27.0,68.7,0.0,18.2,15,Good,1005.2,49.4
2025-09-07,Bhopal,Madhya Pradesh,29.7,20.9,25.3,72.0,0.0,13.0,56,Satisfactory,1006.6,30.1
2025-09-08,Bhopal,Madhya Pradesh,29.9,21.8,25.9,68.3,3.9,11.8,38,Good,1007.0,66.0
2025-09-09,Bhopal,Madhya Pradesh,32.1,22.3,27.2,60.0,0.0,10.0,48,Good,1005.3,45.8
2025-09-10,Bhopal,Madhya Pradesh,32.9,23.2,28.1,69.1,0.0,9.0,97,Satisfactory,1008.0,39.2
2025-09-11,Bhopal,Madhya Pradesh,33.4,23.3,28.3,56.4,0.0,9.4,49,Good,1005.4,23.1
2025-09-12,Bhopal,Madhya Pradesh,31.5,23.0,27.3,65.4,0.0,17.8,32,Good,1004.4,55.8
2025-09-13,Bhopal,Madhya Pradesh,34.6,23.3,28.9,56.1,0.0,10.2,27,Good,1007.5,28.3
2025-09-14,Bhopal,Madhya Pradesh,32.0,22.3,27.1,69.9,6.3,11.6,38,Good,1007.0,49.9
2025-09-15,Bhopal,Madhya Pradesh,32.5,21.5,27.0,58.1,0.0,9.4,33,Good,1004.5,30.0
2025-09-16,Bhopal,Madhya Pradesh,34.0,24.0,29.0,69.6,0.0,8.4,100,Moderate,1005.6,41.8
2025-09-17,Bhopal,Madhya Pradesh,34.0,21.7,27.9,62.5,15.1,10.0,66,Satisfactory,1008.9,22.0
2025-09-18,Bhopal,Madhya Pradesh,30.9,21.8,26.4,64.0,0.0,13.4,82,Satisfactory,1009.5,37.7
2025-09-19,Bhopal,Madhya Pradesh,31.5,22.0,26.8,69.9,0.0,8.6,89,Satisfactory,1012.1,37.9
2025-09-20,Bhopal,Madhya Pradesh,30.7,21.7,26.2,57.9,0.0,8.2,60,Satisfactory,1012.0,40.8
2025-09-21,Bhopal,Madhya Pradesh,28.7,19.8,24.3,66.5,0.0,8.2,101,Moderate,1011.3,51.2
2025-09-22,Bhopal,Madhya Pradesh,32.2,21.0,26.6,50.5,0.0,8.7,79,Satisfactory,1008.6,43.9
2025-09-23,Bhopal,Madhya Pradesh,33.7,25.5,29.6,59.3,0.0,10.1,94,Satisfactory,1008.3,56.0
2025-09-24,Bhopal,Madhya Pradesh,35.2,24.0,29.6,45.5,0.0,8.7,26,Good,1010.4,13.3
2025-09-25,Bhopal,Madhya Pradesh,31.0,24.2,27.6,68.7,0.0,10.8,56,Satisfactory,1012.3,63.1
2025-09-26,Bhopal,Madhya Pradesh,33.5,23.1,28.3,65.7,6.6,9.6,66,Satisfactory,1011.5,45.8
2025-09-27,Bhopal,Madhya Pradesh,32.5,21.4,27.0,54.4,0.0,8.4,99,Satisfactory,1010.0,26.6
2025-09-28,Bhopal,Madhya Pradesh,33.5,22.3,27.9,70.3,4.8,17.9,30,Good,1011.3,45.4
2025-09-29,Bhopal,Madhya Pradesh,31.1,20.7,25.9,58.2,0.0,8.9,144,Moderate,1011.1,56.8
2025-09-30,Bhopal,Madhya Pradesh,31.5,22.9,27.2,52.8,0.0,8.8,124,Moderate,1007.3,46.2
2025-10-01,Bhopal,Madhya Pradesh,33.6,21.7,27.6,48.7,0.0,9.4,125,Moderate,1011.1,15.9
2025-10-02,Bhopal,Madhya Pradesh,31.1,18.9,25.0,58.3,7.4,9.4,123,Moderate,1011.7,31.3
2025-10-03,Bhopal,Madhya Pradesh,30.5,20.9,25.7,62.3,8.8,9.4,103,Moderate,1014.1,40.2
2025-10-04,Bhopal,Madhya Pradesh,33.8,21.6,27.7,56.9,0.0,9.7,75,Satisfactory,1009.9,27.5
2025-10-05,Bhopal,Madhya Pradesh,31.6,23.4,27.5,52.4,0.0,13.5,102,Moderate,1010.4,33.6
2025-10-06,Bhopal,Madhya Pradesh,32.2,21.5,26.8,60.1,0.0,11.2,89,Satisfactory,1014.9,34.5
2025-10-07,Bhopal,Madhya Pradesh,32.0,20.4,26.2,47.5,0.0,8.9,102,Moderate,1011.3,13.4
2025-10-08,Bhopal,Madhya Pradesh,33.1,21.9,27.5,70.0,0.0,13.2,116,Moderate,1011.6,43.5
2025-10-09,Bhopal,Madhya Pradesh,30.8,19.9,25.4,58.7,0.0,8.0,100,Moderate,1014.7,28.0
2025-10-10,Bhopal,Madhya Pradesh,32.4,20.1,26.2,41.7,0.0,8.1,100,Moderate,1015.1,25.1
2025-10-11,Bhopal,Madhya Pradesh,32.0,19.1,25.6,47.0,0.0,13.6,122,Moderate,1016.9,13.0
2025-10-12,Bhopal,Madhya Pradesh,33.7,22.7,28.2,45.0,0.0,16.3,78,Satisfactory,1012.8,20.2
2025-10-13,Bhopal,Madhya Pradesh,32.5,20.9,26.7,64.0,0.0,8.3,112,Moderate,1013.5,37.2
2025-10-14,Bhopal,Madhya Pradesh,34.0,22.0,28.0,45.1,0.0,9.6,115,Moderate,1013.6,26.2
2025-10-15,Bhopal,Madhya Pradesh,31.7,22.2,26.9,40.7,0.0,7.4,137,Moderate,1013.2,33.0
2025-10-16,Bhopal,Madhya Pradesh,32.5,20.2,26.4,54.9,0.0,7.0,143,Moderate,1015.6,22.6
2025-10-17,Bhopal,Madhya Pradesh,33.5,22.3,27.9,34.3,0.0,9.4,107,Moderate,1013.8,23.0
2025-10-18,Bhopal,Madhya Pradesh,33.5,19.7,26.6,42.6,0.0,7.9,90,Satisfactory,1012.6,0.0
2025-10-19,Bhopal,Madhya Pradesh,31.6,19.9,25.7,55.0,0.0,7.0,159,Moderate,1011.9,27.9
2025-10-20,Bhopal,Madhya Pradesh,31.1,18.1,24.6,48.0,0.0,11.0,73,Satisfactory,1015.7,20.0
2025-10-21,Bhopal,Madhya Pradesh,30.6,18.2,24.4,58.6,0.0,11.0,133,Moderate,1017.4,27.0
2025-10-22,Bhopal,Madhya Pradesh,28.3,15.7,22.0,49.2,0.0,12.2,121,Moderate,1015.6,0.0
2025-10-23,Bhopal,Madhya Pradesh,28.1,19.3,23.7,53.9,7.2,7.0,137,Moderate,1014.1,57.8
2025-10-24,Bhopal,Madhya Pradesh,28.4,16.9,22.6,52.8,0.0,8.9,141,Moderate,1020.2,23.7
2025-10-25,Bhopal,Madhya Pradesh,29.5,17.1,23.3,60.8,0.0,7.7,133,Moderate,1016.4,28.5
2025-10-26,Bhopal,Madhya Pradesh,29.0,17.9,23.4,52.8,0.0,7.3,139,Moderate,1019.0,27.1
2025-10-27,Bhopal,Madhya Pradesh,27.3,14.9,21.1,54.0,0.0,11.1,140,Moderate,1020.1,18.4
2025-10-28,Bhopal,Madhya Pradesh,26.6,14.3,20.5,56.3,0.0,9.1,145,Moderate,1021.4,28.9
2025-10-29,Bhopal,Madhya Pradesh,27.8,17.0,22.4,50.9,3.6,8.6,78,Satisfactory,1017.9,38.2
2025-10-30,Bhopal,Madhya Pradesh,29.2,15.7,22.4,42.9,0.0,11.4,135,Moderate,1015.2,23.8
2025-10-31,Bhopal,Madhya Pradesh,25.1,14.6,19.8,57.4,0.0,8.7,162,Moderate,1015.2,34.7
2025-11-01,Bhopal,Madhya Pradesh,26.6,14.9,20.7,61.5,0.0,7.2,134,Moderate,1018.3,32.7
2025-11-02,Bhopal,Madhya Pradesh,25.5,13.9,19.7,57.8,0.0,6.6,163,Moderate,1022.7,32.2
2025-11-03,Bhopal,Madhya Pradesh,25.3,15.1,20.2,51.1,0.0,9.1,170,Moderate,1019.4,47.8
2025-11-04,Bhopal,Madhya Pradesh,24.6,15.2,19.9,55.5,0.0,7.0,157,Moderate,1022.2,26.8
2025-11-05,Bhopal,Madhya Pradesh,28.1,16.3,22.2,54.6,0.0,8.2,156,Moderate,1017.1,19.2
2025-11-06,Bhopal,Madhya Pradesh,26.8,16.5,21.6,56.4,0.0,8.4,124,Moderate,1022.2,19.9
2025-11-07,Bhopal,Madhya Pradesh,30.5,19.2,24.8,52.0,0.0,11.7,144,Moderate,1019.9,24.1
2025-11-08,Bhopal,Madhya Pradesh,32.2,18.9,25.6,44.3,0.0,7.0,171,Moderate,1018.7,0.0
2025-11-09,Bhopal,Madhya Pradesh,29.6,16.6,23.1,50.1,0.0,9.7,145,Moderate,1021.2,38.7
2025-11-10,Bhopal,Madhya Pradesh,29.1,16.0,22.6,47.7,0.0,9.3,148,Moderate,1018.4,15.9
2025-11-11,Bhopal,Madhya Pradesh,28.1,16.9,22.5,54.1,0.0,9.3,169,Moderate,1020.6,17.9
2025-11-12,Bhopal,Madhya Pradesh,30.1,16.5,23.3,40.4,0.0,9.6,166,Moderate,1017.9,0.3
2025-11-13,Bhopal,Madhya Pradesh,30.8,18.2,24.5,43.4,0.0,8.4,173,Moderate,1018.2,19.2
2025-11-14,Bhopal,Madhya Pradesh,28.2,14.6,21.4,49.5,0.0,10.1,125,Moderate,1018.5,0.5
2025-11-15,Bhopal,Madhya Pradesh,28.8,15.3,22.1,47.2,0.0,6.3,180,Moderate,1018.5,0.0
2025-11-16,Bhopal,Madhya Pradesh,27.0,14.7,20.8,55.6,0.0,10.0,127,Moderate,1017.3,9.3
2025-11-17,Bhopal,Madhya Pradesh,28.4,15.6,22.0,53.2,5.3,12.0,147,Moderate,1025.1,15.3
2025-11-18,Bhopal,Madhya Pradesh,29.9,16.6,23.2,42.9,0.0,18.8,184,Moderate,1017.9,5.9
2025-11-19,Bhopal,Madhya Pradesh,29.4,16.7,23.1,57.0,0.0,15.7,163,Moderate,1022.5,21.9
2025-11-20,Bhopal,Madhya Pradesh,29.1,17.2,23.2,53.6,0.0,7.1,181,Moderate,1017.2,34.9
2025-11-21,Bhopal,Madhya Pradesh,29.2,16.4,22.8,52.8,0.0,8.3,153,Moderate,1019.6,20.9
2025-11-22,Bhopal,Madhya Pradesh,26.6,13.0,19.8,45.1,0.0,8.2,207,Poor,1021.0,0.0
2025-11-23,Bhopal,Madhya Pradesh,26.3,14.3,20.3,53.1,0.0,14.9,163,Moderate,1024.5,18.9
2025-11-24,Bhopal,Madhya Pradesh,24.8,12.5,18.7,51.3,0.0,15.2,106,Moderate,1022.9,28.2
2025-11-25,Bhopal,Madhya Pradesh,24.1,12.4,18.2,40.7,0.0,11.6,152,Moderate,1020.3,15.0
2025-11-26,Bhopal,Madhya Pradesh,23.0,13.7,18.4,62.3,0.0,8.5,182,Moderate,1022.0,24.5
2025-11-27,Bhopal,Madhya Pradesh,21.5,11.4,16.4,50.4,0.0,8.5,172,Moderate,1025.5,24.8
2025-11-28,Bhopal,Madhya Pradesh,21.7,10.5,16.1,48.0,0.0,12.3,192,Moderate,1025.4,5.8
2025-11-29,Bhopal,Madhya Pradesh,21.0,9.6,15.3,55.5,0.0,7.5,157,Moderate,1022.3,38.5
2025-11-30,Bhopal,Madhya Pradesh,22.3,9.9,16.1,62.4,0.0,11.3,176,Moderate,1020.5,17.0
2025-12-01,Bhopal,Madhya Pradesh,24.2,11.0,17.6,54.2,0.0,6.8,171,Moderate,1021.8,15.5
2025-12-02,Bhopal,Madhya Pradesh,23.6,11.4,17.5,57.5,0.0,7.3,188,Moderate,1024.6,26.4
2025-12-03,Bhopal,Madhya Pradesh,24.6,10.1,17.3,53.4,0.0,14.0,156,Moderate,1019.8,0.0
2025-12-04,Bhopal,Madhya Pradesh,25.0,12.9,19.0,59.3,0.0,10.2,180,Moderate,1022.6,36.8
2025-12-05,Bhopal,Madhya Pradesh,27.5,13.3,20.4,48.4,0.0,8.4,217,Poor,1020.2,4.4
2025-12-06,Bhopal,Madhya Pradesh,24.8,13.4,19.1,58.0,0.0,8.3,150,Moderate,1022.1,44.2
2025-12-07,Bhopal,Madhya Pradesh,25.3,12.6,18.9,62.5,0.0,6.8,235,Poor,1024.2,34.7
2025-12-08,Bhopal,Madhya Pradesh,27.7,12.4,20.1,41.4,0.0,8.7,261,Poor,1022.8,4.0
2025-12-09,Bhopal,Madhya Pradesh,25.8,13.8,19.8,47.3,0.0,14.9,159,Moderate,1024.4,22.9
2025-12-10,Bhopal,Madhya Pradesh,29.5,14.7,22.1,49.0,0.0,8.5,217,Poor,1024.9,3.5
2025-12-11,Bhopal,Madhya Pradesh,27.9,15.1,21.5,47.5,0.0,6.9,211,Poor,1030.1,1.8
2025-12-12,Bhopal,Madhya Pradesh,28.7,15.8,22.2,43.1,0.0,6.4,210,Poor,1024.3,0.0
2025-12-13,Bhopal,Madhya Pradesh,26.4,13.2,19.8,64.5,1.4,7.3,173,Moderate,1024.4,27.0
2025-12-14,Bhopal,Madhya Pradesh,27.0,14.2,20.6,42.6,0.0,9.6,165,Moderate,1021.8,11.2
2025-12-15,Bhopal,Madhya Pradesh,24.6,14.8,19.7,53.4,0.0,7.4,182,Moderate,1025.2,29.0
2025-12-16,Bhopal,Madhya Pradesh,23.9,13.1,18.5,53.9,0.0,8.2,181,Moderate,1026.9,21.9
2025-12-17,Bhopal,Madhya Pradesh,23.1,10.6,16.9,47.4,0.0,11.8,154,Moderate,1022.9,2.6
2025-12-18,Bhopal,Madhya Pradesh,23.6,13.4,18.5,51.0,0.0,7.9,175,Moderate,1022.7,30.4
2025-12-19,Bhopal,Madhya Pradesh,24.5,12.2,18.3,51.9,0.0,12.7,202,Poor,1022.6,25.9
2025-12-20,Bhopal,Madhya Pradesh,23.1,11.3,17.2,59.3,0.0,7.3,228,Poor,1021.6,12.6
2025-12-21,Bhopal,Madhya Pradesh,22.9,12.0,17.5,53.7,0.0,9.2,170,Moderate,1024.2,32.8
2025-12-22,Bhopal,Madhya Pradesh,23.6,11.8,17.7,53.5,0.0,8.7,245,Poor,1021.5,15.2
2025-12-23,Bhopal,Madhya Pradesh,19.9,8.4,14.2,50.0,0.0,7.6,163,Moderate,1025.0,10.0
2025-12-24,Bhopal,Madhya Pradesh,19.4,8.5,14.0,58.6,0.0,8.9,165,Moderate,1025.9,18.4
2025-12-25,Bhopal,Madhya Pradesh,20.0,6.8,13.4,60.4,9.7,13.9,128,Moderate,1026.0,16.2
2025-12-26,Bhopal,Madhya Pradesh,23.0,9.2,16.1,48.4,0.0,8.8,152,Moderate,1023.7,0.0
2025-12-27,Bhopal,Madhya Pradesh,22.4,12.1,17.3,52.0,0.0,11.2,211,Poor,1021.3,0.0
2025-12-28,Bhopal,Madhya Pradesh,23.6,13.6,18.6,55.9,0.0,9.0,181,Moderate,1026.4,41.3
2025-12-29,Bhopal,Madhya Pradesh,24.9,12.8,18.8,54.9,0.0,6.5,197,Moderate,1020.4,33.9
2025-12-30,Bhopal,Madhya Pradesh,23.9,12.6,18.2,58.5,0.0,7.6,187,Moderate,1024.3,39.1
2025-12-31,Bhopal,Madhya Pradesh,25.1,11.6,18.4,56.0,0.0,7.3,167,Moderate,1027.1,30.9
